event_cell_id,census_cell_id,experiment,comparison,threshold_mm,status,census_n_eligible,floor_rule
B3|shared-data:ecmwf_ifs025+gfs_global+icon_global|-|precip_0830|L1|region=islands|all|all|T115.6,A3|shared-data:ecmwf_ifs025+gfs_global+icon_global|-|precip_0830|L1|region=islands|all|all,B3,shared-data:ecmwf_ifs025+gfs_global+icon_global,115.6,insufficient sample,0,"region: n >= 300, dates >= 60, points >= 3"
B3|shared-data:ecmwf_ifs025+gfs_global+icon_global|-|precip_0830|L1|region=islands|all|all|T35.6,A3|shared-data:ecmwf_ifs025+gfs_global+icon_global|-|precip_0830|L1|region=islands|all|all,B3,shared-data:ecmwf_ifs025+gfs_global+icon_global,35.6,insufficient sample,0,"region: n >= 300, dates >= 60, points >= 3"
B3|shared-data:ecmwf_ifs025+gfs_global+icon_global|-|precip_0830|L1|region=islands|all|all|T64.5,A3|shared-data:ecmwf_ifs025+gfs_global+icon_global|-|precip_0830|L1|region=islands|all|all,B3,shared-data:ecmwf_ifs025+gfs_global+icon_global,64.5,insufficient sample,0,"region: n >= 300, dates >= 60, points >= 3"
B3|shared-data:ecmwf_ifs025+gfs_global+icon_global|-|precip_0830|L1|region=islands|monsoon|all|T115.6,A3|shared-data:ecmwf_ifs025+gfs_global+icon_global|-|precip_0830|L1|region=islands|monsoon|all,B3,shared-data:ecmwf_ifs025+gfs_global+icon_global,115.6,insufficient sample,0,"region: n >= 300, dates >= 60, points >= 3"
B3|shared-data:ecmwf_ifs025+gfs_global+icon_global|-|precip_0830|L1|region=islands|monsoon|all|T35.6,A3|shared-data:ecmwf_ifs025+gfs_global+icon_global|-|precip_0830|L1|region=islands|monsoon|all,B3,shared-data:ecmwf_ifs025+gfs_global+icon_global,35.6,insufficient sample,0,"region: n >= 300, dates >= 60, points >= 3"
B3|shared-data:ecmwf_ifs025+gfs_global+icon_global|-|precip_0830|L1|region=islands|monsoon|all|T64.5,A3|shared-data:ecmwf_ifs025+gfs_global+icon_global|-|precip_0830|L1|region=islands|monsoon|all,B3,shared-data:ecmwf_ifs025+gfs_global+icon_global,64.5,insufficient sample,0,"region: n >= 300, dates >= 60, points >= 3"
B3|shared-data:ecmwf_ifs025+gfs_global+icon_global|-|precip_0830|L1|region=islands|post-monsoon|all|T115.6,A3|shared-data:ecmwf_ifs025+gfs_global+icon_global|-|precip_0830|L1|region=islands|post-monsoon|all,B3,shared-data:ecmwf_ifs025+gfs_global+icon_global,115.6,insufficient sample,0,"region: n >= 300, dates >= 60, points >= 3"
B3|shared-data:ecmwf_ifs025+gfs_global+icon_global|-|precip_0830|L1|region=islands|post-monsoon|all|T35.6,A3|shared-data:ecmwf_ifs025+gfs_global+icon_global|-|precip_0830|L1|region=islands|post-monsoon|all,B3,shared-data:ecmwf_ifs025+gfs_global+icon_global,35.6,insufficient sample,0,"region: n >= 300, dates >= 60, points >= 3"
B3|shared-data:ecmwf_ifs025+gfs_global+icon_global|-|precip_0830|L1|region=islands|post-monsoon|all|T64.5,A3|shared-data:ecmwf_ifs025+gfs_global+icon_global|-|precip_0830|L1|region=islands|post-monsoon|all,B3,shared-data:ecmwf_ifs025+gfs_global+icon_global,64.5,insufficient sample,0,"region: n >= 300, dates >= 60, points >= 3"
B3|shared-data:ecmwf_ifs025+gfs_global+icon_global|-|precip_0830|L1|region=islands|pre-monsoon|all|T115.6,A3|shared-data:ecmwf_ifs025+gfs_global+icon_global|-|precip_0830|L1|region=islands|pre-monsoon|all,B3,shared-data:ecmwf_ifs025+gfs_global+icon_global,115.6,insufficient sample,0,"region: n >= 300, dates >= 60, points >= 3"
B3|shared-data:ecmwf_ifs025+gfs_global+icon_global|-|precip_0830|L1|region=islands|pre-monsoon|all|T35.6,A3|shared-data:ecmwf_ifs025+gfs_global+icon_global|-|precip_0830|L1|region=islands|pre-monsoon|all,B3,shared-data:ecmwf_ifs025+gfs_global+icon_global,35.6,insufficient sample,0,"region: n >= 300, dates >= 60, points >= 3"
B3|shared-data:ecmwf_ifs025+gfs_global+icon_global|-|precip_0830|L1|region=islands|pre-monsoon|all|T64.5,A3|shared-data:ecmwf_ifs025+gfs_global+icon_global|-|precip_0830|L1|region=islands|pre-monsoon|all,B3,shared-data:ecmwf_ifs025+gfs_global+icon_global,64.5,insufficient sample,0,"region: n >= 300, dates >= 60, points >= 3"
B3|shared-data:ecmwf_ifs025+gfs_global+icon_global|-|precip_0830|L1|region=islands|winter|all|T115.6,A3|shared-data:ecmwf_ifs025+gfs_global+icon_global|-|precip_0830|L1|region=islands|winter|all,B3,shared-data:ecmwf_ifs025+gfs_global+icon_global,115.6,insufficient sample,0,"region: n >= 300, dates >= 60, points >= 3"
B3|shared-data:ecmwf_ifs025+gfs_global+icon_global|-|precip_0830|L1|region=islands|winter|all|T35.6,A3|shared-data:ecmwf_ifs025+gfs_global+icon_global|-|precip_0830|L1|region=islands|winter|all,B3,shared-data:ecmwf_ifs025+gfs_global+icon_global,35.6,insufficient sample,0,"region: n >= 300, dates >= 60, points >= 3"
B3|shared-data:ecmwf_ifs025+gfs_global+icon_global|-|precip_0830|L1|region=islands|winter|all|T64.5,A3|shared-data:ecmwf_ifs025+gfs_global+icon_global|-|precip_0830|L1|region=islands|winter|all,B3,shared-data:ecmwf_ifs025+gfs_global+icon_global,64.5,insufficient sample,0,"region: n >= 300, dates >= 60, points >= 3"
B3|shared-data:ecmwf_ifs025+gfs_global+icon_global|-|precip_0830|L2|region=islands|all|all|T115.6,A3|shared-data:ecmwf_ifs025+gfs_global+icon_global|-|precip_0830|L2|region=islands|all|all,B3,shared-data:ecmwf_ifs025+gfs_global+icon_global,115.6,insufficient sample,0,"region: n >= 300, dates >= 60, points >= 3"
B3|shared-data:ecmwf_ifs025+gfs_global+icon_global|-|precip_0830|L2|region=islands|all|all|T35.6,A3|shared-data:ecmwf_ifs025+gfs_global+icon_global|-|precip_0830|L2|region=islands|all|all,B3,shared-data:ecmwf_ifs025+gfs_global+icon_global,35.6,insufficient sample,0,"region: n >= 300, dates >= 60, points >= 3"
B3|shared-data:ecmwf_ifs025+gfs_global+icon_global|-|precip_0830|L2|region=islands|all|all|T64.5,A3|shared-data:ecmwf_ifs025+gfs_global+icon_global|-|precip_0830|L2|region=islands|all|all,B3,shared-data:ecmwf_ifs025+gfs_global+icon_global,64.5,insufficient sample,0,"region: n >= 300, dates >= 60, points >= 3"
B3|shared-data:ecmwf_ifs025+gfs_global+icon_global|-|precip_0830|L2|region=islands|monsoon|all|T115.6,A3|shared-data:ecmwf_ifs025+gfs_global+icon_global|-|precip_0830|L2|region=islands|monsoon|all,B3,shared-data:ecmwf_ifs025+gfs_global+icon_global,115.6,insufficient sample,0,"region: n >= 300, dates >= 60, points >= 3"
B3|shared-data:ecmwf_ifs025+gfs_global+icon_global|-|precip_0830|L2|region=islands|monsoon|all|T35.6,A3|shared-data:ecmwf_ifs025+gfs_global+icon_global|-|precip_0830|L2|region=islands|monsoon|all,B3,shared-data:ecmwf_ifs025+gfs_global+icon_global,35.6,insufficient sample,0,"region: n >= 300, dates >= 60, points >= 3"
B3|shared-data:ecmwf_ifs025+gfs_global+icon_global|-|precip_0830|L2|region=islands|monsoon|all|T64.5,A3|shared-data:ecmwf_ifs025+gfs_global+icon_global|-|precip_0830|L2|region=islands|monsoon|all,B3,shared-data:ecmwf_ifs025+gfs_global+icon_global,64.5,insufficient sample,0,"region: n >= 300, dates >= 60, points >= 3"
B3|shared-data:ecmwf_ifs025+gfs_global+icon_global|-|precip_0830|L2|region=islands|post-monsoon|all|T115.6,A3|shared-data:ecmwf_ifs025+gfs_global+icon_global|-|precip_0830|L2|region=islands|post-monsoon|all,B3,shared-data:ecmwf_ifs025+gfs_global+icon_global,115.6,insufficient sample,0,"region: n >= 300, dates >= 60, points >= 3"
B3|shared-data:ecmwf_ifs025+gfs_global+icon_global|-|precip_0830|L2|region=islands|post-monsoon|all|T35.6,A3|shared-data:ecmwf_ifs025+gfs_global+icon_global|-|precip_0830|L2|region=islands|post-monsoon|all,B3,shared-data:ecmwf_ifs025+gfs_global+icon_global,35.6,insufficient sample,0,"region: n >= 300, dates >= 60, points >= 3"
B3|shared-data:ecmwf_ifs025+gfs_global+icon_global|-|precip_0830|L2|region=islands|post-monsoon|all|T64.5,A3|shared-data:ecmwf_ifs025+gfs_global+icon_global|-|precip_0830|L2|region=islands|post-monsoon|all,B3,shared-data:ecmwf_ifs025+gfs_global+icon_global,64.5,insufficient sample,0,"region: n >= 300, dates >= 60, points >= 3"
B3|shared-data:ecmwf_ifs025+gfs_global+icon_global|-|precip_0830|L2|region=islands|pre-monsoon|all|T115.6,A3|shared-data:ecmwf_ifs025+gfs_global+icon_global|-|precip_0830|L2|region=islands|pre-monsoon|all,B3,shared-data:ecmwf_ifs025+gfs_global+icon_global,115.6,insufficient sample,0,"region: n >= 300, dates >= 60, points >= 3"
B3|shared-data:ecmwf_ifs025+gfs_global+icon_global|-|precip_0830|L2|region=islands|pre-monsoon|all|T35.6,A3|shared-data:ecmwf_ifs025+gfs_global+icon_global|-|precip_0830|L2|region=islands|pre-monsoon|all,B3,shared-data:ecmwf_ifs025+gfs_global+icon_global,35.6,insufficient sample,0,"region: n >= 300, dates >= 60, points >= 3"
B3|shared-data:ecmwf_ifs025+gfs_global+icon_global|-|precip_0830|L2|region=islands|pre-monsoon|all|T64.5,A3|shared-data:ecmwf_ifs025+gfs_global+icon_global|-|precip_0830|L2|region=islands|pre-monsoon|all,B3,shared-data:ecmwf_ifs025+gfs_global+icon_global,64.5,insufficient sample,0,"region: n >= 300, dates >= 60, points >= 3"
B3|shared-data:ecmwf_ifs025+gfs_global+icon_global|-|precip_0830|L2|region=islands|winter|all|T115.6,A3|shared-data:ecmwf_ifs025+gfs_global+icon_global|-|precip_0830|L2|region=islands|winter|all,B3,shared-data:ecmwf_ifs025+gfs_global+icon_global,115.6,insufficient sample,0,"region: n >= 300, dates >= 60, points >= 3"
B3|shared-data:ecmwf_ifs025+gfs_global+icon_global|-|precip_0830|L2|region=islands|winter|all|T35.6,A3|shared-data:ecmwf_ifs025+gfs_global+icon_global|-|precip_0830|L2|region=islands|winter|all,B3,shared-data:ecmwf_ifs025+gfs_global+icon_global,35.6,insufficient sample,0,"region: n >= 300, dates >= 60, points >= 3"
B3|shared-data:ecmwf_ifs025+gfs_global+icon_global|-|precip_0830|L2|region=islands|winter|all|T64.5,A3|shared-data:ecmwf_ifs025+gfs_global+icon_global|-|precip_0830|L2|region=islands|winter|all,B3,shared-data:ecmwf_ifs025+gfs_global+icon_global,64.5,insufficient sample,0,"region: n >= 300, dates >= 60, points >= 3"
B3|shared-data:ecmwf_ifs025+gfs_global+icon_global|-|precip_0830|L3|region=islands|all|all|T115.6,A3|shared-data:ecmwf_ifs025+gfs_global+icon_global|-|precip_0830|L3|region=islands|all|all,B3,shared-data:ecmwf_ifs025+gfs_global+icon_global,115.6,insufficient sample,0,"region: n >= 300, dates >= 60, points >= 3"
B3|shared-data:ecmwf_ifs025+gfs_global+icon_global|-|precip_0830|L3|region=islands|all|all|T35.6,A3|shared-data:ecmwf_ifs025+gfs_global+icon_global|-|precip_0830|L3|region=islands|all|all,B3,shared-data:ecmwf_ifs025+gfs_global+icon_global,35.6,insufficient sample,0,"region: n >= 300, dates >= 60, points >= 3"
B3|shared-data:ecmwf_ifs025+gfs_global+icon_global|-|precip_0830|L3|region=islands|all|all|T64.5,A3|shared-data:ecmwf_ifs025+gfs_global+icon_global|-|precip_0830|L3|region=islands|all|all,B3,shared-data:ecmwf_ifs025+gfs_global+icon_global,64.5,insufficient sample,0,"region: n >= 300, dates >= 60, points >= 3"
B3|shared-data:ecmwf_ifs025+gfs_global+icon_global|-|precip_0830|L3|region=islands|monsoon|all|T115.6,A3|shared-data:ecmwf_ifs025+gfs_global+icon_global|-|precip_0830|L3|region=islands|monsoon|all,B3,shared-data:ecmwf_ifs025+gfs_global+icon_global,115.6,insufficient sample,0,"region: n >= 300, dates >= 60, points >= 3"
B3|shared-data:ecmwf_ifs025+gfs_global+icon_global|-|precip_0830|L3|region=islands|monsoon|all|T35.6,A3|shared-data:ecmwf_ifs025+gfs_global+icon_global|-|precip_0830|L3|region=islands|monsoon|all,B3,shared-data:ecmwf_ifs025+gfs_global+icon_global,35.6,insufficient sample,0,"region: n >= 300, dates >= 60, points >= 3"
B3|shared-data:ecmwf_ifs025+gfs_global+icon_global|-|precip_0830|L3|region=islands|monsoon|all|T64.5,A3|shared-data:ecmwf_ifs025+gfs_global+icon_global|-|precip_0830|L3|region=islands|monsoon|all,B3,shared-data:ecmwf_ifs025+gfs_global+icon_global,64.5,insufficient sample,0,"region: n >= 300, dates >= 60, points >= 3"
B3|shared-data:ecmwf_ifs025+gfs_global+icon_global|-|precip_0830|L3|region=islands|post-monsoon|all|T115.6,A3|shared-data:ecmwf_ifs025+gfs_global+icon_global|-|precip_0830|L3|region=islands|post-monsoon|all,B3,shared-data:ecmwf_ifs025+gfs_global+icon_global,115.6,insufficient sample,0,"region: n >= 300, dates >= 60, points >= 3"
B3|shared-data:ecmwf_ifs025+gfs_global+icon_global|-|precip_0830|L3|region=islands|post-monsoon|all|T35.6,A3|shared-data:ecmwf_ifs025+gfs_global+icon_global|-|precip_0830|L3|region=islands|post-monsoon|all,B3,shared-data:ecmwf_ifs025+gfs_global+icon_global,35.6,insufficient sample,0,"region: n >= 300, dates >= 60, points >= 3"
B3|shared-data:ecmwf_ifs025+gfs_global+icon_global|-|precip_0830|L3|region=islands|post-monsoon|all|T64.5,A3|shared-data:ecmwf_ifs025+gfs_global+icon_global|-|precip_0830|L3|region=islands|post-monsoon|all,B3,shared-data:ecmwf_ifs025+gfs_global+icon_global,64.5,insufficient sample,0,"region: n >= 300, dates >= 60, points >= 3"
B3|shared-data:ecmwf_ifs025+gfs_global+icon_global|-|precip_0830|L3|region=islands|pre-monsoon|all|T115.6,A3|shared-data:ecmwf_ifs025+gfs_global+icon_global|-|precip_0830|L3|region=islands|pre-monsoon|all,B3,shared-data:ecmwf_ifs025+gfs_global+icon_global,115.6,insufficient sample,0,"region: n >= 300, dates >= 60, points >= 3"
B3|shared-data:ecmwf_ifs025+gfs_global+icon_global|-|precip_0830|L3|region=islands|pre-monsoon|all|T35.6,A3|shared-data:ecmwf_ifs025+gfs_global+icon_global|-|precip_0830|L3|region=islands|pre-monsoon|all,B3,shared-data:ecmwf_ifs025+gfs_global+icon_global,35.6,insufficient sample,0,"region: n >= 300, dates >= 60, points >= 3"
B3|shared-data:ecmwf_ifs025+gfs_global+icon_global|-|precip_0830|L3|region=islands|pre-monsoon|all|T64.5,A3|shared-data:ecmwf_ifs025+gfs_global+icon_global|-|precip_0830|L3|region=islands|pre-monsoon|all,B3,shared-data:ecmwf_ifs025+gfs_global+icon_global,64.5,insufficient sample,0,"region: n >= 300, dates >= 60, points >= 3"
B3|shared-data:ecmwf_ifs025+gfs_global+icon_global|-|precip_0830|L3|region=islands|winter|all|T115.6,A3|shared-data:ecmwf_ifs025+gfs_global+icon_global|-|precip_0830|L3|region=islands|winter|all,B3,shared-data:ecmwf_ifs025+gfs_global+icon_global,115.6,insufficient sample,0,"region: n >= 300, dates >= 60, points >= 3"
B3|shared-data:ecmwf_ifs025+gfs_global+icon_global|-|precip_0830|L3|region=islands|winter|all|T35.6,A3|shared-data:ecmwf_ifs025+gfs_global+icon_global|-|precip_0830|L3|region=islands|winter|all,B3,shared-data:ecmwf_ifs025+gfs_global+icon_global,35.6,insufficient sample,0,"region: n >= 300, dates >= 60, points >= 3"
B3|shared-data:ecmwf_ifs025+gfs_global+icon_global|-|precip_0830|L3|region=islands|winter|all|T64.5,A3|shared-data:ecmwf_ifs025+gfs_global+icon_global|-|precip_0830|L3|region=islands|winter|all,B3,shared-data:ecmwf_ifs025+gfs_global+icon_global,64.5,insufficient sample,0,"region: n >= 300, dates >= 60, points >= 3"
B3|shared-data:ecmwf_ifs025+gfs_global+icon_global|-|precip_0830|L4|region=islands|all|all|T115.6,A3|shared-data:ecmwf_ifs025+gfs_global+icon_global|-|precip_0830|L4|region=islands|all|all,B3,shared-data:ecmwf_ifs025+gfs_global+icon_global,115.6,insufficient sample,0,"region: n >= 300, dates >= 60, points >= 3"
B3|shared-data:ecmwf_ifs025+gfs_global+icon_global|-|precip_0830|L4|region=islands|all|all|T35.6,A3|shared-data:ecmwf_ifs025+gfs_global+icon_global|-|precip_0830|L4|region=islands|all|all,B3,shared-data:ecmwf_ifs025+gfs_global+icon_global,35.6,insufficient sample,0,"region: n >= 300, dates >= 60, points >= 3"
B3|shared-data:ecmwf_ifs025+gfs_global+icon_global|-|precip_0830|L4|region=islands|all|all|T64.5,A3|shared-data:ecmwf_ifs025+gfs_global+icon_global|-|precip_0830|L4|region=islands|all|all,B3,shared-data:ecmwf_ifs025+gfs_global+icon_global,64.5,insufficient sample,0,"region: n >= 300, dates >= 60, points >= 3"
B3|shared-data:ecmwf_ifs025+gfs_global+icon_global|-|precip_0830|L4|region=islands|monsoon|all|T115.6,A3|shared-data:ecmwf_ifs025+gfs_global+icon_global|-|precip_0830|L4|region=islands|monsoon|all,B3,shared-data:ecmwf_ifs025+gfs_global+icon_global,115.6,insufficient sample,0,"region: n >= 300, dates >= 60, points >= 3"
B3|shared-data:ecmwf_ifs025+gfs_global+icon_global|-|precip_0830|L4|region=islands|monsoon|all|T35.6,A3|shared-data:ecmwf_ifs025+gfs_global+icon_global|-|precip_0830|L4|region=islands|monsoon|all,B3,shared-data:ecmwf_ifs025+gfs_global+icon_global,35.6,insufficient sample,0,"region: n >= 300, dates >= 60, points >= 3"
B3|shared-data:ecmwf_ifs025+gfs_global+icon_global|-|precip_0830|L4|region=islands|monsoon|all|T64.5,A3|shared-data:ecmwf_ifs025+gfs_global+icon_global|-|precip_0830|L4|region=islands|monsoon|all,B3,shared-data:ecmwf_ifs025+gfs_global+icon_global,64.5,insufficient sample,0,"region: n >= 300, dates >= 60, points >= 3"
B3|shared-data:ecmwf_ifs025+gfs_global+icon_global|-|precip_0830|L4|region=islands|post-monsoon|all|T115.6,A3|shared-data:ecmwf_ifs025+gfs_global+icon_global|-|precip_0830|L4|region=islands|post-monsoon|all,B3,shared-data:ecmwf_ifs025+gfs_global+icon_global,115.6,insufficient sample,0,"region: n >= 300, dates >= 60, points >= 3"
B3|shared-data:ecmwf_ifs025+gfs_global+icon_global|-|precip_0830|L4|region=islands|post-monsoon|all|T35.6,A3|shared-data:ecmwf_ifs025+gfs_global+icon_global|-|precip_0830|L4|region=islands|post-monsoon|all,B3,shared-data:ecmwf_ifs025+gfs_global+icon_global,35.6,insufficient sample,0,"region: n >= 300, dates >= 60, points >= 3"
B3|shared-data:ecmwf_ifs025+gfs_global+icon_global|-|precip_0830|L4|region=islands|post-monsoon|all|T64.5,A3|shared-data:ecmwf_ifs025+gfs_global+icon_global|-|precip_0830|L4|region=islands|post-monsoon|all,B3,shared-data:ecmwf_ifs025+gfs_global+icon_global,64.5,insufficient sample,0,"region: n >= 300, dates >= 60, points >= 3"
B3|shared-data:ecmwf_ifs025+gfs_global+icon_global|-|precip_0830|L4|region=islands|pre-monsoon|all|T115.6,A3|shared-data:ecmwf_ifs025+gfs_global+icon_global|-|precip_0830|L4|region=islands|pre-monsoon|all,B3,shared-data:ecmwf_ifs025+gfs_global+icon_global,115.6,insufficient sample,0,"region: n >= 300, dates >= 60, points >= 3"
B3|shared-data:ecmwf_ifs025+gfs_global+icon_global|-|precip_0830|L4|region=islands|pre-monsoon|all|T35.6,A3|shared-data:ecmwf_ifs025+gfs_global+icon_global|-|precip_0830|L4|region=islands|pre-monsoon|all,B3,shared-data:ecmwf_ifs025+gfs_global+icon_global,35.6,insufficient sample,0,"region: n >= 300, dates >= 60, points >= 3"
B3|shared-data:ecmwf_ifs025+gfs_global+icon_global|-|precip_0830|L4|region=islands|pre-monsoon|all|T64.5,A3|shared-data:ecmwf_ifs025+gfs_global+icon_global|-|precip_0830|L4|region=islands|pre-monsoon|all,B3,shared-data:ecmwf_ifs025+gfs_global+icon_global,64.5,insufficient sample,0,"region: n >= 300, dates >= 60, points >= 3"
B3|shared-data:ecmwf_ifs025+gfs_global+icon_global|-|precip_0830|L4|region=islands|winter|all|T115.6,A3|shared-data:ecmwf_ifs025+gfs_global+icon_global|-|precip_0830|L4|region=islands|winter|all,B3,shared-data:ecmwf_ifs025+gfs_global+icon_global,115.6,insufficient sample,0,"region: n >= 300, dates >= 60, points >= 3"
B3|shared-data:ecmwf_ifs025+gfs_global+icon_global|-|precip_0830|L4|region=islands|winter|all|T35.6,A3|shared-data:ecmwf_ifs025+gfs_global+icon_global|-|precip_0830|L4|region=islands|winter|all,B3,shared-data:ecmwf_ifs025+gfs_global+icon_global,35.6,insufficient sample,0,"region: n >= 300, dates >= 60, points >= 3"
B3|shared-data:ecmwf_ifs025+gfs_global+icon_global|-|precip_0830|L4|region=islands|winter|all|T64.5,A3|shared-data:ecmwf_ifs025+gfs_global+icon_global|-|precip_0830|L4|region=islands|winter|all,B3,shared-data:ecmwf_ifs025+gfs_global+icon_global,64.5,insufficient sample,0,"region: n >= 300, dates >= 60, points >= 3"
B3|shared-data:ecmwf_ifs025+gfs_global+icon_global|-|precip_0830|L5|region=islands|all|all|T115.6,A3|shared-data:ecmwf_ifs025+gfs_global+icon_global|-|precip_0830|L5|region=islands|all|all,B3,shared-data:ecmwf_ifs025+gfs_global+icon_global,115.6,insufficient sample,0,"region: n >= 300, dates >= 60, points >= 3"
B3|shared-data:ecmwf_ifs025+gfs_global+icon_global|-|precip_0830|L5|region=islands|all|all|T35.6,A3|shared-data:ecmwf_ifs025+gfs_global+icon_global|-|precip_0830|L5|region=islands|all|all,B3,shared-data:ecmwf_ifs025+gfs_global+icon_global,35.6,insufficient sample,0,"region: n >= 300, dates >= 60, points >= 3"
B3|shared-data:ecmwf_ifs025+gfs_global+icon_global|-|precip_0830|L5|region=islands|all|all|T64.5,A3|shared-data:ecmwf_ifs025+gfs_global+icon_global|-|precip_0830|L5|region=islands|all|all,B3,shared-data:ecmwf_ifs025+gfs_global+icon_global,64.5,insufficient sample,0,"region: n >= 300, dates >= 60, points >= 3"
B3|shared-data:ecmwf_ifs025+gfs_global+icon_global|-|precip_0830|L5|region=islands|monsoon|all|T115.6,A3|shared-data:ecmwf_ifs025+gfs_global+icon_global|-|precip_0830|L5|region=islands|monsoon|all,B3,shared-data:ecmwf_ifs025+gfs_global+icon_global,115.6,insufficient sample,0,"region: n >= 300, dates >= 60, points >= 3"
B3|shared-data:ecmwf_ifs025+gfs_global+icon_global|-|precip_0830|L5|region=islands|monsoon|all|T35.6,A3|shared-data:ecmwf_ifs025+gfs_global+icon_global|-|precip_0830|L5|region=islands|monsoon|all,B3,shared-data:ecmwf_ifs025+gfs_global+icon_global,35.6,insufficient sample,0,"region: n >= 300, dates >= 60, points >= 3"
B3|shared-data:ecmwf_ifs025+gfs_global+icon_global|-|precip_0830|L5|region=islands|monsoon|all|T64.5,A3|shared-data:ecmwf_ifs025+gfs_global+icon_global|-|precip_0830|L5|region=islands|monsoon|all,B3,shared-data:ecmwf_ifs025+gfs_global+icon_global,64.5,insufficient sample,0,"region: n >= 300, dates >= 60, points >= 3"
B3|shared-data:ecmwf_ifs025+gfs_global+icon_global|-|precip_0830|L5|region=islands|post-monsoon|all|T115.6,A3|shared-data:ecmwf_ifs025+gfs_global+icon_global|-|precip_0830|L5|region=islands|post-monsoon|all,B3,shared-data:ecmwf_ifs025+gfs_global+icon_global,115.6,insufficient sample,0,"region: n >= 300, dates >= 60, points >= 3"
B3|shared-data:ecmwf_ifs025+gfs_global+icon_global|-|precip_0830|L5|region=islands|post-monsoon|all|T35.6,A3|shared-data:ecmwf_ifs025+gfs_global+icon_global|-|precip_0830|L5|region=islands|post-monsoon|all,B3,shared-data:ecmwf_ifs025+gfs_global+icon_global,35.6,insufficient sample,0,"region: n >= 300, dates >= 60, points >= 3"
B3|shared-data:ecmwf_ifs025+gfs_global+icon_global|-|precip_0830|L5|region=islands|post-monsoon|all|T64.5,A3|shared-data:ecmwf_ifs025+gfs_global+icon_global|-|precip_0830|L5|region=islands|post-monsoon|all,B3,shared-data:ecmwf_ifs025+gfs_global+icon_global,64.5,insufficient sample,0,"region: n >= 300, dates >= 60, points >= 3"
B3|shared-data:ecmwf_ifs025+gfs_global+icon_global|-|precip_0830|L5|region=islands|pre-monsoon|all|T115.6,A3|shared-data:ecmwf_ifs025+gfs_global+icon_global|-|precip_0830|L5|region=islands|pre-monsoon|all,B3,shared-data:ecmwf_ifs025+gfs_global+icon_global,115.6,insufficient sample,0,"region: n >= 300, dates >= 60, points >= 3"
B3|shared-data:ecmwf_ifs025+gfs_global+icon_global|-|precip_0830|L5|region=islands|pre-monsoon|all|T35.6,A3|shared-data:ecmwf_ifs025+gfs_global+icon_global|-|precip_0830|L5|region=islands|pre-monsoon|all,B3,shared-data:ecmwf_ifs025+gfs_global+icon_global,35.6,insufficient sample,0,"region: n >= 300, dates >= 60, points >= 3"
B3|shared-data:ecmwf_ifs025+gfs_global+icon_global|-|precip_0830|L5|region=islands|pre-monsoon|all|T64.5,A3|shared-data:ecmwf_ifs025+gfs_global+icon_global|-|precip_0830|L5|region=islands|pre-monsoon|all,B3,shared-data:ecmwf_ifs025+gfs_global+icon_global,64.5,insufficient sample,0,"region: n >= 300, dates >= 60, points >= 3"
B3|shared-data:ecmwf_ifs025+gfs_global+icon_global|-|precip_0830|L5|region=islands|winter|all|T115.6,A3|shared-data:ecmwf_ifs025+gfs_global+icon_global|-|precip_0830|L5|region=islands|winter|all,B3,shared-data:ecmwf_ifs025+gfs_global+icon_global,115.6,insufficient sample,0,"region: n >= 300, dates >= 60, points >= 3"
B3|shared-data:ecmwf_ifs025+gfs_global+icon_global|-|precip_0830|L5|region=islands|winter|all|T35.6,A3|shared-data:ecmwf_ifs025+gfs_global+icon_global|-|precip_0830|L5|region=islands|winter|all,B3,shared-data:ecmwf_ifs025+gfs_global+icon_global,35.6,insufficient sample,0,"region: n >= 300, dates >= 60, points >= 3"
B3|shared-data:ecmwf_ifs025+gfs_global+icon_global|-|precip_0830|L5|region=islands|winter|all|T64.5,A3|shared-data:ecmwf_ifs025+gfs_global+icon_global|-|precip_0830|L5|region=islands|winter|all,B3,shared-data:ecmwf_ifs025+gfs_global+icon_global,64.5,insufficient sample,0,"region: n >= 300, dates >= 60, points >= 3"
B3|shared-data:ecmwf_ifs025+gfs_global+icon_global|-|precip_0830|L6|region=islands|all|all|T115.6,A3|shared-data:ecmwf_ifs025+gfs_global+icon_global|-|precip_0830|L6|region=islands|all|all,B3,shared-data:ecmwf_ifs025+gfs_global+icon_global,115.6,insufficient sample,0,"region: n >= 300, dates >= 60, points >= 3"
B3|shared-data:ecmwf_ifs025+gfs_global+icon_global|-|precip_0830|L6|region=islands|all|all|T35.6,A3|shared-data:ecmwf_ifs025+gfs_global+icon_global|-|precip_0830|L6|region=islands|all|all,B3,shared-data:ecmwf_ifs025+gfs_global+icon_global,35.6,insufficient sample,0,"region: n >= 300, dates >= 60, points >= 3"
B3|shared-data:ecmwf_ifs025+gfs_global+icon_global|-|precip_0830|L6|region=islands|all|all|T64.5,A3|shared-data:ecmwf_ifs025+gfs_global+icon_global|-|precip_0830|L6|region=islands|all|all,B3,shared-data:ecmwf_ifs025+gfs_global+icon_global,64.5,insufficient sample,0,"region: n >= 300, dates >= 60, points >= 3"
B3|shared-data:ecmwf_ifs025+gfs_global+icon_global|-|precip_0830|L6|region=islands|monsoon|all|T115.6,A3|shared-data:ecmwf_ifs025+gfs_global+icon_global|-|precip_0830|L6|region=islands|monsoon|all,B3,shared-data:ecmwf_ifs025+gfs_global+icon_global,115.6,insufficient sample,0,"region: n >= 300, dates >= 60, points >= 3"
B3|shared-data:ecmwf_ifs025+gfs_global+icon_global|-|precip_0830|L6|region=islands|monsoon|all|T35.6,A3|shared-data:ecmwf_ifs025+gfs_global+icon_global|-|precip_0830|L6|region=islands|monsoon|all,B3,shared-data:ecmwf_ifs025+gfs_global+icon_global,35.6,insufficient sample,0,"region: n >= 300, dates >= 60, points >= 3"
B3|shared-data:ecmwf_ifs025+gfs_global+icon_global|-|precip_0830|L6|region=islands|monsoon|all|T64.5,A3|shared-data:ecmwf_ifs025+gfs_global+icon_global|-|precip_0830|L6|region=islands|monsoon|all,B3,shared-data:ecmwf_ifs025+gfs_global+icon_global,64.5,insufficient sample,0,"region: n >= 300, dates >= 60, points >= 3"
B3|shared-data:ecmwf_ifs025+gfs_global+icon_global|-|precip_0830|L6|region=islands|post-monsoon|all|T115.6,A3|shared-data:ecmwf_ifs025+gfs_global+icon_global|-|precip_0830|L6|region=islands|post-monsoon|all,B3,shared-data:ecmwf_ifs025+gfs_global+icon_global,115.6,insufficient sample,0,"region: n >= 300, dates >= 60, points >= 3"
B3|shared-data:ecmwf_ifs025+gfs_global+icon_global|-|precip_0830|L6|region=islands|post-monsoon|all|T35.6,A3|shared-data:ecmwf_ifs025+gfs_global+icon_global|-|precip_0830|L6|region=islands|post-monsoon|all,B3,shared-data:ecmwf_ifs025+gfs_global+icon_global,35.6,insufficient sample,0,"region: n >= 300, dates >= 60, points >= 3"
B3|shared-data:ecmwf_ifs025+gfs_global+icon_global|-|precip_0830|L6|region=islands|post-monsoon|all|T64.5,A3|shared-data:ecmwf_ifs025+gfs_global+icon_global|-|precip_0830|L6|region=islands|post-monsoon|all,B3,shared-data:ecmwf_ifs025+gfs_global+icon_global,64.5,insufficient sample,0,"region: n >= 300, dates >= 60, points >= 3"
B3|shared-data:ecmwf_ifs025+gfs_global+icon_global|-|precip_0830|L6|region=islands|pre-monsoon|all|T115.6,A3|shared-data:ecmwf_ifs025+gfs_global+icon_global|-|precip_0830|L6|region=islands|pre-monsoon|all,B3,shared-data:ecmwf_ifs025+gfs_global+icon_global,115.6,insufficient sample,0,"region: n >= 300, dates >= 60, points >= 3"
B3|shared-data:ecmwf_ifs025+gfs_global+icon_global|-|precip_0830|L6|region=islands|pre-monsoon|all|T35.6,A3|shared-data:ecmwf_ifs025+gfs_global+icon_global|-|precip_0830|L6|region=islands|pre-monsoon|all,B3,shared-data:ecmwf_ifs025+gfs_global+icon_global,35.6,insufficient sample,0,"region: n >= 300, dates >= 60, points >= 3"
B3|shared-data:ecmwf_ifs025+gfs_global+icon_global|-|precip_0830|L6|region=islands|pre-monsoon|all|T64.5,A3|shared-data:ecmwf_ifs025+gfs_global+icon_global|-|precip_0830|L6|region=islands|pre-monsoon|all,B3,shared-data:ecmwf_ifs025+gfs_global+icon_global,64.5,insufficient sample,0,"region: n >= 300, dates >= 60, points >= 3"
B3|shared-data:ecmwf_ifs025+gfs_global+icon_global|-|precip_0830|L6|region=islands|winter|all|T115.6,A3|shared-data:ecmwf_ifs025+gfs_global+icon_global|-|precip_0830|L6|region=islands|winter|all,B3,shared-data:ecmwf_ifs025+gfs_global+icon_global,115.6,insufficient sample,0,"region: n >= 300, dates >= 60, points >= 3"
B3|shared-data:ecmwf_ifs025+gfs_global+icon_global|-|precip_0830|L6|region=islands|winter|all|T35.6,A3|shared-data:ecmwf_ifs025+gfs_global+icon_global|-|precip_0830|L6|region=islands|winter|all,B3,shared-data:ecmwf_ifs025+gfs_global+icon_global,35.6,insufficient sample,0,"region: n >= 300, dates >= 60, points >= 3"
B3|shared-data:ecmwf_ifs025+gfs_global+icon_global|-|precip_0830|L6|region=islands|winter|all|T64.5,A3|shared-data:ecmwf_ifs025+gfs_global+icon_global|-|precip_0830|L6|region=islands|winter|all,B3,shared-data:ecmwf_ifs025+gfs_global+icon_global,64.5,insufficient sample,0,"region: n >= 300, dates >= 60, points >= 3"
B3|shared-data:ecmwf_ifs025+gfs_global+icon_global|-|precip_0830|L7|high_altitude=<1000m|all|all|T115.6,A3|shared-data:ecmwf_ifs025+gfs_global+icon_global|-|precip_0830|L7|high_altitude=<1000m|all|all,B3,shared-data:ecmwf_ifs025+gfs_global+icon_global,115.6,not defined,0,"high_altitude: n >= 300, dates >= 60, points >= 3"
B3|shared-data:ecmwf_ifs025+gfs_global+icon_global|-|precip_0830|L7|high_altitude=<1000m|all|all|T35.6,A3|shared-data:ecmwf_ifs025+gfs_global+icon_global|-|precip_0830|L7|high_altitude=<1000m|all|all,B3,shared-data:ecmwf_ifs025+gfs_global+icon_global,35.6,not defined,0,"high_altitude: n >= 300, dates >= 60, points >= 3"
B3|shared-data:ecmwf_ifs025+gfs_global+icon_global|-|precip_0830|L7|high_altitude=<1000m|all|all|T64.5,A3|shared-data:ecmwf_ifs025+gfs_global+icon_global|-|precip_0830|L7|high_altitude=<1000m|all|all,B3,shared-data:ecmwf_ifs025+gfs_global+icon_global,64.5,not defined,0,"high_altitude: n >= 300, dates >= 60, points >= 3"
B3|shared-data:ecmwf_ifs025+gfs_global+icon_global|-|precip_0830|L7|high_altitude=<1000m|monsoon|all|T115.6,A3|shared-data:ecmwf_ifs025+gfs_global+icon_global|-|precip_0830|L7|high_altitude=<1000m|monsoon|all,B3,shared-data:ecmwf_ifs025+gfs_global+icon_global,115.6,not defined,0,"high_altitude: n >= 300, dates >= 60, points >= 3"
B3|shared-data:ecmwf_ifs025+gfs_global+icon_global|-|precip_0830|L7|high_altitude=<1000m|monsoon|all|T35.6,A3|shared-data:ecmwf_ifs025+gfs_global+icon_global|-|precip_0830|L7|high_altitude=<1000m|monsoon|all,B3,shared-data:ecmwf_ifs025+gfs_global+icon_global,35.6,not defined,0,"high_altitude: n >= 300, dates >= 60, points >= 3"
B3|shared-data:ecmwf_ifs025+gfs_global+icon_global|-|precip_0830|L7|high_altitude=<1000m|monsoon|all|T64.5,A3|shared-data:ecmwf_ifs025+gfs_global+icon_global|-|precip_0830|L7|high_altitude=<1000m|monsoon|all,B3,shared-data:ecmwf_ifs025+gfs_global+icon_global,64.5,not defined,0,"high_altitude: n >= 300, dates >= 60, points >= 3"
B3|shared-data:ecmwf_ifs025+gfs_global+icon_global|-|precip_0830|L7|high_altitude=<1000m|post-monsoon|all|T115.6,A3|shared-data:ecmwf_ifs025+gfs_global+icon_global|-|precip_0830|L7|high_altitude=<1000m|post-monsoon|all,B3,shared-data:ecmwf_ifs025+gfs_global+icon_global,115.6,not defined,0,"high_altitude: n >= 300, dates >= 60, points >= 3"
B3|shared-data:ecmwf_ifs025+gfs_global+icon_global|-|precip_0830|L7|high_altitude=<1000m|post-monsoon|all|T35.6,A3|shared-data:ecmwf_ifs025+gfs_global+icon_global|-|precip_0830|L7|high_altitude=<1000m|post-monsoon|all,B3,shared-data:ecmwf_ifs025+gfs_global+icon_global,35.6,not defined,0,"high_altitude: n >= 300, dates >= 60, points >= 3"
B3|shared-data:ecmwf_ifs025+gfs_global+icon_global|-|precip_0830|L7|high_altitude=<1000m|post-monsoon|all|T64.5,A3|shared-data:ecmwf_ifs025+gfs_global+icon_global|-|precip_0830|L7|high_altitude=<1000m|post-monsoon|all,B3,shared-data:ecmwf_ifs025+gfs_global+icon_global,64.5,not defined,0,"high_altitude: n >= 300, dates >= 60, points >= 3"
B3|shared-data:ecmwf_ifs025+gfs_global+icon_global|-|precip_0830|L7|high_altitude=<1000m|pre-monsoon|all|T115.6,A3|shared-data:ecmwf_ifs025+gfs_global+icon_global|-|precip_0830|L7|high_altitude=<1000m|pre-monsoon|all,B3,shared-data:ecmwf_ifs025+gfs_global+icon_global,115.6,not defined,0,"high_altitude: n >= 300, dates >= 60, points >= 3"
B3|shared-data:ecmwf_ifs025+gfs_global+icon_global|-|precip_0830|L7|high_altitude=<1000m|pre-monsoon|all|T35.6,A3|shared-data:ecmwf_ifs025+gfs_global+icon_global|-|precip_0830|L7|high_altitude=<1000m|pre-monsoon|all,B3,shared-data:ecmwf_ifs025+gfs_global+icon_global,35.6,not defined,0,"high_altitude: n >= 300, dates >= 60, points >= 3"
B3|shared-data:ecmwf_ifs025+gfs_global+icon_global|-|precip_0830|L7|high_altitude=<1000m|pre-monsoon|all|T64.5,A3|shared-data:ecmwf_ifs025+gfs_global+icon_global|-|precip_0830|L7|high_altitude=<1000m|pre-monsoon|all,B3,shared-data:ecmwf_ifs025+gfs_global+icon_global,64.5,not defined,0,"high_altitude: n >= 300, dates >= 60, points >= 3"
B3|shared-data:ecmwf_ifs025+gfs_global+icon_global|-|precip_0830|L7|high_altitude=<1000m|winter|all|T115.6,A3|shared-data:ecmwf_ifs025+gfs_global+icon_global|-|precip_0830|L7|high_altitude=<1000m|winter|all,B3,shared-data:ecmwf_ifs025+gfs_global+icon_global,115.6,not defined,0,"high_altitude: n >= 300, dates >= 60, points >= 3"
B3|shared-data:ecmwf_ifs025+gfs_global+icon_global|-|precip_0830|L7|high_altitude=<1000m|winter|all|T35.6,A3|shared-data:ecmwf_ifs025+gfs_global+icon_global|-|precip_0830|L7|high_altitude=<1000m|winter|all,B3,shared-data:ecmwf_ifs025+gfs_global+icon_global,35.6,not defined,0,"high_altitude: n >= 300, dates >= 60, points >= 3"
B3|shared-data:ecmwf_ifs025+gfs_global+icon_global|-|precip_0830|L7|high_altitude=<1000m|winter|all|T64.5,A3|shared-data:ecmwf_ifs025+gfs_global+icon_global|-|precip_0830|L7|high_altitude=<1000m|winter|all,B3,shared-data:ecmwf_ifs025+gfs_global+icon_global,64.5,not defined,0,"high_altitude: n >= 300, dates >= 60, points >= 3"
B3|shared-data:ecmwf_ifs025+gfs_global+icon_global|-|precip_0830|L7|high_altitude=>=1000m|all|all|T115.6,A3|shared-data:ecmwf_ifs025+gfs_global+icon_global|-|precip_0830|L7|high_altitude=>=1000m|all|all,B3,shared-data:ecmwf_ifs025+gfs_global+icon_global,115.6,not defined,0,"high_altitude: n >= 300, dates >= 60, points >= 3"
B3|shared-data:ecmwf_ifs025+gfs_global+icon_global|-|precip_0830|L7|high_altitude=>=1000m|all|all|T35.6,A3|shared-data:ecmwf_ifs025+gfs_global+icon_global|-|precip_0830|L7|high_altitude=>=1000m|all|all,B3,shared-data:ecmwf_ifs025+gfs_global+icon_global,35.6,not defined,0,"high_altitude: n >= 300, dates >= 60, points >= 3"
B3|shared-data:ecmwf_ifs025+gfs_global+icon_global|-|precip_0830|L7|high_altitude=>=1000m|all|all|T64.5,A3|shared-data:ecmwf_ifs025+gfs_global+icon_global|-|precip_0830|L7|high_altitude=>=1000m|all|all,B3,shared-data:ecmwf_ifs025+gfs_global+icon_global,64.5,not defined,0,"high_altitude: n >= 300, dates >= 60, points >= 3"
B3|shared-data:ecmwf_ifs025+gfs_global+icon_global|-|precip_0830|L7|high_altitude=>=1000m|monsoon|all|T115.6,A3|shared-data:ecmwf_ifs025+gfs_global+icon_global|-|precip_0830|L7|high_altitude=>=1000m|monsoon|all,B3,shared-data:ecmwf_ifs025+gfs_global+icon_global,115.6,not defined,0,"high_altitude: n >= 300, dates >= 60, points >= 3"
B3|shared-data:ecmwf_ifs025+gfs_global+icon_global|-|precip_0830|L7|high_altitude=>=1000m|monsoon|all|T35.6,A3|shared-data:ecmwf_ifs025+gfs_global+icon_global|-|precip_0830|L7|high_altitude=>=1000m|monsoon|all,B3,shared-data:ecmwf_ifs025+gfs_global+icon_global,35.6,not defined,0,"high_altitude: n >= 300, dates >= 60, points >= 3"
B3|shared-data:ecmwf_ifs025+gfs_global+icon_global|-|precip_0830|L7|high_altitude=>=1000m|monsoon|all|T64.5,A3|shared-data:ecmwf_ifs025+gfs_global+icon_global|-|precip_0830|L7|high_altitude=>=1000m|monsoon|all,B3,shared-data:ecmwf_ifs025+gfs_global+icon_global,64.5,not defined,0,"high_altitude: n >= 300, dates >= 60, points >= 3"
B3|shared-data:ecmwf_ifs025+gfs_global+icon_global|-|precip_0830|L7|high_altitude=>=1000m|post-monsoon|all|T115.6,A3|shared-data:ecmwf_ifs025+gfs_global+icon_global|-|precip_0830|L7|high_altitude=>=1000m|post-monsoon|all,B3,shared-data:ecmwf_ifs025+gfs_global+icon_global,115.6,not defined,0,"high_altitude: n >= 300, dates >= 60, points >= 3"
B3|shared-data:ecmwf_ifs025+gfs_global+icon_global|-|precip_0830|L7|high_altitude=>=1000m|post-monsoon|all|T35.6,A3|shared-data:ecmwf_ifs025+gfs_global+icon_global|-|precip_0830|L7|high_altitude=>=1000m|post-monsoon|all,B3,shared-data:ecmwf_ifs025+gfs_global+icon_global,35.6,not defined,0,"high_altitude: n >= 300, dates >= 60, points >= 3"
B3|shared-data:ecmwf_ifs025+gfs_global+icon_global|-|precip_0830|L7|high_altitude=>=1000m|post-monsoon|all|T64.5,A3|shared-data:ecmwf_ifs025+gfs_global+icon_global|-|precip_0830|L7|high_altitude=>=1000m|post-monsoon|all,B3,shared-data:ecmwf_ifs025+gfs_global+icon_global,64.5,not defined,0,"high_altitude: n >= 300, dates >= 60, points >= 3"
B3|shared-data:ecmwf_ifs025+gfs_global+icon_global|-|precip_0830|L7|high_altitude=>=1000m|pre-monsoon|all|T115.6,A3|shared-data:ecmwf_ifs025+gfs_global+icon_global|-|precip_0830|L7|high_altitude=>=1000m|pre-monsoon|all,B3,shared-data:ecmwf_ifs025+gfs_global+icon_global,115.6,not defined,0,"high_altitude: n >= 300, dates >= 60, points >= 3"
B3|shared-data:ecmwf_ifs025+gfs_global+icon_global|-|precip_0830|L7|high_altitude=>=1000m|pre-monsoon|all|T35.6,A3|shared-data:ecmwf_ifs025+gfs_global+icon_global|-|precip_0830|L7|high_altitude=>=1000m|pre-monsoon|all,B3,shared-data:ecmwf_ifs025+gfs_global+icon_global,35.6,not defined,0,"high_altitude: n >= 300, dates >= 60, points >= 3"
B3|shared-data:ecmwf_ifs025+gfs_global+icon_global|-|precip_0830|L7|high_altitude=>=1000m|pre-monsoon|all|T64.5,A3|shared-data:ecmwf_ifs025+gfs_global+icon_global|-|precip_0830|L7|high_altitude=>=1000m|pre-monsoon|all,B3,shared-data:ecmwf_ifs025+gfs_global+icon_global,64.5,not defined,0,"high_altitude: n >= 300, dates >= 60, points >= 3"
B3|shared-data:ecmwf_ifs025+gfs_global+icon_global|-|precip_0830|L7|high_altitude=>=1000m|winter|all|T115.6,A3|shared-data:ecmwf_ifs025+gfs_global+icon_global|-|precip_0830|L7|high_altitude=>=1000m|winter|all,B3,shared-data:ecmwf_ifs025+gfs_global+icon_global,115.6,not defined,0,"high_altitude: n >= 300, dates >= 60, points >= 3"
B3|shared-data:ecmwf_ifs025+gfs_global+icon_global|-|precip_0830|L7|high_altitude=>=1000m|winter|all|T35.6,A3|shared-data:ecmwf_ifs025+gfs_global+icon_global|-|precip_0830|L7|high_altitude=>=1000m|winter|all,B3,shared-data:ecmwf_ifs025+gfs_global+icon_global,35.6,not defined,0,"high_altitude: n >= 300, dates >= 60, points >= 3"
B3|shared-data:ecmwf_ifs025+gfs_global+icon_global|-|precip_0830|L7|high_altitude=>=1000m|winter|all|T64.5,A3|shared-data:ecmwf_ifs025+gfs_global+icon_global|-|precip_0830|L7|high_altitude=>=1000m|winter|all,B3,shared-data:ecmwf_ifs025+gfs_global+icon_global,64.5,not defined,0,"high_altitude: n >= 300, dates >= 60, points >= 3"
B3|shared-data:ecmwf_ifs025+gfs_global+icon_global|-|precip_0830|L7|pooled=all-points|all|all|T115.6,A3|shared-data:ecmwf_ifs025+gfs_global+icon_global|-|precip_0830|L7|pooled=all-points|all|all,B3,shared-data:ecmwf_ifs025+gfs_global+icon_global,115.6,not defined,0,"pooled: n >= 300, dates >= 60, points >= 10"
B3|shared-data:ecmwf_ifs025+gfs_global+icon_global|-|precip_0830|L7|pooled=all-points|all|all|T35.6,A3|shared-data:ecmwf_ifs025+gfs_global+icon_global|-|precip_0830|L7|pooled=all-points|all|all,B3,shared-data:ecmwf_ifs025+gfs_global+icon_global,35.6,not defined,0,"pooled: n >= 300, dates >= 60, points >= 10"
B3|shared-data:ecmwf_ifs025+gfs_global+icon_global|-|precip_0830|L7|pooled=all-points|all|all|T64.5,A3|shared-data:ecmwf_ifs025+gfs_global+icon_global|-|precip_0830|L7|pooled=all-points|all|all,B3,shared-data:ecmwf_ifs025+gfs_global+icon_global,64.5,not defined,0,"pooled: n >= 300, dates >= 60, points >= 10"
B3|shared-data:ecmwf_ifs025+gfs_global+icon_global|-|precip_0830|L7|pooled=all-points|monsoon|all|T115.6,A3|shared-data:ecmwf_ifs025+gfs_global+icon_global|-|precip_0830|L7|pooled=all-points|monsoon|all,B3,shared-data:ecmwf_ifs025+gfs_global+icon_global,115.6,not defined,0,"season: n >= 300, dates >= 60, points >= 10"
B3|shared-data:ecmwf_ifs025+gfs_global+icon_global|-|precip_0830|L7|pooled=all-points|monsoon|all|T35.6,A3|shared-data:ecmwf_ifs025+gfs_global+icon_global|-|precip_0830|L7|pooled=all-points|monsoon|all,B3,shared-data:ecmwf_ifs025+gfs_global+icon_global,35.6,not defined,0,"season: n >= 300, dates >= 60, points >= 10"
B3|shared-data:ecmwf_ifs025+gfs_global+icon_global|-|precip_0830|L7|pooled=all-points|monsoon|all|T64.5,A3|shared-data:ecmwf_ifs025+gfs_global+icon_global|-|precip_0830|L7|pooled=all-points|monsoon|all,B3,shared-data:ecmwf_ifs025+gfs_global+icon_global,64.5,not defined,0,"season: n >= 300, dates >= 60, points >= 10"
B3|shared-data:ecmwf_ifs025+gfs_global+icon_global|-|precip_0830|L7|pooled=all-points|post-monsoon|all|T115.6,A3|shared-data:ecmwf_ifs025+gfs_global+icon_global|-|precip_0830|L7|pooled=all-points|post-monsoon|all,B3,shared-data:ecmwf_ifs025+gfs_global+icon_global,115.6,not defined,0,"season: n >= 300, dates >= 60, points >= 10"
B3|shared-data:ecmwf_ifs025+gfs_global+icon_global|-|precip_0830|L7|pooled=all-points|post-monsoon|all|T35.6,A3|shared-data:ecmwf_ifs025+gfs_global+icon_global|-|precip_0830|L7|pooled=all-points|post-monsoon|all,B3,shared-data:ecmwf_ifs025+gfs_global+icon_global,35.6,not defined,0,"season: n >= 300, dates >= 60, points >= 10"
B3|shared-data:ecmwf_ifs025+gfs_global+icon_global|-|precip_0830|L7|pooled=all-points|post-monsoon|all|T64.5,A3|shared-data:ecmwf_ifs025+gfs_global+icon_global|-|precip_0830|L7|pooled=all-points|post-monsoon|all,B3,shared-data:ecmwf_ifs025+gfs_global+icon_global,64.5,not defined,0,"season: n >= 300, dates >= 60, points >= 10"
B3|shared-data:ecmwf_ifs025+gfs_global+icon_global|-|precip_0830|L7|pooled=all-points|pre-monsoon|all|T115.6,A3|shared-data:ecmwf_ifs025+gfs_global+icon_global|-|precip_0830|L7|pooled=all-points|pre-monsoon|all,B3,shared-data:ecmwf_ifs025+gfs_global+icon_global,115.6,not defined,0,"season: n >= 300, dates >= 60, points >= 10"
B3|shared-data:ecmwf_ifs025+gfs_global+icon_global|-|precip_0830|L7|pooled=all-points|pre-monsoon|all|T35.6,A3|shared-data:ecmwf_ifs025+gfs_global+icon_global|-|precip_0830|L7|pooled=all-points|pre-monsoon|all,B3,shared-data:ecmwf_ifs025+gfs_global+icon_global,35.6,not defined,0,"season: n >= 300, dates >= 60, points >= 10"
B3|shared-data:ecmwf_ifs025+gfs_global+icon_global|-|precip_0830|L7|pooled=all-points|pre-monsoon|all|T64.5,A3|shared-data:ecmwf_ifs025+gfs_global+icon_global|-|precip_0830|L7|pooled=all-points|pre-monsoon|all,B3,shared-data:ecmwf_ifs025+gfs_global+icon_global,64.5,not defined,0,"season: n >= 300, dates >= 60, points >= 10"
B3|shared-data:ecmwf_ifs025+gfs_global+icon_global|-|precip_0830|L7|pooled=all-points|winter|all|T115.6,A3|shared-data:ecmwf_ifs025+gfs_global+icon_global|-|precip_0830|L7|pooled=all-points|winter|all,B3,shared-data:ecmwf_ifs025+gfs_global+icon_global,115.6,not defined,0,"season: n >= 300, dates >= 60, points >= 10"
B3|shared-data:ecmwf_ifs025+gfs_global+icon_global|-|precip_0830|L7|pooled=all-points|winter|all|T35.6,A3|shared-data:ecmwf_ifs025+gfs_global+icon_global|-|precip_0830|L7|pooled=all-points|winter|all,B3,shared-data:ecmwf_ifs025+gfs_global+icon_global,35.6,not defined,0,"season: n >= 300, dates >= 60, points >= 10"
B3|shared-data:ecmwf_ifs025+gfs_global+icon_global|-|precip_0830|L7|pooled=all-points|winter|all|T64.5,A3|shared-data:ecmwf_ifs025+gfs_global+icon_global|-|precip_0830|L7|pooled=all-points|winter|all,B3,shared-data:ecmwf_ifs025+gfs_global+icon_global,64.5,not defined,0,"season: n >= 300, dates >= 60, points >= 10"
B3|shared-data:ecmwf_ifs025+gfs_global+icon_global|-|precip_0830|L7|region=central|all|all|T115.6,A3|shared-data:ecmwf_ifs025+gfs_global+icon_global|-|precip_0830|L7|region=central|all|all,B3,shared-data:ecmwf_ifs025+gfs_global+icon_global,115.6,not defined,0,"region: n >= 300, dates >= 60, points >= 3"
B3|shared-data:ecmwf_ifs025+gfs_global+icon_global|-|precip_0830|L7|region=central|all|all|T35.6,A3|shared-data:ecmwf_ifs025+gfs_global+icon_global|-|precip_0830|L7|region=central|all|all,B3,shared-data:ecmwf_ifs025+gfs_global+icon_global,35.6,not defined,0,"region: n >= 300, dates >= 60, points >= 3"
B3|shared-data:ecmwf_ifs025+gfs_global+icon_global|-|precip_0830|L7|region=central|all|all|T64.5,A3|shared-data:ecmwf_ifs025+gfs_global+icon_global|-|precip_0830|L7|region=central|all|all,B3,shared-data:ecmwf_ifs025+gfs_global+icon_global,64.5,not defined,0,"region: n >= 300, dates >= 60, points >= 3"
B3|shared-data:ecmwf_ifs025+gfs_global+icon_global|-|precip_0830|L7|region=central|monsoon|all|T115.6,A3|shared-data:ecmwf_ifs025+gfs_global+icon_global|-|precip_0830|L7|region=central|monsoon|all,B3,shared-data:ecmwf_ifs025+gfs_global+icon_global,115.6,not defined,0,"region: n >= 300, dates >= 60, points >= 3"
B3|shared-data:ecmwf_ifs025+gfs_global+icon_global|-|precip_0830|L7|region=central|monsoon|all|T35.6,A3|shared-data:ecmwf_ifs025+gfs_global+icon_global|-|precip_0830|L7|region=central|monsoon|all,B3,shared-data:ecmwf_ifs025+gfs_global+icon_global,35.6,not defined,0,"region: n >= 300, dates >= 60, points >= 3"
B3|shared-data:ecmwf_ifs025+gfs_global+icon_global|-|precip_0830|L7|region=central|monsoon|all|T64.5,A3|shared-data:ecmwf_ifs025+gfs_global+icon_global|-|precip_0830|L7|region=central|monsoon|all,B3,shared-data:ecmwf_ifs025+gfs_global+icon_global,64.5,not defined,0,"region: n >= 300, dates >= 60, points >= 3"
B3|shared-data:ecmwf_ifs025+gfs_global+icon_global|-|precip_0830|L7|region=central|post-monsoon|all|T115.6,A3|shared-data:ecmwf_ifs025+gfs_global+icon_global|-|precip_0830|L7|region=central|post-monsoon|all,B3,shared-data:ecmwf_ifs025+gfs_global+icon_global,115.6,not defined,0,"region: n >= 300, dates >= 60, points >= 3"
B3|shared-data:ecmwf_ifs025+gfs_global+icon_global|-|precip_0830|L7|region=central|post-monsoon|all|T35.6,A3|shared-data:ecmwf_ifs025+gfs_global+icon_global|-|precip_0830|L7|region=central|post-monsoon|all,B3,shared-data:ecmwf_ifs025+gfs_global+icon_global,35.6,not defined,0,"region: n >= 300, dates >= 60, points >= 3"
B3|shared-data:ecmwf_ifs025+gfs_global+icon_global|-|precip_0830|L7|region=central|post-monsoon|all|T64.5,A3|shared-data:ecmwf_ifs025+gfs_global+icon_global|-|precip_0830|L7|region=central|post-monsoon|all,B3,shared-data:ecmwf_ifs025+gfs_global+icon_global,64.5,not defined,0,"region: n >= 300, dates >= 60, points >= 3"
B3|shared-data:ecmwf_ifs025+gfs_global+icon_global|-|precip_0830|L7|region=central|pre-monsoon|all|T115.6,A3|shared-data:ecmwf_ifs025+gfs_global+icon_global|-|precip_0830|L7|region=central|pre-monsoon|all,B3,shared-data:ecmwf_ifs025+gfs_global+icon_global,115.6,not defined,0,"region: n >= 300, dates >= 60, points >= 3"
B3|shared-data:ecmwf_ifs025+gfs_global+icon_global|-|precip_0830|L7|region=central|pre-monsoon|all|T35.6,A3|shared-data:ecmwf_ifs025+gfs_global+icon_global|-|precip_0830|L7|region=central|pre-monsoon|all,B3,shared-data:ecmwf_ifs025+gfs_global+icon_global,35.6,not defined,0,"region: n >= 300, dates >= 60, points >= 3"
B3|shared-data:ecmwf_ifs025+gfs_global+icon_global|-|precip_0830|L7|region=central|pre-monsoon|all|T64.5,A3|shared-data:ecmwf_ifs025+gfs_global+icon_global|-|precip_0830|L7|region=central|pre-monsoon|all,B3,shared-data:ecmwf_ifs025+gfs_global+icon_global,64.5,not defined,0,"region: n >= 300, dates >= 60, points >= 3"
B3|shared-data:ecmwf_ifs025+gfs_global+icon_global|-|precip_0830|L7|region=central|winter|all|T115.6,A3|shared-data:ecmwf_ifs025+gfs_global+icon_global|-|precip_0830|L7|region=central|winter|all,B3,shared-data:ecmwf_ifs025+gfs_global+icon_global,115.6,not defined,0,"region: n >= 300, dates >= 60, points >= 3"
B3|shared-data:ecmwf_ifs025+gfs_global+icon_global|-|precip_0830|L7|region=central|winter|all|T35.6,A3|shared-data:ecmwf_ifs025+gfs_global+icon_global|-|precip_0830|L7|region=central|winter|all,B3,shared-data:ecmwf_ifs025+gfs_global+icon_global,35.6,not defined,0,"region: n >= 300, dates >= 60, points >= 3"
B3|shared-data:ecmwf_ifs025+gfs_global+icon_global|-|precip_0830|L7|region=central|winter|all|T64.5,A3|shared-data:ecmwf_ifs025+gfs_global+icon_global|-|precip_0830|L7|region=central|winter|all,B3,shared-data:ecmwf_ifs025+gfs_global+icon_global,64.5,not defined,0,"region: n >= 300, dates >= 60, points >= 3"
B3|shared-data:ecmwf_ifs025+gfs_global+icon_global|-|precip_0830|L7|region=east-north-east|all|all|T115.6,A3|shared-data:ecmwf_ifs025+gfs_global+icon_global|-|precip_0830|L7|region=east-north-east|all|all,B3,shared-data:ecmwf_ifs025+gfs_global+icon_global,115.6,not defined,0,"region: n >= 300, dates >= 60, points >= 3"
B3|shared-data:ecmwf_ifs025+gfs_global+icon_global|-|precip_0830|L7|region=east-north-east|all|all|T35.6,A3|shared-data:ecmwf_ifs025+gfs_global+icon_global|-|precip_0830|L7|region=east-north-east|all|all,B3,shared-data:ecmwf_ifs025+gfs_global+icon_global,35.6,not defined,0,"region: n >= 300, dates >= 60, points >= 3"
B3|shared-data:ecmwf_ifs025+gfs_global+icon_global|-|precip_0830|L7|region=east-north-east|all|all|T64.5,A3|shared-data:ecmwf_ifs025+gfs_global+icon_global|-|precip_0830|L7|region=east-north-east|all|all,B3,shared-data:ecmwf_ifs025+gfs_global+icon_global,64.5,not defined,0,"region: n >= 300, dates >= 60, points >= 3"
B3|shared-data:ecmwf_ifs025+gfs_global+icon_global|-|precip_0830|L7|region=east-north-east|monsoon|all|T115.6,A3|shared-data:ecmwf_ifs025+gfs_global+icon_global|-|precip_0830|L7|region=east-north-east|monsoon|all,B3,shared-data:ecmwf_ifs025+gfs_global+icon_global,115.6,not defined,0,"region: n >= 300, dates >= 60, points >= 3"
B3|shared-data:ecmwf_ifs025+gfs_global+icon_global|-|precip_0830|L7|region=east-north-east|monsoon|all|T35.6,A3|shared-data:ecmwf_ifs025+gfs_global+icon_global|-|precip_0830|L7|region=east-north-east|monsoon|all,B3,shared-data:ecmwf_ifs025+gfs_global+icon_global,35.6,not defined,0,"region: n >= 300, dates >= 60, points >= 3"
B3|shared-data:ecmwf_ifs025+gfs_global+icon_global|-|precip_0830|L7|region=east-north-east|monsoon|all|T64.5,A3|shared-data:ecmwf_ifs025+gfs_global+icon_global|-|precip_0830|L7|region=east-north-east|monsoon|all,B3,shared-data:ecmwf_ifs025+gfs_global+icon_global,64.5,not defined,0,"region: n >= 300, dates >= 60, points >= 3"
B3|shared-data:ecmwf_ifs025+gfs_global+icon_global|-|precip_0830|L7|region=east-north-east|post-monsoon|all|T115.6,A3|shared-data:ecmwf_ifs025+gfs_global+icon_global|-|precip_0830|L7|region=east-north-east|post-monsoon|all,B3,shared-data:ecmwf_ifs025+gfs_global+icon_global,115.6,not defined,0,"region: n >= 300, dates >= 60, points >= 3"
B3|shared-data:ecmwf_ifs025+gfs_global+icon_global|-|precip_0830|L7|region=east-north-east|post-monsoon|all|T35.6,A3|shared-data:ecmwf_ifs025+gfs_global+icon_global|-|precip_0830|L7|region=east-north-east|post-monsoon|all,B3,shared-data:ecmwf_ifs025+gfs_global+icon_global,35.6,not defined,0,"region: n >= 300, dates >= 60, points >= 3"
B3|shared-data:ecmwf_ifs025+gfs_global+icon_global|-|precip_0830|L7|region=east-north-east|post-monsoon|all|T64.5,A3|shared-data:ecmwf_ifs025+gfs_global+icon_global|-|precip_0830|L7|region=east-north-east|post-monsoon|all,B3,shared-data:ecmwf_ifs025+gfs_global+icon_global,64.5,not defined,0,"region: n >= 300, dates >= 60, points >= 3"
B3|shared-data:ecmwf_ifs025+gfs_global+icon_global|-|precip_0830|L7|region=east-north-east|pre-monsoon|all|T115.6,A3|shared-data:ecmwf_ifs025+gfs_global+icon_global|-|precip_0830|L7|region=east-north-east|pre-monsoon|all,B3,shared-data:ecmwf_ifs025+gfs_global+icon_global,115.6,not defined,0,"region: n >= 300, dates >= 60, points >= 3"
B3|shared-data:ecmwf_ifs025+gfs_global+icon_global|-|precip_0830|L7|region=east-north-east|pre-monsoon|all|T35.6,A3|shared-data:ecmwf_ifs025+gfs_global+icon_global|-|precip_0830|L7|region=east-north-east|pre-monsoon|all,B3,shared-data:ecmwf_ifs025+gfs_global+icon_global,35.6,not defined,0,"region: n >= 300, dates >= 60, points >= 3"
B3|shared-data:ecmwf_ifs025+gfs_global+icon_global|-|precip_0830|L7|region=east-north-east|pre-monsoon|all|T64.5,A3|shared-data:ecmwf_ifs025+gfs_global+icon_global|-|precip_0830|L7|region=east-north-east|pre-monsoon|all,B3,shared-data:ecmwf_ifs025+gfs_global+icon_global,64.5,not defined,0,"region: n >= 300, dates >= 60, points >= 3"
B3|shared-data:ecmwf_ifs025+gfs_global+icon_global|-|precip_0830|L7|region=east-north-east|winter|all|T115.6,A3|shared-data:ecmwf_ifs025+gfs_global+icon_global|-|precip_0830|L7|region=east-north-east|winter|all,B3,shared-data:ecmwf_ifs025+gfs_global+icon_global,115.6,not defined,0,"region: n >= 300, dates >= 60, points >= 3"
B3|shared-data:ecmwf_ifs025+gfs_global+icon_global|-|precip_0830|L7|region=east-north-east|winter|all|T35.6,A3|shared-data:ecmwf_ifs025+gfs_global+icon_global|-|precip_0830|L7|region=east-north-east|winter|all,B3,shared-data:ecmwf_ifs025+gfs_global+icon_global,35.6,not defined,0,"region: n >= 300, dates >= 60, points >= 3"
B3|shared-data:ecmwf_ifs025+gfs_global+icon_global|-|precip_0830|L7|region=east-north-east|winter|all|T64.5,A3|shared-data:ecmwf_ifs025+gfs_global+icon_global|-|precip_0830|L7|region=east-north-east|winter|all,B3,shared-data:ecmwf_ifs025+gfs_global+icon_global,64.5,not defined,0,"region: n >= 300, dates >= 60, points >= 3"
B3|shared-data:ecmwf_ifs025+gfs_global+icon_global|-|precip_0830|L7|region=islands|all|all|T115.6,A3|shared-data:ecmwf_ifs025+gfs_global+icon_global|-|precip_0830|L7|region=islands|all|all,B3,shared-data:ecmwf_ifs025+gfs_global+icon_global,115.6,not defined,0,"region: n >= 300, dates >= 60, points >= 3"
B3|shared-data:ecmwf_ifs025+gfs_global+icon_global|-|precip_0830|L7|region=islands|all|all|T35.6,A3|shared-data:ecmwf_ifs025+gfs_global+icon_global|-|precip_0830|L7|region=islands|all|all,B3,shared-data:ecmwf_ifs025+gfs_global+icon_global,35.6,not defined,0,"region: n >= 300, dates >= 60, points >= 3"
B3|shared-data:ecmwf_ifs025+gfs_global+icon_global|-|precip_0830|L7|region=islands|all|all|T64.5,A3|shared-data:ecmwf_ifs025+gfs_global+icon_global|-|precip_0830|L7|region=islands|all|all,B3,shared-data:ecmwf_ifs025+gfs_global+icon_global,64.5,not defined,0,"region: n >= 300, dates >= 60, points >= 3"
B3|shared-data:ecmwf_ifs025+gfs_global+icon_global|-|precip_0830|L7|region=islands|monsoon|all|T115.6,A3|shared-data:ecmwf_ifs025+gfs_global+icon_global|-|precip_0830|L7|region=islands|monsoon|all,B3,shared-data:ecmwf_ifs025+gfs_global+icon_global,115.6,not defined,0,"region: n >= 300, dates >= 60, points >= 3"
B3|shared-data:ecmwf_ifs025+gfs_global+icon_global|-|precip_0830|L7|region=islands|monsoon|all|T35.6,A3|shared-data:ecmwf_ifs025+gfs_global+icon_global|-|precip_0830|L7|region=islands|monsoon|all,B3,shared-data:ecmwf_ifs025+gfs_global+icon_global,35.6,not defined,0,"region: n >= 300, dates >= 60, points >= 3"
B3|shared-data:ecmwf_ifs025+gfs_global+icon_global|-|precip_0830|L7|region=islands|monsoon|all|T64.5,A3|shared-data:ecmwf_ifs025+gfs_global+icon_global|-|precip_0830|L7|region=islands|monsoon|all,B3,shared-data:ecmwf_ifs025+gfs_global+icon_global,64.5,not defined,0,"region: n >= 300, dates >= 60, points >= 3"
B3|shared-data:ecmwf_ifs025+gfs_global+icon_global|-|precip_0830|L7|region=islands|post-monsoon|all|T115.6,A3|shared-data:ecmwf_ifs025+gfs_global+icon_global|-|precip_0830|L7|region=islands|post-monsoon|all,B3,shared-data:ecmwf_ifs025+gfs_global+icon_global,115.6,not defined,0,"region: n >= 300, dates >= 60, points >= 3"
B3|shared-data:ecmwf_ifs025+gfs_global+icon_global|-|precip_0830|L7|region=islands|post-monsoon|all|T35.6,A3|shared-data:ecmwf_ifs025+gfs_global+icon_global|-|precip_0830|L7|region=islands|post-monsoon|all,B3,shared-data:ecmwf_ifs025+gfs_global+icon_global,35.6,not defined,0,"region: n >= 300, dates >= 60, points >= 3"
B3|shared-data:ecmwf_ifs025+gfs_global+icon_global|-|precip_0830|L7|region=islands|post-monsoon|all|T64.5,A3|shared-data:ecmwf_ifs025+gfs_global+icon_global|-|precip_0830|L7|region=islands|post-monsoon|all,B3,shared-data:ecmwf_ifs025+gfs_global+icon_global,64.5,not defined,0,"region: n >= 300, dates >= 60, points >= 3"
B3|shared-data:ecmwf_ifs025+gfs_global+icon_global|-|precip_0830|L7|region=islands|pre-monsoon|all|T115.6,A3|shared-data:ecmwf_ifs025+gfs_global+icon_global|-|precip_0830|L7|region=islands|pre-monsoon|all,B3,shared-data:ecmwf_ifs025+gfs_global+icon_global,115.6,not defined,0,"region: n >= 300, dates >= 60, points >= 3"
B3|shared-data:ecmwf_ifs025+gfs_global+icon_global|-|precip_0830|L7|region=islands|pre-monsoon|all|T35.6,A3|shared-data:ecmwf_ifs025+gfs_global+icon_global|-|precip_0830|L7|region=islands|pre-monsoon|all,B3,shared-data:ecmwf_ifs025+gfs_global+icon_global,35.6,not defined,0,"region: n >= 300, dates >= 60, points >= 3"
B3|shared-data:ecmwf_ifs025+gfs_global+icon_global|-|precip_0830|L7|region=islands|pre-monsoon|all|T64.5,A3|shared-data:ecmwf_ifs025+gfs_global+icon_global|-|precip_0830|L7|region=islands|pre-monsoon|all,B3,shared-data:ecmwf_ifs025+gfs_global+icon_global,64.5,not defined,0,"region: n >= 300, dates >= 60, points >= 3"
B3|shared-data:ecmwf_ifs025+gfs_global+icon_global|-|precip_0830|L7|region=islands|winter|all|T115.6,A3|shared-data:ecmwf_ifs025+gfs_global+icon_global|-|precip_0830|L7|region=islands|winter|all,B3,shared-data:ecmwf_ifs025+gfs_global+icon_global,115.6,not defined,0,"region: n >= 300, dates >= 60, points >= 3"
B3|shared-data:ecmwf_ifs025+gfs_global+icon_global|-|precip_0830|L7|region=islands|winter|all|T35.6,A3|shared-data:ecmwf_ifs025+gfs_global+icon_global|-|precip_0830|L7|region=islands|winter|all,B3,shared-data:ecmwf_ifs025+gfs_global+icon_global,35.6,not defined,0,"region: n >= 300, dates >= 60, points >= 3"
B3|shared-data:ecmwf_ifs025+gfs_global+icon_global|-|precip_0830|L7|region=islands|winter|all|T64.5,A3|shared-data:ecmwf_ifs025+gfs_global+icon_global|-|precip_0830|L7|region=islands|winter|all,B3,shared-data:ecmwf_ifs025+gfs_global+icon_global,64.5,not defined,0,"region: n >= 300, dates >= 60, points >= 3"
B3|shared-data:ecmwf_ifs025+gfs_global+icon_global|-|precip_0830|L7|region=north-west|all|all|T115.6,A3|shared-data:ecmwf_ifs025+gfs_global+icon_global|-|precip_0830|L7|region=north-west|all|all,B3,shared-data:ecmwf_ifs025+gfs_global+icon_global,115.6,not defined,0,"region: n >= 300, dates >= 60, points >= 3"
B3|shared-data:ecmwf_ifs025+gfs_global+icon_global|-|precip_0830|L7|region=north-west|all|all|T35.6,A3|shared-data:ecmwf_ifs025+gfs_global+icon_global|-|precip_0830|L7|region=north-west|all|all,B3,shared-data:ecmwf_ifs025+gfs_global+icon_global,35.6,not defined,0,"region: n >= 300, dates >= 60, points >= 3"
B3|shared-data:ecmwf_ifs025+gfs_global+icon_global|-|precip_0830|L7|region=north-west|all|all|T64.5,A3|shared-data:ecmwf_ifs025+gfs_global+icon_global|-|precip_0830|L7|region=north-west|all|all,B3,shared-data:ecmwf_ifs025+gfs_global+icon_global,64.5,not defined,0,"region: n >= 300, dates >= 60, points >= 3"
B3|shared-data:ecmwf_ifs025+gfs_global+icon_global|-|precip_0830|L7|region=north-west|monsoon|all|T115.6,A3|shared-data:ecmwf_ifs025+gfs_global+icon_global|-|precip_0830|L7|region=north-west|monsoon|all,B3,shared-data:ecmwf_ifs025+gfs_global+icon_global,115.6,not defined,0,"region: n >= 300, dates >= 60, points >= 3"
B3|shared-data:ecmwf_ifs025+gfs_global+icon_global|-|precip_0830|L7|region=north-west|monsoon|all|T35.6,A3|shared-data:ecmwf_ifs025+gfs_global+icon_global|-|precip_0830|L7|region=north-west|monsoon|all,B3,shared-data:ecmwf_ifs025+gfs_global+icon_global,35.6,not defined,0,"region: n >= 300, dates >= 60, points >= 3"
B3|shared-data:ecmwf_ifs025+gfs_global+icon_global|-|precip_0830|L7|region=north-west|monsoon|all|T64.5,A3|shared-data:ecmwf_ifs025+gfs_global+icon_global|-|precip_0830|L7|region=north-west|monsoon|all,B3,shared-data:ecmwf_ifs025+gfs_global+icon_global,64.5,not defined,0,"region: n >= 300, dates >= 60, points >= 3"
B3|shared-data:ecmwf_ifs025+gfs_global+icon_global|-|precip_0830|L7|region=north-west|post-monsoon|all|T115.6,A3|shared-data:ecmwf_ifs025+gfs_global+icon_global|-|precip_0830|L7|region=north-west|post-monsoon|all,B3,shared-data:ecmwf_ifs025+gfs_global+icon_global,115.6,not defined,0,"region: n >= 300, dates >= 60, points >= 3"
B3|shared-data:ecmwf_ifs025+gfs_global+icon_global|-|precip_0830|L7|region=north-west|post-monsoon|all|T35.6,A3|shared-data:ecmwf_ifs025+gfs_global+icon_global|-|precip_0830|L7|region=north-west|post-monsoon|all,B3,shared-data:ecmwf_ifs025+gfs_global+icon_global,35.6,not defined,0,"region: n >= 300, dates >= 60, points >= 3"
B3|shared-data:ecmwf_ifs025+gfs_global+icon_global|-|precip_0830|L7|region=north-west|post-monsoon|all|T64.5,A3|shared-data:ecmwf_ifs025+gfs_global+icon_global|-|precip_0830|L7|region=north-west|post-monsoon|all,B3,shared-data:ecmwf_ifs025+gfs_global+icon_global,64.5,not defined,0,"region: n >= 300, dates >= 60, points >= 3"
B3|shared-data:ecmwf_ifs025+gfs_global+icon_global|-|precip_0830|L7|region=north-west|pre-monsoon|all|T115.6,A3|shared-data:ecmwf_ifs025+gfs_global+icon_global|-|precip_0830|L7|region=north-west|pre-monsoon|all,B3,shared-data:ecmwf_ifs025+gfs_global+icon_global,115.6,not defined,0,"region: n >= 300, dates >= 60, points >= 3"
B3|shared-data:ecmwf_ifs025+gfs_global+icon_global|-|precip_0830|L7|region=north-west|pre-monsoon|all|T35.6,A3|shared-data:ecmwf_ifs025+gfs_global+icon_global|-|precip_0830|L7|region=north-west|pre-monsoon|all,B3,shared-data:ecmwf_ifs025+gfs_global+icon_global,35.6,not defined,0,"region: n >= 300, dates >= 60, points >= 3"
B3|shared-data:ecmwf_ifs025+gfs_global+icon_global|-|precip_0830|L7|region=north-west|pre-monsoon|all|T64.5,A3|shared-data:ecmwf_ifs025+gfs_global+icon_global|-|precip_0830|L7|region=north-west|pre-monsoon|all,B3,shared-data:ecmwf_ifs025+gfs_global+icon_global,64.5,not defined,0,"region: n >= 300, dates >= 60, points >= 3"
B3|shared-data:ecmwf_ifs025+gfs_global+icon_global|-|precip_0830|L7|region=north-west|winter|all|T115.6,A3|shared-data:ecmwf_ifs025+gfs_global+icon_global|-|precip_0830|L7|region=north-west|winter|all,B3,shared-data:ecmwf_ifs025+gfs_global+icon_global,115.6,not defined,0,"region: n >= 300, dates >= 60, points >= 3"
B3|shared-data:ecmwf_ifs025+gfs_global+icon_global|-|precip_0830|L7|region=north-west|winter|all|T35.6,A3|shared-data:ecmwf_ifs025+gfs_global+icon_global|-|precip_0830|L7|region=north-west|winter|all,B3,shared-data:ecmwf_ifs025+gfs_global+icon_global,35.6,not defined,0,"region: n >= 300, dates >= 60, points >= 3"
B3|shared-data:ecmwf_ifs025+gfs_global+icon_global|-|precip_0830|L7|region=north-west|winter|all|T64.5,A3|shared-data:ecmwf_ifs025+gfs_global+icon_global|-|precip_0830|L7|region=north-west|winter|all,B3,shared-data:ecmwf_ifs025+gfs_global+icon_global,64.5,not defined,0,"region: n >= 300, dates >= 60, points >= 3"
B3|shared-data:ecmwf_ifs025+gfs_global+icon_global|-|precip_0830|L7|region=south-peninsula|all|all|T115.6,A3|shared-data:ecmwf_ifs025+gfs_global+icon_global|-|precip_0830|L7|region=south-peninsula|all|all,B3,shared-data:ecmwf_ifs025+gfs_global+icon_global,115.6,not defined,0,"region: n >= 300, dates >= 60, points >= 3"
B3|shared-data:ecmwf_ifs025+gfs_global+icon_global|-|precip_0830|L7|region=south-peninsula|all|all|T35.6,A3|shared-data:ecmwf_ifs025+gfs_global+icon_global|-|precip_0830|L7|region=south-peninsula|all|all,B3,shared-data:ecmwf_ifs025+gfs_global+icon_global,35.6,not defined,0,"region: n >= 300, dates >= 60, points >= 3"
B3|shared-data:ecmwf_ifs025+gfs_global+icon_global|-|precip_0830|L7|region=south-peninsula|all|all|T64.5,A3|shared-data:ecmwf_ifs025+gfs_global+icon_global|-|precip_0830|L7|region=south-peninsula|all|all,B3,shared-data:ecmwf_ifs025+gfs_global+icon_global,64.5,not defined,0,"region: n >= 300, dates >= 60, points >= 3"
B3|shared-data:ecmwf_ifs025+gfs_global+icon_global|-|precip_0830|L7|region=south-peninsula|monsoon|all|T115.6,A3|shared-data:ecmwf_ifs025+gfs_global+icon_global|-|precip_0830|L7|region=south-peninsula|monsoon|all,B3,shared-data:ecmwf_ifs025+gfs_global+icon_global,115.6,not defined,0,"region: n >= 300, dates >= 60, points >= 3"
B3|shared-data:ecmwf_ifs025+gfs_global+icon_global|-|precip_0830|L7|region=south-peninsula|monsoon|all|T35.6,A3|shared-data:ecmwf_ifs025+gfs_global+icon_global|-|precip_0830|L7|region=south-peninsula|monsoon|all,B3,shared-data:ecmwf_ifs025+gfs_global+icon_global,35.6,not defined,0,"region: n >= 300, dates >= 60, points >= 3"
B3|shared-data:ecmwf_ifs025+gfs_global+icon_global|-|precip_0830|L7|region=south-peninsula|monsoon|all|T64.5,A3|shared-data:ecmwf_ifs025+gfs_global+icon_global|-|precip_0830|L7|region=south-peninsula|monsoon|all,B3,shared-data:ecmwf_ifs025+gfs_global+icon_global,64.5,not defined,0,"region: n >= 300, dates >= 60, points >= 3"
B3|shared-data:ecmwf_ifs025+gfs_global+icon_global|-|precip_0830|L7|region=south-peninsula|post-monsoon|all|T115.6,A3|shared-data:ecmwf_ifs025+gfs_global+icon_global|-|precip_0830|L7|region=south-peninsula|post-monsoon|all,B3,shared-data:ecmwf_ifs025+gfs_global+icon_global,115.6,not defined,0,"region: n >= 300, dates >= 60, points >= 3"
B3|shared-data:ecmwf_ifs025+gfs_global+icon_global|-|precip_0830|L7|region=south-peninsula|post-monsoon|all|T35.6,A3|shared-data:ecmwf_ifs025+gfs_global+icon_global|-|precip_0830|L7|region=south-peninsula|post-monsoon|all,B3,shared-data:ecmwf_ifs025+gfs_global+icon_global,35.6,not defined,0,"region: n >= 300, dates >= 60, points >= 3"
B3|shared-data:ecmwf_ifs025+gfs_global+icon_global|-|precip_0830|L7|region=south-peninsula|post-monsoon|all|T64.5,A3|shared-data:ecmwf_ifs025+gfs_global+icon_global|-|precip_0830|L7|region=south-peninsula|post-monsoon|all,B3,shared-data:ecmwf_ifs025+gfs_global+icon_global,64.5,not defined,0,"region: n >= 300, dates >= 60, points >= 3"
B3|shared-data:ecmwf_ifs025+gfs_global+icon_global|-|precip_0830|L7|region=south-peninsula|pre-monsoon|all|T115.6,A3|shared-data:ecmwf_ifs025+gfs_global+icon_global|-|precip_0830|L7|region=south-peninsula|pre-monsoon|all,B3,shared-data:ecmwf_ifs025+gfs_global+icon_global,115.6,not defined,0,"region: n >= 300, dates >= 60, points >= 3"
B3|shared-data:ecmwf_ifs025+gfs_global+icon_global|-|precip_0830|L7|region=south-peninsula|pre-monsoon|all|T35.6,A3|shared-data:ecmwf_ifs025+gfs_global+icon_global|-|precip_0830|L7|region=south-peninsula|pre-monsoon|all,B3,shared-data:ecmwf_ifs025+gfs_global+icon_global,35.6,not defined,0,"region: n >= 300, dates >= 60, points >= 3"
B3|shared-data:ecmwf_ifs025+gfs_global+icon_global|-|precip_0830|L7|region=south-peninsula|pre-monsoon|all|T64.5,A3|shared-data:ecmwf_ifs025+gfs_global+icon_global|-|precip_0830|L7|region=south-peninsula|pre-monsoon|all,B3,shared-data:ecmwf_ifs025+gfs_global+icon_global,64.5,not defined,0,"region: n >= 300, dates >= 60, points >= 3"
B3|shared-data:ecmwf_ifs025+gfs_global+icon_global|-|precip_0830|L7|region=south-peninsula|winter|all|T115.6,A3|shared-data:ecmwf_ifs025+gfs_global+icon_global|-|precip_0830|L7|region=south-peninsula|winter|all,B3,shared-data:ecmwf_ifs025+gfs_global+icon_global,115.6,not defined,0,"region: n >= 300, dates >= 60, points >= 3"
B3|shared-data:ecmwf_ifs025+gfs_global+icon_global|-|precip_0830|L7|region=south-peninsula|winter|all|T35.6,A3|shared-data:ecmwf_ifs025+gfs_global+icon_global|-|precip_0830|L7|region=south-peninsula|winter|all,B3,shared-data:ecmwf_ifs025+gfs_global+icon_global,35.6,not defined,0,"region: n >= 300, dates >= 60, points >= 3"
B3|shared-data:ecmwf_ifs025+gfs_global+icon_global|-|precip_0830|L7|region=south-peninsula|winter|all|T64.5,A3|shared-data:ecmwf_ifs025+gfs_global+icon_global|-|precip_0830|L7|region=south-peninsula|winter|all,B3,shared-data:ecmwf_ifs025+gfs_global+icon_global,64.5,not defined,0,"region: n >= 300, dates >= 60, points >= 3"
B3|shared-data:ecmwf_ifs025+gfs_global|-|precip_0830|L1|region=islands|all|all|T115.6,A3|shared-data:ecmwf_ifs025+gfs_global|-|precip_0830|L1|region=islands|all|all,B3,shared-data:ecmwf_ifs025+gfs_global,115.6,insufficient sample,0,"region: n >= 300, dates >= 60, points >= 3"
B3|shared-data:ecmwf_ifs025+gfs_global|-|precip_0830|L1|region=islands|all|all|T35.6,A3|shared-data:ecmwf_ifs025+gfs_global|-|precip_0830|L1|region=islands|all|all,B3,shared-data:ecmwf_ifs025+gfs_global,35.6,insufficient sample,0,"region: n >= 300, dates >= 60, points >= 3"
B3|shared-data:ecmwf_ifs025+gfs_global|-|precip_0830|L1|region=islands|all|all|T64.5,A3|shared-data:ecmwf_ifs025+gfs_global|-|precip_0830|L1|region=islands|all|all,B3,shared-data:ecmwf_ifs025+gfs_global,64.5,insufficient sample,0,"region: n >= 300, dates >= 60, points >= 3"
B3|shared-data:ecmwf_ifs025+gfs_global|-|precip_0830|L1|region=islands|monsoon|all|T115.6,A3|shared-data:ecmwf_ifs025+gfs_global|-|precip_0830|L1|region=islands|monsoon|all,B3,shared-data:ecmwf_ifs025+gfs_global,115.6,insufficient sample,0,"region: n >= 300, dates >= 60, points >= 3"
B3|shared-data:ecmwf_ifs025+gfs_global|-|precip_0830|L1|region=islands|monsoon|all|T35.6,A3|shared-data:ecmwf_ifs025+gfs_global|-|precip_0830|L1|region=islands|monsoon|all,B3,shared-data:ecmwf_ifs025+gfs_global,35.6,insufficient sample,0,"region: n >= 300, dates >= 60, points >= 3"
B3|shared-data:ecmwf_ifs025+gfs_global|-|precip_0830|L1|region=islands|monsoon|all|T64.5,A3|shared-data:ecmwf_ifs025+gfs_global|-|precip_0830|L1|region=islands|monsoon|all,B3,shared-data:ecmwf_ifs025+gfs_global,64.5,insufficient sample,0,"region: n >= 300, dates >= 60, points >= 3"
B3|shared-data:ecmwf_ifs025+gfs_global|-|precip_0830|L1|region=islands|post-monsoon|all|T115.6,A3|shared-data:ecmwf_ifs025+gfs_global|-|precip_0830|L1|region=islands|post-monsoon|all,B3,shared-data:ecmwf_ifs025+gfs_global,115.6,insufficient sample,0,"region: n >= 300, dates >= 60, points >= 3"
B3|shared-data:ecmwf_ifs025+gfs_global|-|precip_0830|L1|region=islands|post-monsoon|all|T35.6,A3|shared-data:ecmwf_ifs025+gfs_global|-|precip_0830|L1|region=islands|post-monsoon|all,B3,shared-data:ecmwf_ifs025+gfs_global,35.6,insufficient sample,0,"region: n >= 300, dates >= 60, points >= 3"
B3|shared-data:ecmwf_ifs025+gfs_global|-|precip_0830|L1|region=islands|post-monsoon|all|T64.5,A3|shared-data:ecmwf_ifs025+gfs_global|-|precip_0830|L1|region=islands|post-monsoon|all,B3,shared-data:ecmwf_ifs025+gfs_global,64.5,insufficient sample,0,"region: n >= 300, dates >= 60, points >= 3"
B3|shared-data:ecmwf_ifs025+gfs_global|-|precip_0830|L1|region=islands|pre-monsoon|all|T115.6,A3|shared-data:ecmwf_ifs025+gfs_global|-|precip_0830|L1|region=islands|pre-monsoon|all,B3,shared-data:ecmwf_ifs025+gfs_global,115.6,insufficient sample,0,"region: n >= 300, dates >= 60, points >= 3"
B3|shared-data:ecmwf_ifs025+gfs_global|-|precip_0830|L1|region=islands|pre-monsoon|all|T35.6,A3|shared-data:ecmwf_ifs025+gfs_global|-|precip_0830|L1|region=islands|pre-monsoon|all,B3,shared-data:ecmwf_ifs025+gfs_global,35.6,insufficient sample,0,"region: n >= 300, dates >= 60, points >= 3"
B3|shared-data:ecmwf_ifs025+gfs_global|-|precip_0830|L1|region=islands|pre-monsoon|all|T64.5,A3|shared-data:ecmwf_ifs025+gfs_global|-|precip_0830|L1|region=islands|pre-monsoon|all,B3,shared-data:ecmwf_ifs025+gfs_global,64.5,insufficient sample,0,"region: n >= 300, dates >= 60, points >= 3"
B3|shared-data:ecmwf_ifs025+gfs_global|-|precip_0830|L1|region=islands|winter|all|T115.6,A3|shared-data:ecmwf_ifs025+gfs_global|-|precip_0830|L1|region=islands|winter|all,B3,shared-data:ecmwf_ifs025+gfs_global,115.6,insufficient sample,0,"region: n >= 300, dates >= 60, points >= 3"
B3|shared-data:ecmwf_ifs025+gfs_global|-|precip_0830|L1|region=islands|winter|all|T35.6,A3|shared-data:ecmwf_ifs025+gfs_global|-|precip_0830|L1|region=islands|winter|all,B3,shared-data:ecmwf_ifs025+gfs_global,35.6,insufficient sample,0,"region: n >= 300, dates >= 60, points >= 3"
B3|shared-data:ecmwf_ifs025+gfs_global|-|precip_0830|L1|region=islands|winter|all|T64.5,A3|shared-data:ecmwf_ifs025+gfs_global|-|precip_0830|L1|region=islands|winter|all,B3,shared-data:ecmwf_ifs025+gfs_global,64.5,insufficient sample,0,"region: n >= 300, dates >= 60, points >= 3"
B3|shared-data:ecmwf_ifs025+gfs_global|-|precip_0830|L2|region=islands|all|all|T115.6,A3|shared-data:ecmwf_ifs025+gfs_global|-|precip_0830|L2|region=islands|all|all,B3,shared-data:ecmwf_ifs025+gfs_global,115.6,insufficient sample,0,"region: n >= 300, dates >= 60, points >= 3"
B3|shared-data:ecmwf_ifs025+gfs_global|-|precip_0830|L2|region=islands|all|all|T35.6,A3|shared-data:ecmwf_ifs025+gfs_global|-|precip_0830|L2|region=islands|all|all,B3,shared-data:ecmwf_ifs025+gfs_global,35.6,insufficient sample,0,"region: n >= 300, dates >= 60, points >= 3"
B3|shared-data:ecmwf_ifs025+gfs_global|-|precip_0830|L2|region=islands|all|all|T64.5,A3|shared-data:ecmwf_ifs025+gfs_global|-|precip_0830|L2|region=islands|all|all,B3,shared-data:ecmwf_ifs025+gfs_global,64.5,insufficient sample,0,"region: n >= 300, dates >= 60, points >= 3"
B3|shared-data:ecmwf_ifs025+gfs_global|-|precip_0830|L2|region=islands|monsoon|all|T115.6,A3|shared-data:ecmwf_ifs025+gfs_global|-|precip_0830|L2|region=islands|monsoon|all,B3,shared-data:ecmwf_ifs025+gfs_global,115.6,insufficient sample,0,"region: n >= 300, dates >= 60, points >= 3"
B3|shared-data:ecmwf_ifs025+gfs_global|-|precip_0830|L2|region=islands|monsoon|all|T35.6,A3|shared-data:ecmwf_ifs025+gfs_global|-|precip_0830|L2|region=islands|monsoon|all,B3,shared-data:ecmwf_ifs025+gfs_global,35.6,insufficient sample,0,"region: n >= 300, dates >= 60, points >= 3"
B3|shared-data:ecmwf_ifs025+gfs_global|-|precip_0830|L2|region=islands|monsoon|all|T64.5,A3|shared-data:ecmwf_ifs025+gfs_global|-|precip_0830|L2|region=islands|monsoon|all,B3,shared-data:ecmwf_ifs025+gfs_global,64.5,insufficient sample,0,"region: n >= 300, dates >= 60, points >= 3"
B3|shared-data:ecmwf_ifs025+gfs_global|-|precip_0830|L2|region=islands|post-monsoon|all|T115.6,A3|shared-data:ecmwf_ifs025+gfs_global|-|precip_0830|L2|region=islands|post-monsoon|all,B3,shared-data:ecmwf_ifs025+gfs_global,115.6,insufficient sample,0,"region: n >= 300, dates >= 60, points >= 3"
B3|shared-data:ecmwf_ifs025+gfs_global|-|precip_0830|L2|region=islands|post-monsoon|all|T35.6,A3|shared-data:ecmwf_ifs025+gfs_global|-|precip_0830|L2|region=islands|post-monsoon|all,B3,shared-data:ecmwf_ifs025+gfs_global,35.6,insufficient sample,0,"region: n >= 300, dates >= 60, points >= 3"
B3|shared-data:ecmwf_ifs025+gfs_global|-|precip_0830|L2|region=islands|post-monsoon|all|T64.5,A3|shared-data:ecmwf_ifs025+gfs_global|-|precip_0830|L2|region=islands|post-monsoon|all,B3,shared-data:ecmwf_ifs025+gfs_global,64.5,insufficient sample,0,"region: n >= 300, dates >= 60, points >= 3"
B3|shared-data:ecmwf_ifs025+gfs_global|-|precip_0830|L2|region=islands|pre-monsoon|all|T115.6,A3|shared-data:ecmwf_ifs025+gfs_global|-|precip_0830|L2|region=islands|pre-monsoon|all,B3,shared-data:ecmwf_ifs025+gfs_global,115.6,insufficient sample,0,"region: n >= 300, dates >= 60, points >= 3"
B3|shared-data:ecmwf_ifs025+gfs_global|-|precip_0830|L2|region=islands|pre-monsoon|all|T35.6,A3|shared-data:ecmwf_ifs025+gfs_global|-|precip_0830|L2|region=islands|pre-monsoon|all,B3,shared-data:ecmwf_ifs025+gfs_global,35.6,insufficient sample,0,"region: n >= 300, dates >= 60, points >= 3"
B3|shared-data:ecmwf_ifs025+gfs_global|-|precip_0830|L2|region=islands|pre-monsoon|all|T64.5,A3|shared-data:ecmwf_ifs025+gfs_global|-|precip_0830|L2|region=islands|pre-monsoon|all,B3,shared-data:ecmwf_ifs025+gfs_global,64.5,insufficient sample,0,"region: n >= 300, dates >= 60, points >= 3"
B3|shared-data:ecmwf_ifs025+gfs_global|-|precip_0830|L2|region=islands|winter|all|T115.6,A3|shared-data:ecmwf_ifs025+gfs_global|-|precip_0830|L2|region=islands|winter|all,B3,shared-data:ecmwf_ifs025+gfs_global,115.6,insufficient sample,0,"region: n >= 300, dates >= 60, points >= 3"
B3|shared-data:ecmwf_ifs025+gfs_global|-|precip_0830|L2|region=islands|winter|all|T35.6,A3|shared-data:ecmwf_ifs025+gfs_global|-|precip_0830|L2|region=islands|winter|all,B3,shared-data:ecmwf_ifs025+gfs_global,35.6,insufficient sample,0,"region: n >= 300, dates >= 60, points >= 3"
B3|shared-data:ecmwf_ifs025+gfs_global|-|precip_0830|L2|region=islands|winter|all|T64.5,A3|shared-data:ecmwf_ifs025+gfs_global|-|precip_0830|L2|region=islands|winter|all,B3,shared-data:ecmwf_ifs025+gfs_global,64.5,insufficient sample,0,"region: n >= 300, dates >= 60, points >= 3"
B3|shared-data:ecmwf_ifs025+gfs_global|-|precip_0830|L3|region=islands|all|all|T115.6,A3|shared-data:ecmwf_ifs025+gfs_global|-|precip_0830|L3|region=islands|all|all,B3,shared-data:ecmwf_ifs025+gfs_global,115.6,insufficient sample,0,"region: n >= 300, dates >= 60, points >= 3"
B3|shared-data:ecmwf_ifs025+gfs_global|-|precip_0830|L3|region=islands|all|all|T35.6,A3|shared-data:ecmwf_ifs025+gfs_global|-|precip_0830|L3|region=islands|all|all,B3,shared-data:ecmwf_ifs025+gfs_global,35.6,insufficient sample,0,"region: n >= 300, dates >= 60, points >= 3"
B3|shared-data:ecmwf_ifs025+gfs_global|-|precip_0830|L3|region=islands|all|all|T64.5,A3|shared-data:ecmwf_ifs025+gfs_global|-|precip_0830|L3|region=islands|all|all,B3,shared-data:ecmwf_ifs025+gfs_global,64.5,insufficient sample,0,"region: n >= 300, dates >= 60, points >= 3"
B3|shared-data:ecmwf_ifs025+gfs_global|-|precip_0830|L3|region=islands|monsoon|all|T115.6,A3|shared-data:ecmwf_ifs025+gfs_global|-|precip_0830|L3|region=islands|monsoon|all,B3,shared-data:ecmwf_ifs025+gfs_global,115.6,insufficient sample,0,"region: n >= 300, dates >= 60, points >= 3"
B3|shared-data:ecmwf_ifs025+gfs_global|-|precip_0830|L3|region=islands|monsoon|all|T35.6,A3|shared-data:ecmwf_ifs025+gfs_global|-|precip_0830|L3|region=islands|monsoon|all,B3,shared-data:ecmwf_ifs025+gfs_global,35.6,insufficient sample,0,"region: n >= 300, dates >= 60, points >= 3"
B3|shared-data:ecmwf_ifs025+gfs_global|-|precip_0830|L3|region=islands|monsoon|all|T64.5,A3|shared-data:ecmwf_ifs025+gfs_global|-|precip_0830|L3|region=islands|monsoon|all,B3,shared-data:ecmwf_ifs025+gfs_global,64.5,insufficient sample,0,"region: n >= 300, dates >= 60, points >= 3"
B3|shared-data:ecmwf_ifs025+gfs_global|-|precip_0830|L3|region=islands|post-monsoon|all|T115.6,A3|shared-data:ecmwf_ifs025+gfs_global|-|precip_0830|L3|region=islands|post-monsoon|all,B3,shared-data:ecmwf_ifs025+gfs_global,115.6,insufficient sample,0,"region: n >= 300, dates >= 60, points >= 3"
B3|shared-data:ecmwf_ifs025+gfs_global|-|precip_0830|L3|region=islands|post-monsoon|all|T35.6,A3|shared-data:ecmwf_ifs025+gfs_global|-|precip_0830|L3|region=islands|post-monsoon|all,B3,shared-data:ecmwf_ifs025+gfs_global,35.6,insufficient sample,0,"region: n >= 300, dates >= 60, points >= 3"
B3|shared-data:ecmwf_ifs025+gfs_global|-|precip_0830|L3|region=islands|post-monsoon|all|T64.5,A3|shared-data:ecmwf_ifs025+gfs_global|-|precip_0830|L3|region=islands|post-monsoon|all,B3,shared-data:ecmwf_ifs025+gfs_global,64.5,insufficient sample,0,"region: n >= 300, dates >= 60, points >= 3"
B3|shared-data:ecmwf_ifs025+gfs_global|-|precip_0830|L3|region=islands|pre-monsoon|all|T115.6,A3|shared-data:ecmwf_ifs025+gfs_global|-|precip_0830|L3|region=islands|pre-monsoon|all,B3,shared-data:ecmwf_ifs025+gfs_global,115.6,insufficient sample,0,"region: n >= 300, dates >= 60, points >= 3"
B3|shared-data:ecmwf_ifs025+gfs_global|-|precip_0830|L3|region=islands|pre-monsoon|all|T35.6,A3|shared-data:ecmwf_ifs025+gfs_global|-|precip_0830|L3|region=islands|pre-monsoon|all,B3,shared-data:ecmwf_ifs025+gfs_global,35.6,insufficient sample,0,"region: n >= 300, dates >= 60, points >= 3"
B3|shared-data:ecmwf_ifs025+gfs_global|-|precip_0830|L3|region=islands|pre-monsoon|all|T64.5,A3|shared-data:ecmwf_ifs025+gfs_global|-|precip_0830|L3|region=islands|pre-monsoon|all,B3,shared-data:ecmwf_ifs025+gfs_global,64.5,insufficient sample,0,"region: n >= 300, dates >= 60, points >= 3"
B3|shared-data:ecmwf_ifs025+gfs_global|-|precip_0830|L3|region=islands|winter|all|T115.6,A3|shared-data:ecmwf_ifs025+gfs_global|-|precip_0830|L3|region=islands|winter|all,B3,shared-data:ecmwf_ifs025+gfs_global,115.6,insufficient sample,0,"region: n >= 300, dates >= 60, points >= 3"
B3|shared-data:ecmwf_ifs025+gfs_global|-|precip_0830|L3|region=islands|winter|all|T35.6,A3|shared-data:ecmwf_ifs025+gfs_global|-|precip_0830|L3|region=islands|winter|all,B3,shared-data:ecmwf_ifs025+gfs_global,35.6,insufficient sample,0,"region: n >= 300, dates >= 60, points >= 3"
B3|shared-data:ecmwf_ifs025+gfs_global|-|precip_0830|L3|region=islands|winter|all|T64.5,A3|shared-data:ecmwf_ifs025+gfs_global|-|precip_0830|L3|region=islands|winter|all,B3,shared-data:ecmwf_ifs025+gfs_global,64.5,insufficient sample,0,"region: n >= 300, dates >= 60, points >= 3"
B3|shared-data:ecmwf_ifs025+gfs_global|-|precip_0830|L4|region=islands|all|all|T115.6,A3|shared-data:ecmwf_ifs025+gfs_global|-|precip_0830|L4|region=islands|all|all,B3,shared-data:ecmwf_ifs025+gfs_global,115.6,insufficient sample,0,"region: n >= 300, dates >= 60, points >= 3"
B3|shared-data:ecmwf_ifs025+gfs_global|-|precip_0830|L4|region=islands|all|all|T35.6,A3|shared-data:ecmwf_ifs025+gfs_global|-|precip_0830|L4|region=islands|all|all,B3,shared-data:ecmwf_ifs025+gfs_global,35.6,insufficient sample,0,"region: n >= 300, dates >= 60, points >= 3"
B3|shared-data:ecmwf_ifs025+gfs_global|-|precip_0830|L4|region=islands|all|all|T64.5,A3|shared-data:ecmwf_ifs025+gfs_global|-|precip_0830|L4|region=islands|all|all,B3,shared-data:ecmwf_ifs025+gfs_global,64.5,insufficient sample,0,"region: n >= 300, dates >= 60, points >= 3"
B3|shared-data:ecmwf_ifs025+gfs_global|-|precip_0830|L4|region=islands|monsoon|all|T115.6,A3|shared-data:ecmwf_ifs025+gfs_global|-|precip_0830|L4|region=islands|monsoon|all,B3,shared-data:ecmwf_ifs025+gfs_global,115.6,insufficient sample,0,"region: n >= 300, dates >= 60, points >= 3"
B3|shared-data:ecmwf_ifs025+gfs_global|-|precip_0830|L4|region=islands|monsoon|all|T35.6,A3|shared-data:ecmwf_ifs025+gfs_global|-|precip_0830|L4|region=islands|monsoon|all,B3,shared-data:ecmwf_ifs025+gfs_global,35.6,insufficient sample,0,"region: n >= 300, dates >= 60, points >= 3"
B3|shared-data:ecmwf_ifs025+gfs_global|-|precip_0830|L4|region=islands|monsoon|all|T64.5,A3|shared-data:ecmwf_ifs025+gfs_global|-|precip_0830|L4|region=islands|monsoon|all,B3,shared-data:ecmwf_ifs025+gfs_global,64.5,insufficient sample,0,"region: n >= 300, dates >= 60, points >= 3"
B3|shared-data:ecmwf_ifs025+gfs_global|-|precip_0830|L4|region=islands|post-monsoon|all|T115.6,A3|shared-data:ecmwf_ifs025+gfs_global|-|precip_0830|L4|region=islands|post-monsoon|all,B3,shared-data:ecmwf_ifs025+gfs_global,115.6,insufficient sample,0,"region: n >= 300, dates >= 60, points >= 3"
B3|shared-data:ecmwf_ifs025+gfs_global|-|precip_0830|L4|region=islands|post-monsoon|all|T35.6,A3|shared-data:ecmwf_ifs025+gfs_global|-|precip_0830|L4|region=islands|post-monsoon|all,B3,shared-data:ecmwf_ifs025+gfs_global,35.6,insufficient sample,0,"region: n >= 300, dates >= 60, points >= 3"
B3|shared-data:ecmwf_ifs025+gfs_global|-|precip_0830|L4|region=islands|post-monsoon|all|T64.5,A3|shared-data:ecmwf_ifs025+gfs_global|-|precip_0830|L4|region=islands|post-monsoon|all,B3,shared-data:ecmwf_ifs025+gfs_global,64.5,insufficient sample,0,"region: n >= 300, dates >= 60, points >= 3"
B3|shared-data:ecmwf_ifs025+gfs_global|-|precip_0830|L4|region=islands|pre-monsoon|all|T115.6,A3|shared-data:ecmwf_ifs025+gfs_global|-|precip_0830|L4|region=islands|pre-monsoon|all,B3,shared-data:ecmwf_ifs025+gfs_global,115.6,insufficient sample,0,"region: n >= 300, dates >= 60, points >= 3"
B3|shared-data:ecmwf_ifs025+gfs_global|-|precip_0830|L4|region=islands|pre-monsoon|all|T35.6,A3|shared-data:ecmwf_ifs025+gfs_global|-|precip_0830|L4|region=islands|pre-monsoon|all,B3,shared-data:ecmwf_ifs025+gfs_global,35.6,insufficient sample,0,"region: n >= 300, dates >= 60, points >= 3"
B3|shared-data:ecmwf_ifs025+gfs_global|-|precip_0830|L4|region=islands|pre-monsoon|all|T64.5,A3|shared-data:ecmwf_ifs025+gfs_global|-|precip_0830|L4|region=islands|pre-monsoon|all,B3,shared-data:ecmwf_ifs025+gfs_global,64.5,insufficient sample,0,"region: n >= 300, dates >= 60, points >= 3"
B3|shared-data:ecmwf_ifs025+gfs_global|-|precip_0830|L4|region=islands|winter|all|T115.6,A3|shared-data:ecmwf_ifs025+gfs_global|-|precip_0830|L4|region=islands|winter|all,B3,shared-data:ecmwf_ifs025+gfs_global,115.6,insufficient sample,0,"region: n >= 300, dates >= 60, points >= 3"
B3|shared-data:ecmwf_ifs025+gfs_global|-|precip_0830|L4|region=islands|winter|all|T35.6,A3|shared-data:ecmwf_ifs025+gfs_global|-|precip_0830|L4|region=islands|winter|all,B3,shared-data:ecmwf_ifs025+gfs_global,35.6,insufficient sample,0,"region: n >= 300, dates >= 60, points >= 3"
B3|shared-data:ecmwf_ifs025+gfs_global|-|precip_0830|L4|region=islands|winter|all|T64.5,A3|shared-data:ecmwf_ifs025+gfs_global|-|precip_0830|L4|region=islands|winter|all,B3,shared-data:ecmwf_ifs025+gfs_global,64.5,insufficient sample,0,"region: n >= 300, dates >= 60, points >= 3"
B3|shared-data:ecmwf_ifs025+gfs_global|-|precip_0830|L5|region=islands|all|all|T115.6,A3|shared-data:ecmwf_ifs025+gfs_global|-|precip_0830|L5|region=islands|all|all,B3,shared-data:ecmwf_ifs025+gfs_global,115.6,insufficient sample,0,"region: n >= 300, dates >= 60, points >= 3"
B3|shared-data:ecmwf_ifs025+gfs_global|-|precip_0830|L5|region=islands|all|all|T35.6,A3|shared-data:ecmwf_ifs025+gfs_global|-|precip_0830|L5|region=islands|all|all,B3,shared-data:ecmwf_ifs025+gfs_global,35.6,insufficient sample,0,"region: n >= 300, dates >= 60, points >= 3"
B3|shared-data:ecmwf_ifs025+gfs_global|-|precip_0830|L5|region=islands|all|all|T64.5,A3|shared-data:ecmwf_ifs025+gfs_global|-|precip_0830|L5|region=islands|all|all,B3,shared-data:ecmwf_ifs025+gfs_global,64.5,insufficient sample,0,"region: n >= 300, dates >= 60, points >= 3"
B3|shared-data:ecmwf_ifs025+gfs_global|-|precip_0830|L5|region=islands|monsoon|all|T115.6,A3|shared-data:ecmwf_ifs025+gfs_global|-|precip_0830|L5|region=islands|monsoon|all,B3,shared-data:ecmwf_ifs025+gfs_global,115.6,insufficient sample,0,"region: n >= 300, dates >= 60, points >= 3"
B3|shared-data:ecmwf_ifs025+gfs_global|-|precip_0830|L5|region=islands|monsoon|all|T35.6,A3|shared-data:ecmwf_ifs025+gfs_global|-|precip_0830|L5|region=islands|monsoon|all,B3,shared-data:ecmwf_ifs025+gfs_global,35.6,insufficient sample,0,"region: n >= 300, dates >= 60, points >= 3"
B3|shared-data:ecmwf_ifs025+gfs_global|-|precip_0830|L5|region=islands|monsoon|all|T64.5,A3|shared-data:ecmwf_ifs025+gfs_global|-|precip_0830|L5|region=islands|monsoon|all,B3,shared-data:ecmwf_ifs025+gfs_global,64.5,insufficient sample,0,"region: n >= 300, dates >= 60, points >= 3"
B3|shared-data:ecmwf_ifs025+gfs_global|-|precip_0830|L5|region=islands|post-monsoon|all|T115.6,A3|shared-data:ecmwf_ifs025+gfs_global|-|precip_0830|L5|region=islands|post-monsoon|all,B3,shared-data:ecmwf_ifs025+gfs_global,115.6,insufficient sample,0,"region: n >= 300, dates >= 60, points >= 3"
B3|shared-data:ecmwf_ifs025+gfs_global|-|precip_0830|L5|region=islands|post-monsoon|all|T35.6,A3|shared-data:ecmwf_ifs025+gfs_global|-|precip_0830|L5|region=islands|post-monsoon|all,B3,shared-data:ecmwf_ifs025+gfs_global,35.6,insufficient sample,0,"region: n >= 300, dates >= 60, points >= 3"
B3|shared-data:ecmwf_ifs025+gfs_global|-|precip_0830|L5|region=islands|post-monsoon|all|T64.5,A3|shared-data:ecmwf_ifs025+gfs_global|-|precip_0830|L5|region=islands|post-monsoon|all,B3,shared-data:ecmwf_ifs025+gfs_global,64.5,insufficient sample,0,"region: n >= 300, dates >= 60, points >= 3"
B3|shared-data:ecmwf_ifs025+gfs_global|-|precip_0830|L5|region=islands|pre-monsoon|all|T115.6,A3|shared-data:ecmwf_ifs025+gfs_global|-|precip_0830|L5|region=islands|pre-monsoon|all,B3,shared-data:ecmwf_ifs025+gfs_global,115.6,insufficient sample,0,"region: n >= 300, dates >= 60, points >= 3"
B3|shared-data:ecmwf_ifs025+gfs_global|-|precip_0830|L5|region=islands|pre-monsoon|all|T35.6,A3|shared-data:ecmwf_ifs025+gfs_global|-|precip_0830|L5|region=islands|pre-monsoon|all,B3,shared-data:ecmwf_ifs025+gfs_global,35.6,insufficient sample,0,"region: n >= 300, dates >= 60, points >= 3"
B3|shared-data:ecmwf_ifs025+gfs_global|-|precip_0830|L5|region=islands|pre-monsoon|all|T64.5,A3|shared-data:ecmwf_ifs025+gfs_global|-|precip_0830|L5|region=islands|pre-monsoon|all,B3,shared-data:ecmwf_ifs025+gfs_global,64.5,insufficient sample,0,"region: n >= 300, dates >= 60, points >= 3"
B3|shared-data:ecmwf_ifs025+gfs_global|-|precip_0830|L5|region=islands|winter|all|T115.6,A3|shared-data:ecmwf_ifs025+gfs_global|-|precip_0830|L5|region=islands|winter|all,B3,shared-data:ecmwf_ifs025+gfs_global,115.6,insufficient sample,0,"region: n >= 300, dates >= 60, points >= 3"
B3|shared-data:ecmwf_ifs025+gfs_global|-|precip_0830|L5|region=islands|winter|all|T35.6,A3|shared-data:ecmwf_ifs025+gfs_global|-|precip_0830|L5|region=islands|winter|all,B3,shared-data:ecmwf_ifs025+gfs_global,35.6,insufficient sample,0,"region: n >= 300, dates >= 60, points >= 3"
B3|shared-data:ecmwf_ifs025+gfs_global|-|precip_0830|L5|region=islands|winter|all|T64.5,A3|shared-data:ecmwf_ifs025+gfs_global|-|precip_0830|L5|region=islands|winter|all,B3,shared-data:ecmwf_ifs025+gfs_global,64.5,insufficient sample,0,"region: n >= 300, dates >= 60, points >= 3"
B3|shared-data:ecmwf_ifs025+gfs_global|-|precip_0830|L6|region=islands|all|all|T115.6,A3|shared-data:ecmwf_ifs025+gfs_global|-|precip_0830|L6|region=islands|all|all,B3,shared-data:ecmwf_ifs025+gfs_global,115.6,insufficient sample,0,"region: n >= 300, dates >= 60, points >= 3"
B3|shared-data:ecmwf_ifs025+gfs_global|-|precip_0830|L6|region=islands|all|all|T35.6,A3|shared-data:ecmwf_ifs025+gfs_global|-|precip_0830|L6|region=islands|all|all,B3,shared-data:ecmwf_ifs025+gfs_global,35.6,insufficient sample,0,"region: n >= 300, dates >= 60, points >= 3"
B3|shared-data:ecmwf_ifs025+gfs_global|-|precip_0830|L6|region=islands|all|all|T64.5,A3|shared-data:ecmwf_ifs025+gfs_global|-|precip_0830|L6|region=islands|all|all,B3,shared-data:ecmwf_ifs025+gfs_global,64.5,insufficient sample,0,"region: n >= 300, dates >= 60, points >= 3"
B3|shared-data:ecmwf_ifs025+gfs_global|-|precip_0830|L6|region=islands|monsoon|all|T115.6,A3|shared-data:ecmwf_ifs025+gfs_global|-|precip_0830|L6|region=islands|monsoon|all,B3,shared-data:ecmwf_ifs025+gfs_global,115.6,insufficient sample,0,"region: n >= 300, dates >= 60, points >= 3"
B3|shared-data:ecmwf_ifs025+gfs_global|-|precip_0830|L6|region=islands|monsoon|all|T35.6,A3|shared-data:ecmwf_ifs025+gfs_global|-|precip_0830|L6|region=islands|monsoon|all,B3,shared-data:ecmwf_ifs025+gfs_global,35.6,insufficient sample,0,"region: n >= 300, dates >= 60, points >= 3"
B3|shared-data:ecmwf_ifs025+gfs_global|-|precip_0830|L6|region=islands|monsoon|all|T64.5,A3|shared-data:ecmwf_ifs025+gfs_global|-|precip_0830|L6|region=islands|monsoon|all,B3,shared-data:ecmwf_ifs025+gfs_global,64.5,insufficient sample,0,"region: n >= 300, dates >= 60, points >= 3"
B3|shared-data:ecmwf_ifs025+gfs_global|-|precip_0830|L6|region=islands|post-monsoon|all|T115.6,A3|shared-data:ecmwf_ifs025+gfs_global|-|precip_0830|L6|region=islands|post-monsoon|all,B3,shared-data:ecmwf_ifs025+gfs_global,115.6,insufficient sample,0,"region: n >= 300, dates >= 60, points >= 3"
B3|shared-data:ecmwf_ifs025+gfs_global|-|precip_0830|L6|region=islands|post-monsoon|all|T35.6,A3|shared-data:ecmwf_ifs025+gfs_global|-|precip_0830|L6|region=islands|post-monsoon|all,B3,shared-data:ecmwf_ifs025+gfs_global,35.6,insufficient sample,0,"region: n >= 300, dates >= 60, points >= 3"
B3|shared-data:ecmwf_ifs025+gfs_global|-|precip_0830|L6|region=islands|post-monsoon|all|T64.5,A3|shared-data:ecmwf_ifs025+gfs_global|-|precip_0830|L6|region=islands|post-monsoon|all,B3,shared-data:ecmwf_ifs025+gfs_global,64.5,insufficient sample,0,"region: n >= 300, dates >= 60, points >= 3"
B3|shared-data:ecmwf_ifs025+gfs_global|-|precip_0830|L6|region=islands|pre-monsoon|all|T115.6,A3|shared-data:ecmwf_ifs025+gfs_global|-|precip_0830|L6|region=islands|pre-monsoon|all,B3,shared-data:ecmwf_ifs025+gfs_global,115.6,insufficient sample,0,"region: n >= 300, dates >= 60, points >= 3"
B3|shared-data:ecmwf_ifs025+gfs_global|-|precip_0830|L6|region=islands|pre-monsoon|all|T35.6,A3|shared-data:ecmwf_ifs025+gfs_global|-|precip_0830|L6|region=islands|pre-monsoon|all,B3,shared-data:ecmwf_ifs025+gfs_global,35.6,insufficient sample,0,"region: n >= 300, dates >= 60, points >= 3"
B3|shared-data:ecmwf_ifs025+gfs_global|-|precip_0830|L6|region=islands|pre-monsoon|all|T64.5,A3|shared-data:ecmwf_ifs025+gfs_global|-|precip_0830|L6|region=islands|pre-monsoon|all,B3,shared-data:ecmwf_ifs025+gfs_global,64.5,insufficient sample,0,"region: n >= 300, dates >= 60, points >= 3"
B3|shared-data:ecmwf_ifs025+gfs_global|-|precip_0830|L6|region=islands|winter|all|T115.6,A3|shared-data:ecmwf_ifs025+gfs_global|-|precip_0830|L6|region=islands|winter|all,B3,shared-data:ecmwf_ifs025+gfs_global,115.6,insufficient sample,0,"region: n >= 300, dates >= 60, points >= 3"
B3|shared-data:ecmwf_ifs025+gfs_global|-|precip_0830|L6|region=islands|winter|all|T35.6,A3|shared-data:ecmwf_ifs025+gfs_global|-|precip_0830|L6|region=islands|winter|all,B3,shared-data:ecmwf_ifs025+gfs_global,35.6,insufficient sample,0,"region: n >= 300, dates >= 60, points >= 3"
B3|shared-data:ecmwf_ifs025+gfs_global|-|precip_0830|L6|region=islands|winter|all|T64.5,A3|shared-data:ecmwf_ifs025+gfs_global|-|precip_0830|L6|region=islands|winter|all,B3,shared-data:ecmwf_ifs025+gfs_global,64.5,insufficient sample,0,"region: n >= 300, dates >= 60, points >= 3"
B3|shared-data:ecmwf_ifs025+gfs_global|-|precip_0830|L7|region=islands|all|all|T115.6,A3|shared-data:ecmwf_ifs025+gfs_global|-|precip_0830|L7|region=islands|all|all,B3,shared-data:ecmwf_ifs025+gfs_global,115.6,insufficient sample,0,"region: n >= 300, dates >= 60, points >= 3"
B3|shared-data:ecmwf_ifs025+gfs_global|-|precip_0830|L7|region=islands|all|all|T35.6,A3|shared-data:ecmwf_ifs025+gfs_global|-|precip_0830|L7|region=islands|all|all,B3,shared-data:ecmwf_ifs025+gfs_global,35.6,insufficient sample,0,"region: n >= 300, dates >= 60, points >= 3"
B3|shared-data:ecmwf_ifs025+gfs_global|-|precip_0830|L7|region=islands|all|all|T64.5,A3|shared-data:ecmwf_ifs025+gfs_global|-|precip_0830|L7|region=islands|all|all,B3,shared-data:ecmwf_ifs025+gfs_global,64.5,insufficient sample,0,"region: n >= 300, dates >= 60, points >= 3"
B3|shared-data:ecmwf_ifs025+gfs_global|-|precip_0830|L7|region=islands|monsoon|all|T115.6,A3|shared-data:ecmwf_ifs025+gfs_global|-|precip_0830|L7|region=islands|monsoon|all,B3,shared-data:ecmwf_ifs025+gfs_global,115.6,insufficient sample,0,"region: n >= 300, dates >= 60, points >= 3"
B3|shared-data:ecmwf_ifs025+gfs_global|-|precip_0830|L7|region=islands|monsoon|all|T35.6,A3|shared-data:ecmwf_ifs025+gfs_global|-|precip_0830|L7|region=islands|monsoon|all,B3,shared-data:ecmwf_ifs025+gfs_global,35.6,insufficient sample,0,"region: n >= 300, dates >= 60, points >= 3"
B3|shared-data:ecmwf_ifs025+gfs_global|-|precip_0830|L7|region=islands|monsoon|all|T64.5,A3|shared-data:ecmwf_ifs025+gfs_global|-|precip_0830|L7|region=islands|monsoon|all,B3,shared-data:ecmwf_ifs025+gfs_global,64.5,insufficient sample,0,"region: n >= 300, dates >= 60, points >= 3"
B3|shared-data:ecmwf_ifs025+gfs_global|-|precip_0830|L7|region=islands|post-monsoon|all|T115.6,A3|shared-data:ecmwf_ifs025+gfs_global|-|precip_0830|L7|region=islands|post-monsoon|all,B3,shared-data:ecmwf_ifs025+gfs_global,115.6,insufficient sample,0,"region: n >= 300, dates >= 60, points >= 3"
B3|shared-data:ecmwf_ifs025+gfs_global|-|precip_0830|L7|region=islands|post-monsoon|all|T35.6,A3|shared-data:ecmwf_ifs025+gfs_global|-|precip_0830|L7|region=islands|post-monsoon|all,B3,shared-data:ecmwf_ifs025+gfs_global,35.6,insufficient sample,0,"region: n >= 300, dates >= 60, points >= 3"
B3|shared-data:ecmwf_ifs025+gfs_global|-|precip_0830|L7|region=islands|post-monsoon|all|T64.5,A3|shared-data:ecmwf_ifs025+gfs_global|-|precip_0830|L7|region=islands|post-monsoon|all,B3,shared-data:ecmwf_ifs025+gfs_global,64.5,insufficient sample,0,"region: n >= 300, dates >= 60, points >= 3"
B3|shared-data:ecmwf_ifs025+gfs_global|-|precip_0830|L7|region=islands|pre-monsoon|all|T115.6,A3|shared-data:ecmwf_ifs025+gfs_global|-|precip_0830|L7|region=islands|pre-monsoon|all,B3,shared-data:ecmwf_ifs025+gfs_global,115.6,insufficient sample,0,"region: n >= 300, dates >= 60, points >= 3"
B3|shared-data:ecmwf_ifs025+gfs_global|-|precip_0830|L7|region=islands|pre-monsoon|all|T35.6,A3|shared-data:ecmwf_ifs025+gfs_global|-|precip_0830|L7|region=islands|pre-monsoon|all,B3,shared-data:ecmwf_ifs025+gfs_global,35.6,insufficient sample,0,"region: n >= 300, dates >= 60, points >= 3"
B3|shared-data:ecmwf_ifs025+gfs_global|-|precip_0830|L7|region=islands|pre-monsoon|all|T64.5,A3|shared-data:ecmwf_ifs025+gfs_global|-|precip_0830|L7|region=islands|pre-monsoon|all,B3,shared-data:ecmwf_ifs025+gfs_global,64.5,insufficient sample,0,"region: n >= 300, dates >= 60, points >= 3"
B3|shared-data:ecmwf_ifs025+gfs_global|-|precip_0830|L7|region=islands|winter|all|T115.6,A3|shared-data:ecmwf_ifs025+gfs_global|-|precip_0830|L7|region=islands|winter|all,B3,shared-data:ecmwf_ifs025+gfs_global,115.6,insufficient sample,0,"region: n >= 300, dates >= 60, points >= 3"
B3|shared-data:ecmwf_ifs025+gfs_global|-|precip_0830|L7|region=islands|winter|all|T35.6,A3|shared-data:ecmwf_ifs025+gfs_global|-|precip_0830|L7|region=islands|winter|all,B3,shared-data:ecmwf_ifs025+gfs_global,35.6,insufficient sample,0,"region: n >= 300, dates >= 60, points >= 3"
B3|shared-data:ecmwf_ifs025+gfs_global|-|precip_0830|L7|region=islands|winter|all|T64.5,A3|shared-data:ecmwf_ifs025+gfs_global|-|precip_0830|L7|region=islands|winter|all,B3,shared-data:ecmwf_ifs025+gfs_global,64.5,insufficient sample,0,"region: n >= 300, dates >= 60, points >= 3"
B3|shared-data:ecmwf_ifs025+icon_global|-|precip_0830|L1|region=islands|all|all|T115.6,A3|shared-data:ecmwf_ifs025+icon_global|-|precip_0830|L1|region=islands|all|all,B3,shared-data:ecmwf_ifs025+icon_global,115.6,insufficient sample,0,"region: n >= 300, dates >= 60, points >= 3"
B3|shared-data:ecmwf_ifs025+icon_global|-|precip_0830|L1|region=islands|all|all|T35.6,A3|shared-data:ecmwf_ifs025+icon_global|-|precip_0830|L1|region=islands|all|all,B3,shared-data:ecmwf_ifs025+icon_global,35.6,insufficient sample,0,"region: n >= 300, dates >= 60, points >= 3"
B3|shared-data:ecmwf_ifs025+icon_global|-|precip_0830|L1|region=islands|all|all|T64.5,A3|shared-data:ecmwf_ifs025+icon_global|-|precip_0830|L1|region=islands|all|all,B3,shared-data:ecmwf_ifs025+icon_global,64.5,insufficient sample,0,"region: n >= 300, dates >= 60, points >= 3"
B3|shared-data:ecmwf_ifs025+icon_global|-|precip_0830|L1|region=islands|monsoon|all|T115.6,A3|shared-data:ecmwf_ifs025+icon_global|-|precip_0830|L1|region=islands|monsoon|all,B3,shared-data:ecmwf_ifs025+icon_global,115.6,insufficient sample,0,"region: n >= 300, dates >= 60, points >= 3"
B3|shared-data:ecmwf_ifs025+icon_global|-|precip_0830|L1|region=islands|monsoon|all|T35.6,A3|shared-data:ecmwf_ifs025+icon_global|-|precip_0830|L1|region=islands|monsoon|all,B3,shared-data:ecmwf_ifs025+icon_global,35.6,insufficient sample,0,"region: n >= 300, dates >= 60, points >= 3"
B3|shared-data:ecmwf_ifs025+icon_global|-|precip_0830|L1|region=islands|monsoon|all|T64.5,A3|shared-data:ecmwf_ifs025+icon_global|-|precip_0830|L1|region=islands|monsoon|all,B3,shared-data:ecmwf_ifs025+icon_global,64.5,insufficient sample,0,"region: n >= 300, dates >= 60, points >= 3"
B3|shared-data:ecmwf_ifs025+icon_global|-|precip_0830|L1|region=islands|post-monsoon|all|T115.6,A3|shared-data:ecmwf_ifs025+icon_global|-|precip_0830|L1|region=islands|post-monsoon|all,B3,shared-data:ecmwf_ifs025+icon_global,115.6,insufficient sample,0,"region: n >= 300, dates >= 60, points >= 3"
B3|shared-data:ecmwf_ifs025+icon_global|-|precip_0830|L1|region=islands|post-monsoon|all|T35.6,A3|shared-data:ecmwf_ifs025+icon_global|-|precip_0830|L1|region=islands|post-monsoon|all,B3,shared-data:ecmwf_ifs025+icon_global,35.6,insufficient sample,0,"region: n >= 300, dates >= 60, points >= 3"
B3|shared-data:ecmwf_ifs025+icon_global|-|precip_0830|L1|region=islands|post-monsoon|all|T64.5,A3|shared-data:ecmwf_ifs025+icon_global|-|precip_0830|L1|region=islands|post-monsoon|all,B3,shared-data:ecmwf_ifs025+icon_global,64.5,insufficient sample,0,"region: n >= 300, dates >= 60, points >= 3"
B3|shared-data:ecmwf_ifs025+icon_global|-|precip_0830|L1|region=islands|pre-monsoon|all|T115.6,A3|shared-data:ecmwf_ifs025+icon_global|-|precip_0830|L1|region=islands|pre-monsoon|all,B3,shared-data:ecmwf_ifs025+icon_global,115.6,insufficient sample,0,"region: n >= 300, dates >= 60, points >= 3"
B3|shared-data:ecmwf_ifs025+icon_global|-|precip_0830|L1|region=islands|pre-monsoon|all|T35.6,A3|shared-data:ecmwf_ifs025+icon_global|-|precip_0830|L1|region=islands|pre-monsoon|all,B3,shared-data:ecmwf_ifs025+icon_global,35.6,insufficient sample,0,"region: n >= 300, dates >= 60, points >= 3"
B3|shared-data:ecmwf_ifs025+icon_global|-|precip_0830|L1|region=islands|pre-monsoon|all|T64.5,A3|shared-data:ecmwf_ifs025+icon_global|-|precip_0830|L1|region=islands|pre-monsoon|all,B3,shared-data:ecmwf_ifs025+icon_global,64.5,insufficient sample,0,"region: n >= 300, dates >= 60, points >= 3"
B3|shared-data:ecmwf_ifs025+icon_global|-|precip_0830|L1|region=islands|winter|all|T115.6,A3|shared-data:ecmwf_ifs025+icon_global|-|precip_0830|L1|region=islands|winter|all,B3,shared-data:ecmwf_ifs025+icon_global,115.6,insufficient sample,0,"region: n >= 300, dates >= 60, points >= 3"
B3|shared-data:ecmwf_ifs025+icon_global|-|precip_0830|L1|region=islands|winter|all|T35.6,A3|shared-data:ecmwf_ifs025+icon_global|-|precip_0830|L1|region=islands|winter|all,B3,shared-data:ecmwf_ifs025+icon_global,35.6,insufficient sample,0,"region: n >= 300, dates >= 60, points >= 3"
B3|shared-data:ecmwf_ifs025+icon_global|-|precip_0830|L1|region=islands|winter|all|T64.5,A3|shared-data:ecmwf_ifs025+icon_global|-|precip_0830|L1|region=islands|winter|all,B3,shared-data:ecmwf_ifs025+icon_global,64.5,insufficient sample,0,"region: n >= 300, dates >= 60, points >= 3"
B3|shared-data:ecmwf_ifs025+icon_global|-|precip_0830|L2|region=islands|all|all|T115.6,A3|shared-data:ecmwf_ifs025+icon_global|-|precip_0830|L2|region=islands|all|all,B3,shared-data:ecmwf_ifs025+icon_global,115.6,insufficient sample,0,"region: n >= 300, dates >= 60, points >= 3"
B3|shared-data:ecmwf_ifs025+icon_global|-|precip_0830|L2|region=islands|all|all|T35.6,A3|shared-data:ecmwf_ifs025+icon_global|-|precip_0830|L2|region=islands|all|all,B3,shared-data:ecmwf_ifs025+icon_global,35.6,insufficient sample,0,"region: n >= 300, dates >= 60, points >= 3"
B3|shared-data:ecmwf_ifs025+icon_global|-|precip_0830|L2|region=islands|all|all|T64.5,A3|shared-data:ecmwf_ifs025+icon_global|-|precip_0830|L2|region=islands|all|all,B3,shared-data:ecmwf_ifs025+icon_global,64.5,insufficient sample,0,"region: n >= 300, dates >= 60, points >= 3"
B3|shared-data:ecmwf_ifs025+icon_global|-|precip_0830|L2|region=islands|monsoon|all|T115.6,A3|shared-data:ecmwf_ifs025+icon_global|-|precip_0830|L2|region=islands|monsoon|all,B3,shared-data:ecmwf_ifs025+icon_global,115.6,insufficient sample,0,"region: n >= 300, dates >= 60, points >= 3"
B3|shared-data:ecmwf_ifs025+icon_global|-|precip_0830|L2|region=islands|monsoon|all|T35.6,A3|shared-data:ecmwf_ifs025+icon_global|-|precip_0830|L2|region=islands|monsoon|all,B3,shared-data:ecmwf_ifs025+icon_global,35.6,insufficient sample,0,"region: n >= 300, dates >= 60, points >= 3"
B3|shared-data:ecmwf_ifs025+icon_global|-|precip_0830|L2|region=islands|monsoon|all|T64.5,A3|shared-data:ecmwf_ifs025+icon_global|-|precip_0830|L2|region=islands|monsoon|all,B3,shared-data:ecmwf_ifs025+icon_global,64.5,insufficient sample,0,"region: n >= 300, dates >= 60, points >= 3"
B3|shared-data:ecmwf_ifs025+icon_global|-|precip_0830|L2|region=islands|post-monsoon|all|T115.6,A3|shared-data:ecmwf_ifs025+icon_global|-|precip_0830|L2|region=islands|post-monsoon|all,B3,shared-data:ecmwf_ifs025+icon_global,115.6,insufficient sample,0,"region: n >= 300, dates >= 60, points >= 3"
B3|shared-data:ecmwf_ifs025+icon_global|-|precip_0830|L2|region=islands|post-monsoon|all|T35.6,A3|shared-data:ecmwf_ifs025+icon_global|-|precip_0830|L2|region=islands|post-monsoon|all,B3,shared-data:ecmwf_ifs025+icon_global,35.6,insufficient sample,0,"region: n >= 300, dates >= 60, points >= 3"
B3|shared-data:ecmwf_ifs025+icon_global|-|precip_0830|L2|region=islands|post-monsoon|all|T64.5,A3|shared-data:ecmwf_ifs025+icon_global|-|precip_0830|L2|region=islands|post-monsoon|all,B3,shared-data:ecmwf_ifs025+icon_global,64.5,insufficient sample,0,"region: n >= 300, dates >= 60, points >= 3"
B3|shared-data:ecmwf_ifs025+icon_global|-|precip_0830|L2|region=islands|pre-monsoon|all|T115.6,A3|shared-data:ecmwf_ifs025+icon_global|-|precip_0830|L2|region=islands|pre-monsoon|all,B3,shared-data:ecmwf_ifs025+icon_global,115.6,insufficient sample,0,"region: n >= 300, dates >= 60, points >= 3"
B3|shared-data:ecmwf_ifs025+icon_global|-|precip_0830|L2|region=islands|pre-monsoon|all|T35.6,A3|shared-data:ecmwf_ifs025+icon_global|-|precip_0830|L2|region=islands|pre-monsoon|all,B3,shared-data:ecmwf_ifs025+icon_global,35.6,insufficient sample,0,"region: n >= 300, dates >= 60, points >= 3"
B3|shared-data:ecmwf_ifs025+icon_global|-|precip_0830|L2|region=islands|pre-monsoon|all|T64.5,A3|shared-data:ecmwf_ifs025+icon_global|-|precip_0830|L2|region=islands|pre-monsoon|all,B3,shared-data:ecmwf_ifs025+icon_global,64.5,insufficient sample,0,"region: n >= 300, dates >= 60, points >= 3"
B3|shared-data:ecmwf_ifs025+icon_global|-|precip_0830|L2|region=islands|winter|all|T115.6,A3|shared-data:ecmwf_ifs025+icon_global|-|precip_0830|L2|region=islands|winter|all,B3,shared-data:ecmwf_ifs025+icon_global,115.6,insufficient sample,0,"region: n >= 300, dates >= 60, points >= 3"
B3|shared-data:ecmwf_ifs025+icon_global|-|precip_0830|L2|region=islands|winter|all|T35.6,A3|shared-data:ecmwf_ifs025+icon_global|-|precip_0830|L2|region=islands|winter|all,B3,shared-data:ecmwf_ifs025+icon_global,35.6,insufficient sample,0,"region: n >= 300, dates >= 60, points >= 3"
B3|shared-data:ecmwf_ifs025+icon_global|-|precip_0830|L2|region=islands|winter|all|T64.5,A3|shared-data:ecmwf_ifs025+icon_global|-|precip_0830|L2|region=islands|winter|all,B3,shared-data:ecmwf_ifs025+icon_global,64.5,insufficient sample,0,"region: n >= 300, dates >= 60, points >= 3"
B3|shared-data:ecmwf_ifs025+icon_global|-|precip_0830|L3|region=islands|all|all|T115.6,A3|shared-data:ecmwf_ifs025+icon_global|-|precip_0830|L3|region=islands|all|all,B3,shared-data:ecmwf_ifs025+icon_global,115.6,insufficient sample,0,"region: n >= 300, dates >= 60, points >= 3"
B3|shared-data:ecmwf_ifs025+icon_global|-|precip_0830|L3|region=islands|all|all|T35.6,A3|shared-data:ecmwf_ifs025+icon_global|-|precip_0830|L3|region=islands|all|all,B3,shared-data:ecmwf_ifs025+icon_global,35.6,insufficient sample,0,"region: n >= 300, dates >= 60, points >= 3"
B3|shared-data:ecmwf_ifs025+icon_global|-|precip_0830|L3|region=islands|all|all|T64.5,A3|shared-data:ecmwf_ifs025+icon_global|-|precip_0830|L3|region=islands|all|all,B3,shared-data:ecmwf_ifs025+icon_global,64.5,insufficient sample,0,"region: n >= 300, dates >= 60, points >= 3"
B3|shared-data:ecmwf_ifs025+icon_global|-|precip_0830|L3|region=islands|monsoon|all|T115.6,A3|shared-data:ecmwf_ifs025+icon_global|-|precip_0830|L3|region=islands|monsoon|all,B3,shared-data:ecmwf_ifs025+icon_global,115.6,insufficient sample,0,"region: n >= 300, dates >= 60, points >= 3"
B3|shared-data:ecmwf_ifs025+icon_global|-|precip_0830|L3|region=islands|monsoon|all|T35.6,A3|shared-data:ecmwf_ifs025+icon_global|-|precip_0830|L3|region=islands|monsoon|all,B3,shared-data:ecmwf_ifs025+icon_global,35.6,insufficient sample,0,"region: n >= 300, dates >= 60, points >= 3"
B3|shared-data:ecmwf_ifs025+icon_global|-|precip_0830|L3|region=islands|monsoon|all|T64.5,A3|shared-data:ecmwf_ifs025+icon_global|-|precip_0830|L3|region=islands|monsoon|all,B3,shared-data:ecmwf_ifs025+icon_global,64.5,insufficient sample,0,"region: n >= 300, dates >= 60, points >= 3"
B3|shared-data:ecmwf_ifs025+icon_global|-|precip_0830|L3|region=islands|post-monsoon|all|T115.6,A3|shared-data:ecmwf_ifs025+icon_global|-|precip_0830|L3|region=islands|post-monsoon|all,B3,shared-data:ecmwf_ifs025+icon_global,115.6,insufficient sample,0,"region: n >= 300, dates >= 60, points >= 3"
B3|shared-data:ecmwf_ifs025+icon_global|-|precip_0830|L3|region=islands|post-monsoon|all|T35.6,A3|shared-data:ecmwf_ifs025+icon_global|-|precip_0830|L3|region=islands|post-monsoon|all,B3,shared-data:ecmwf_ifs025+icon_global,35.6,insufficient sample,0,"region: n >= 300, dates >= 60, points >= 3"
B3|shared-data:ecmwf_ifs025+icon_global|-|precip_0830|L3|region=islands|post-monsoon|all|T64.5,A3|shared-data:ecmwf_ifs025+icon_global|-|precip_0830|L3|region=islands|post-monsoon|all,B3,shared-data:ecmwf_ifs025+icon_global,64.5,insufficient sample,0,"region: n >= 300, dates >= 60, points >= 3"
B3|shared-data:ecmwf_ifs025+icon_global|-|precip_0830|L3|region=islands|pre-monsoon|all|T115.6,A3|shared-data:ecmwf_ifs025+icon_global|-|precip_0830|L3|region=islands|pre-monsoon|all,B3,shared-data:ecmwf_ifs025+icon_global,115.6,insufficient sample,0,"region: n >= 300, dates >= 60, points >= 3"
B3|shared-data:ecmwf_ifs025+icon_global|-|precip_0830|L3|region=islands|pre-monsoon|all|T35.6,A3|shared-data:ecmwf_ifs025+icon_global|-|precip_0830|L3|region=islands|pre-monsoon|all,B3,shared-data:ecmwf_ifs025+icon_global,35.6,insufficient sample,0,"region: n >= 300, dates >= 60, points >= 3"
B3|shared-data:ecmwf_ifs025+icon_global|-|precip_0830|L3|region=islands|pre-monsoon|all|T64.5,A3|shared-data:ecmwf_ifs025+icon_global|-|precip_0830|L3|region=islands|pre-monsoon|all,B3,shared-data:ecmwf_ifs025+icon_global,64.5,insufficient sample,0,"region: n >= 300, dates >= 60, points >= 3"
B3|shared-data:ecmwf_ifs025+icon_global|-|precip_0830|L3|region=islands|winter|all|T115.6,A3|shared-data:ecmwf_ifs025+icon_global|-|precip_0830|L3|region=islands|winter|all,B3,shared-data:ecmwf_ifs025+icon_global,115.6,insufficient sample,0,"region: n >= 300, dates >= 60, points >= 3"
B3|shared-data:ecmwf_ifs025+icon_global|-|precip_0830|L3|region=islands|winter|all|T35.6,A3|shared-data:ecmwf_ifs025+icon_global|-|precip_0830|L3|region=islands|winter|all,B3,shared-data:ecmwf_ifs025+icon_global,35.6,insufficient sample,0,"region: n >= 300, dates >= 60, points >= 3"
B3|shared-data:ecmwf_ifs025+icon_global|-|precip_0830|L3|region=islands|winter|all|T64.5,A3|shared-data:ecmwf_ifs025+icon_global|-|precip_0830|L3|region=islands|winter|all,B3,shared-data:ecmwf_ifs025+icon_global,64.5,insufficient sample,0,"region: n >= 300, dates >= 60, points >= 3"
B3|shared-data:ecmwf_ifs025+icon_global|-|precip_0830|L4|region=islands|all|all|T115.6,A3|shared-data:ecmwf_ifs025+icon_global|-|precip_0830|L4|region=islands|all|all,B3,shared-data:ecmwf_ifs025+icon_global,115.6,insufficient sample,0,"region: n >= 300, dates >= 60, points >= 3"
B3|shared-data:ecmwf_ifs025+icon_global|-|precip_0830|L4|region=islands|all|all|T35.6,A3|shared-data:ecmwf_ifs025+icon_global|-|precip_0830|L4|region=islands|all|all,B3,shared-data:ecmwf_ifs025+icon_global,35.6,insufficient sample,0,"region: n >= 300, dates >= 60, points >= 3"
B3|shared-data:ecmwf_ifs025+icon_global|-|precip_0830|L4|region=islands|all|all|T64.5,A3|shared-data:ecmwf_ifs025+icon_global|-|precip_0830|L4|region=islands|all|all,B3,shared-data:ecmwf_ifs025+icon_global,64.5,insufficient sample,0,"region: n >= 300, dates >= 60, points >= 3"
B3|shared-data:ecmwf_ifs025+icon_global|-|precip_0830|L4|region=islands|monsoon|all|T115.6,A3|shared-data:ecmwf_ifs025+icon_global|-|precip_0830|L4|region=islands|monsoon|all,B3,shared-data:ecmwf_ifs025+icon_global,115.6,insufficient sample,0,"region: n >= 300, dates >= 60, points >= 3"
B3|shared-data:ecmwf_ifs025+icon_global|-|precip_0830|L4|region=islands|monsoon|all|T35.6,A3|shared-data:ecmwf_ifs025+icon_global|-|precip_0830|L4|region=islands|monsoon|all,B3,shared-data:ecmwf_ifs025+icon_global,35.6,insufficient sample,0,"region: n >= 300, dates >= 60, points >= 3"
B3|shared-data:ecmwf_ifs025+icon_global|-|precip_0830|L4|region=islands|monsoon|all|T64.5,A3|shared-data:ecmwf_ifs025+icon_global|-|precip_0830|L4|region=islands|monsoon|all,B3,shared-data:ecmwf_ifs025+icon_global,64.5,insufficient sample,0,"region: n >= 300, dates >= 60, points >= 3"
B3|shared-data:ecmwf_ifs025+icon_global|-|precip_0830|L4|region=islands|post-monsoon|all|T115.6,A3|shared-data:ecmwf_ifs025+icon_global|-|precip_0830|L4|region=islands|post-monsoon|all,B3,shared-data:ecmwf_ifs025+icon_global,115.6,insufficient sample,0,"region: n >= 300, dates >= 60, points >= 3"
B3|shared-data:ecmwf_ifs025+icon_global|-|precip_0830|L4|region=islands|post-monsoon|all|T35.6,A3|shared-data:ecmwf_ifs025+icon_global|-|precip_0830|L4|region=islands|post-monsoon|all,B3,shared-data:ecmwf_ifs025+icon_global,35.6,insufficient sample,0,"region: n >= 300, dates >= 60, points >= 3"
B3|shared-data:ecmwf_ifs025+icon_global|-|precip_0830|L4|region=islands|post-monsoon|all|T64.5,A3|shared-data:ecmwf_ifs025+icon_global|-|precip_0830|L4|region=islands|post-monsoon|all,B3,shared-data:ecmwf_ifs025+icon_global,64.5,insufficient sample,0,"region: n >= 300, dates >= 60, points >= 3"
B3|shared-data:ecmwf_ifs025+icon_global|-|precip_0830|L4|region=islands|pre-monsoon|all|T115.6,A3|shared-data:ecmwf_ifs025+icon_global|-|precip_0830|L4|region=islands|pre-monsoon|all,B3,shared-data:ecmwf_ifs025+icon_global,115.6,insufficient sample,0,"region: n >= 300, dates >= 60, points >= 3"
B3|shared-data:ecmwf_ifs025+icon_global|-|precip_0830|L4|region=islands|pre-monsoon|all|T35.6,A3|shared-data:ecmwf_ifs025+icon_global|-|precip_0830|L4|region=islands|pre-monsoon|all,B3,shared-data:ecmwf_ifs025+icon_global,35.6,insufficient sample,0,"region: n >= 300, dates >= 60, points >= 3"
B3|shared-data:ecmwf_ifs025+icon_global|-|precip_0830|L4|region=islands|pre-monsoon|all|T64.5,A3|shared-data:ecmwf_ifs025+icon_global|-|precip_0830|L4|region=islands|pre-monsoon|all,B3,shared-data:ecmwf_ifs025+icon_global,64.5,insufficient sample,0,"region: n >= 300, dates >= 60, points >= 3"
B3|shared-data:ecmwf_ifs025+icon_global|-|precip_0830|L4|region=islands|winter|all|T115.6,A3|shared-data:ecmwf_ifs025+icon_global|-|precip_0830|L4|region=islands|winter|all,B3,shared-data:ecmwf_ifs025+icon_global,115.6,insufficient sample,0,"region: n >= 300, dates >= 60, points >= 3"
B3|shared-data:ecmwf_ifs025+icon_global|-|precip_0830|L4|region=islands|winter|all|T35.6,A3|shared-data:ecmwf_ifs025+icon_global|-|precip_0830|L4|region=islands|winter|all,B3,shared-data:ecmwf_ifs025+icon_global,35.6,insufficient sample,0,"region: n >= 300, dates >= 60, points >= 3"
B3|shared-data:ecmwf_ifs025+icon_global|-|precip_0830|L4|region=islands|winter|all|T64.5,A3|shared-data:ecmwf_ifs025+icon_global|-|precip_0830|L4|region=islands|winter|all,B3,shared-data:ecmwf_ifs025+icon_global,64.5,insufficient sample,0,"region: n >= 300, dates >= 60, points >= 3"
B3|shared-data:ecmwf_ifs025+icon_global|-|precip_0830|L5|region=islands|all|all|T115.6,A3|shared-data:ecmwf_ifs025+icon_global|-|precip_0830|L5|region=islands|all|all,B3,shared-data:ecmwf_ifs025+icon_global,115.6,insufficient sample,0,"region: n >= 300, dates >= 60, points >= 3"
B3|shared-data:ecmwf_ifs025+icon_global|-|precip_0830|L5|region=islands|all|all|T35.6,A3|shared-data:ecmwf_ifs025+icon_global|-|precip_0830|L5|region=islands|all|all,B3,shared-data:ecmwf_ifs025+icon_global,35.6,insufficient sample,0,"region: n >= 300, dates >= 60, points >= 3"
B3|shared-data:ecmwf_ifs025+icon_global|-|precip_0830|L5|region=islands|all|all|T64.5,A3|shared-data:ecmwf_ifs025+icon_global|-|precip_0830|L5|region=islands|all|all,B3,shared-data:ecmwf_ifs025+icon_global,64.5,insufficient sample,0,"region: n >= 300, dates >= 60, points >= 3"
B3|shared-data:ecmwf_ifs025+icon_global|-|precip_0830|L5|region=islands|monsoon|all|T115.6,A3|shared-data:ecmwf_ifs025+icon_global|-|precip_0830|L5|region=islands|monsoon|all,B3,shared-data:ecmwf_ifs025+icon_global,115.6,insufficient sample,0,"region: n >= 300, dates >= 60, points >= 3"
B3|shared-data:ecmwf_ifs025+icon_global|-|precip_0830|L5|region=islands|monsoon|all|T35.6,A3|shared-data:ecmwf_ifs025+icon_global|-|precip_0830|L5|region=islands|monsoon|all,B3,shared-data:ecmwf_ifs025+icon_global,35.6,insufficient sample,0,"region: n >= 300, dates >= 60, points >= 3"
B3|shared-data:ecmwf_ifs025+icon_global|-|precip_0830|L5|region=islands|monsoon|all|T64.5,A3|shared-data:ecmwf_ifs025+icon_global|-|precip_0830|L5|region=islands|monsoon|all,B3,shared-data:ecmwf_ifs025+icon_global,64.5,insufficient sample,0,"region: n >= 300, dates >= 60, points >= 3"
B3|shared-data:ecmwf_ifs025+icon_global|-|precip_0830|L5|region=islands|post-monsoon|all|T115.6,A3|shared-data:ecmwf_ifs025+icon_global|-|precip_0830|L5|region=islands|post-monsoon|all,B3,shared-data:ecmwf_ifs025+icon_global,115.6,insufficient sample,0,"region: n >= 300, dates >= 60, points >= 3"
B3|shared-data:ecmwf_ifs025+icon_global|-|precip_0830|L5|region=islands|post-monsoon|all|T35.6,A3|shared-data:ecmwf_ifs025+icon_global|-|precip_0830|L5|region=islands|post-monsoon|all,B3,shared-data:ecmwf_ifs025+icon_global,35.6,insufficient sample,0,"region: n >= 300, dates >= 60, points >= 3"
B3|shared-data:ecmwf_ifs025+icon_global|-|precip_0830|L5|region=islands|post-monsoon|all|T64.5,A3|shared-data:ecmwf_ifs025+icon_global|-|precip_0830|L5|region=islands|post-monsoon|all,B3,shared-data:ecmwf_ifs025+icon_global,64.5,insufficient sample,0,"region: n >= 300, dates >= 60, points >= 3"
B3|shared-data:ecmwf_ifs025+icon_global|-|precip_0830|L5|region=islands|pre-monsoon|all|T115.6,A3|shared-data:ecmwf_ifs025+icon_global|-|precip_0830|L5|region=islands|pre-monsoon|all,B3,shared-data:ecmwf_ifs025+icon_global,115.6,insufficient sample,0,"region: n >= 300, dates >= 60, points >= 3"
B3|shared-data:ecmwf_ifs025+icon_global|-|precip_0830|L5|region=islands|pre-monsoon|all|T35.6,A3|shared-data:ecmwf_ifs025+icon_global|-|precip_0830|L5|region=islands|pre-monsoon|all,B3,shared-data:ecmwf_ifs025+icon_global,35.6,insufficient sample,0,"region: n >= 300, dates >= 60, points >= 3"
B3|shared-data:ecmwf_ifs025+icon_global|-|precip_0830|L5|region=islands|pre-monsoon|all|T64.5,A3|shared-data:ecmwf_ifs025+icon_global|-|precip_0830|L5|region=islands|pre-monsoon|all,B3,shared-data:ecmwf_ifs025+icon_global,64.5,insufficient sample,0,"region: n >= 300, dates >= 60, points >= 3"
B3|shared-data:ecmwf_ifs025+icon_global|-|precip_0830|L5|region=islands|winter|all|T115.6,A3|shared-data:ecmwf_ifs025+icon_global|-|precip_0830|L5|region=islands|winter|all,B3,shared-data:ecmwf_ifs025+icon_global,115.6,insufficient sample,0,"region: n >= 300, dates >= 60, points >= 3"
B3|shared-data:ecmwf_ifs025+icon_global|-|precip_0830|L5|region=islands|winter|all|T35.6,A3|shared-data:ecmwf_ifs025+icon_global|-|precip_0830|L5|region=islands|winter|all,B3,shared-data:ecmwf_ifs025+icon_global,35.6,insufficient sample,0,"region: n >= 300, dates >= 60, points >= 3"
B3|shared-data:ecmwf_ifs025+icon_global|-|precip_0830|L5|region=islands|winter|all|T64.5,A3|shared-data:ecmwf_ifs025+icon_global|-|precip_0830|L5|region=islands|winter|all,B3,shared-data:ecmwf_ifs025+icon_global,64.5,insufficient sample,0,"region: n >= 300, dates >= 60, points >= 3"
B3|shared-data:ecmwf_ifs025+icon_global|-|precip_0830|L6|region=islands|all|all|T115.6,A3|shared-data:ecmwf_ifs025+icon_global|-|precip_0830|L6|region=islands|all|all,B3,shared-data:ecmwf_ifs025+icon_global,115.6,insufficient sample,0,"region: n >= 300, dates >= 60, points >= 3"
B3|shared-data:ecmwf_ifs025+icon_global|-|precip_0830|L6|region=islands|all|all|T35.6,A3|shared-data:ecmwf_ifs025+icon_global|-|precip_0830|L6|region=islands|all|all,B3,shared-data:ecmwf_ifs025+icon_global,35.6,insufficient sample,0,"region: n >= 300, dates >= 60, points >= 3"
B3|shared-data:ecmwf_ifs025+icon_global|-|precip_0830|L6|region=islands|all|all|T64.5,A3|shared-data:ecmwf_ifs025+icon_global|-|precip_0830|L6|region=islands|all|all,B3,shared-data:ecmwf_ifs025+icon_global,64.5,insufficient sample,0,"region: n >= 300, dates >= 60, points >= 3"
B3|shared-data:ecmwf_ifs025+icon_global|-|precip_0830|L6|region=islands|monsoon|all|T115.6,A3|shared-data:ecmwf_ifs025+icon_global|-|precip_0830|L6|region=islands|monsoon|all,B3,shared-data:ecmwf_ifs025+icon_global,115.6,insufficient sample,0,"region: n >= 300, dates >= 60, points >= 3"
B3|shared-data:ecmwf_ifs025+icon_global|-|precip_0830|L6|region=islands|monsoon|all|T35.6,A3|shared-data:ecmwf_ifs025+icon_global|-|precip_0830|L6|region=islands|monsoon|all,B3,shared-data:ecmwf_ifs025+icon_global,35.6,insufficient sample,0,"region: n >= 300, dates >= 60, points >= 3"
B3|shared-data:ecmwf_ifs025+icon_global|-|precip_0830|L6|region=islands|monsoon|all|T64.5,A3|shared-data:ecmwf_ifs025+icon_global|-|precip_0830|L6|region=islands|monsoon|all,B3,shared-data:ecmwf_ifs025+icon_global,64.5,insufficient sample,0,"region: n >= 300, dates >= 60, points >= 3"
B3|shared-data:ecmwf_ifs025+icon_global|-|precip_0830|L6|region=islands|post-monsoon|all|T115.6,A3|shared-data:ecmwf_ifs025+icon_global|-|precip_0830|L6|region=islands|post-monsoon|all,B3,shared-data:ecmwf_ifs025+icon_global,115.6,insufficient sample,0,"region: n >= 300, dates >= 60, points >= 3"
B3|shared-data:ecmwf_ifs025+icon_global|-|precip_0830|L6|region=islands|post-monsoon|all|T35.6,A3|shared-data:ecmwf_ifs025+icon_global|-|precip_0830|L6|region=islands|post-monsoon|all,B3,shared-data:ecmwf_ifs025+icon_global,35.6,insufficient sample,0,"region: n >= 300, dates >= 60, points >= 3"
B3|shared-data:ecmwf_ifs025+icon_global|-|precip_0830|L6|region=islands|post-monsoon|all|T64.5,A3|shared-data:ecmwf_ifs025+icon_global|-|precip_0830|L6|region=islands|post-monsoon|all,B3,shared-data:ecmwf_ifs025+icon_global,64.5,insufficient sample,0,"region: n >= 300, dates >= 60, points >= 3"
B3|shared-data:ecmwf_ifs025+icon_global|-|precip_0830|L6|region=islands|pre-monsoon|all|T115.6,A3|shared-data:ecmwf_ifs025+icon_global|-|precip_0830|L6|region=islands|pre-monsoon|all,B3,shared-data:ecmwf_ifs025+icon_global,115.6,insufficient sample,0,"region: n >= 300, dates >= 60, points >= 3"
B3|shared-data:ecmwf_ifs025+icon_global|-|precip_0830|L6|region=islands|pre-monsoon|all|T35.6,A3|shared-data:ecmwf_ifs025+icon_global|-|precip_0830|L6|region=islands|pre-monsoon|all,B3,shared-data:ecmwf_ifs025+icon_global,35.6,insufficient sample,0,"region: n >= 300, dates >= 60, points >= 3"
B3|shared-data:ecmwf_ifs025+icon_global|-|precip_0830|L6|region=islands|pre-monsoon|all|T64.5,A3|shared-data:ecmwf_ifs025+icon_global|-|precip_0830|L6|region=islands|pre-monsoon|all,B3,shared-data:ecmwf_ifs025+icon_global,64.5,insufficient sample,0,"region: n >= 300, dates >= 60, points >= 3"
B3|shared-data:ecmwf_ifs025+icon_global|-|precip_0830|L6|region=islands|winter|all|T115.6,A3|shared-data:ecmwf_ifs025+icon_global|-|precip_0830|L6|region=islands|winter|all,B3,shared-data:ecmwf_ifs025+icon_global,115.6,insufficient sample,0,"region: n >= 300, dates >= 60, points >= 3"
B3|shared-data:ecmwf_ifs025+icon_global|-|precip_0830|L6|region=islands|winter|all|T35.6,A3|shared-data:ecmwf_ifs025+icon_global|-|precip_0830|L6|region=islands|winter|all,B3,shared-data:ecmwf_ifs025+icon_global,35.6,insufficient sample,0,"region: n >= 300, dates >= 60, points >= 3"
B3|shared-data:ecmwf_ifs025+icon_global|-|precip_0830|L6|region=islands|winter|all|T64.5,A3|shared-data:ecmwf_ifs025+icon_global|-|precip_0830|L6|region=islands|winter|all,B3,shared-data:ecmwf_ifs025+icon_global,64.5,insufficient sample,0,"region: n >= 300, dates >= 60, points >= 3"
B3|shared-data:ecmwf_ifs025+icon_global|-|precip_0830|L7|high_altitude=<1000m|all|all|T115.6,A3|shared-data:ecmwf_ifs025+icon_global|-|precip_0830|L7|high_altitude=<1000m|all|all,B3,shared-data:ecmwf_ifs025+icon_global,115.6,not defined,0,"high_altitude: n >= 300, dates >= 60, points >= 3"
B3|shared-data:ecmwf_ifs025+icon_global|-|precip_0830|L7|high_altitude=<1000m|all|all|T35.6,A3|shared-data:ecmwf_ifs025+icon_global|-|precip_0830|L7|high_altitude=<1000m|all|all,B3,shared-data:ecmwf_ifs025+icon_global,35.6,not defined,0,"high_altitude: n >= 300, dates >= 60, points >= 3"
B3|shared-data:ecmwf_ifs025+icon_global|-|precip_0830|L7|high_altitude=<1000m|all|all|T64.5,A3|shared-data:ecmwf_ifs025+icon_global|-|precip_0830|L7|high_altitude=<1000m|all|all,B3,shared-data:ecmwf_ifs025+icon_global,64.5,not defined,0,"high_altitude: n >= 300, dates >= 60, points >= 3"
B3|shared-data:ecmwf_ifs025+icon_global|-|precip_0830|L7|high_altitude=<1000m|monsoon|all|T115.6,A3|shared-data:ecmwf_ifs025+icon_global|-|precip_0830|L7|high_altitude=<1000m|monsoon|all,B3,shared-data:ecmwf_ifs025+icon_global,115.6,not defined,0,"high_altitude: n >= 300, dates >= 60, points >= 3"
B3|shared-data:ecmwf_ifs025+icon_global|-|precip_0830|L7|high_altitude=<1000m|monsoon|all|T35.6,A3|shared-data:ecmwf_ifs025+icon_global|-|precip_0830|L7|high_altitude=<1000m|monsoon|all,B3,shared-data:ecmwf_ifs025+icon_global,35.6,not defined,0,"high_altitude: n >= 300, dates >= 60, points >= 3"
B3|shared-data:ecmwf_ifs025+icon_global|-|precip_0830|L7|high_altitude=<1000m|monsoon|all|T64.5,A3|shared-data:ecmwf_ifs025+icon_global|-|precip_0830|L7|high_altitude=<1000m|monsoon|all,B3,shared-data:ecmwf_ifs025+icon_global,64.5,not defined,0,"high_altitude: n >= 300, dates >= 60, points >= 3"
B3|shared-data:ecmwf_ifs025+icon_global|-|precip_0830|L7|high_altitude=<1000m|post-monsoon|all|T115.6,A3|shared-data:ecmwf_ifs025+icon_global|-|precip_0830|L7|high_altitude=<1000m|post-monsoon|all,B3,shared-data:ecmwf_ifs025+icon_global,115.6,not defined,0,"high_altitude: n >= 300, dates >= 60, points >= 3"
B3|shared-data:ecmwf_ifs025+icon_global|-|precip_0830|L7|high_altitude=<1000m|post-monsoon|all|T35.6,A3|shared-data:ecmwf_ifs025+icon_global|-|precip_0830|L7|high_altitude=<1000m|post-monsoon|all,B3,shared-data:ecmwf_ifs025+icon_global,35.6,not defined,0,"high_altitude: n >= 300, dates >= 60, points >= 3"
B3|shared-data:ecmwf_ifs025+icon_global|-|precip_0830|L7|high_altitude=<1000m|post-monsoon|all|T64.5,A3|shared-data:ecmwf_ifs025+icon_global|-|precip_0830|L7|high_altitude=<1000m|post-monsoon|all,B3,shared-data:ecmwf_ifs025+icon_global,64.5,not defined,0,"high_altitude: n >= 300, dates >= 60, points >= 3"
B3|shared-data:ecmwf_ifs025+icon_global|-|precip_0830|L7|high_altitude=<1000m|pre-monsoon|all|T115.6,A3|shared-data:ecmwf_ifs025+icon_global|-|precip_0830|L7|high_altitude=<1000m|pre-monsoon|all,B3,shared-data:ecmwf_ifs025+icon_global,115.6,not defined,0,"high_altitude: n >= 300, dates >= 60, points >= 3"
B3|shared-data:ecmwf_ifs025+icon_global|-|precip_0830|L7|high_altitude=<1000m|pre-monsoon|all|T35.6,A3|shared-data:ecmwf_ifs025+icon_global|-|precip_0830|L7|high_altitude=<1000m|pre-monsoon|all,B3,shared-data:ecmwf_ifs025+icon_global,35.6,not defined,0,"high_altitude: n >= 300, dates >= 60, points >= 3"
B3|shared-data:ecmwf_ifs025+icon_global|-|precip_0830|L7|high_altitude=<1000m|pre-monsoon|all|T64.5,A3|shared-data:ecmwf_ifs025+icon_global|-|precip_0830|L7|high_altitude=<1000m|pre-monsoon|all,B3,shared-data:ecmwf_ifs025+icon_global,64.5,not defined,0,"high_altitude: n >= 300, dates >= 60, points >= 3"
B3|shared-data:ecmwf_ifs025+icon_global|-|precip_0830|L7|high_altitude=<1000m|winter|all|T115.6,A3|shared-data:ecmwf_ifs025+icon_global|-|precip_0830|L7|high_altitude=<1000m|winter|all,B3,shared-data:ecmwf_ifs025+icon_global,115.6,not defined,0,"high_altitude: n >= 300, dates >= 60, points >= 3"
B3|shared-data:ecmwf_ifs025+icon_global|-|precip_0830|L7|high_altitude=<1000m|winter|all|T35.6,A3|shared-data:ecmwf_ifs025+icon_global|-|precip_0830|L7|high_altitude=<1000m|winter|all,B3,shared-data:ecmwf_ifs025+icon_global,35.6,not defined,0,"high_altitude: n >= 300, dates >= 60, points >= 3"
B3|shared-data:ecmwf_ifs025+icon_global|-|precip_0830|L7|high_altitude=<1000m|winter|all|T64.5,A3|shared-data:ecmwf_ifs025+icon_global|-|precip_0830|L7|high_altitude=<1000m|winter|all,B3,shared-data:ecmwf_ifs025+icon_global,64.5,not defined,0,"high_altitude: n >= 300, dates >= 60, points >= 3"
B3|shared-data:ecmwf_ifs025+icon_global|-|precip_0830|L7|high_altitude=>=1000m|all|all|T115.6,A3|shared-data:ecmwf_ifs025+icon_global|-|precip_0830|L7|high_altitude=>=1000m|all|all,B3,shared-data:ecmwf_ifs025+icon_global,115.6,not defined,0,"high_altitude: n >= 300, dates >= 60, points >= 3"
B3|shared-data:ecmwf_ifs025+icon_global|-|precip_0830|L7|high_altitude=>=1000m|all|all|T35.6,A3|shared-data:ecmwf_ifs025+icon_global|-|precip_0830|L7|high_altitude=>=1000m|all|all,B3,shared-data:ecmwf_ifs025+icon_global,35.6,not defined,0,"high_altitude: n >= 300, dates >= 60, points >= 3"
B3|shared-data:ecmwf_ifs025+icon_global|-|precip_0830|L7|high_altitude=>=1000m|all|all|T64.5,A3|shared-data:ecmwf_ifs025+icon_global|-|precip_0830|L7|high_altitude=>=1000m|all|all,B3,shared-data:ecmwf_ifs025+icon_global,64.5,not defined,0,"high_altitude: n >= 300, dates >= 60, points >= 3"
B3|shared-data:ecmwf_ifs025+icon_global|-|precip_0830|L7|high_altitude=>=1000m|monsoon|all|T115.6,A3|shared-data:ecmwf_ifs025+icon_global|-|precip_0830|L7|high_altitude=>=1000m|monsoon|all,B3,shared-data:ecmwf_ifs025+icon_global,115.6,not defined,0,"high_altitude: n >= 300, dates >= 60, points >= 3"
B3|shared-data:ecmwf_ifs025+icon_global|-|precip_0830|L7|high_altitude=>=1000m|monsoon|all|T35.6,A3|shared-data:ecmwf_ifs025+icon_global|-|precip_0830|L7|high_altitude=>=1000m|monsoon|all,B3,shared-data:ecmwf_ifs025+icon_global,35.6,not defined,0,"high_altitude: n >= 300, dates >= 60, points >= 3"
B3|shared-data:ecmwf_ifs025+icon_global|-|precip_0830|L7|high_altitude=>=1000m|monsoon|all|T64.5,A3|shared-data:ecmwf_ifs025+icon_global|-|precip_0830|L7|high_altitude=>=1000m|monsoon|all,B3,shared-data:ecmwf_ifs025+icon_global,64.5,not defined,0,"high_altitude: n >= 300, dates >= 60, points >= 3"
B3|shared-data:ecmwf_ifs025+icon_global|-|precip_0830|L7|high_altitude=>=1000m|post-monsoon|all|T115.6,A3|shared-data:ecmwf_ifs025+icon_global|-|precip_0830|L7|high_altitude=>=1000m|post-monsoon|all,B3,shared-data:ecmwf_ifs025+icon_global,115.6,not defined,0,"high_altitude: n >= 300, dates >= 60, points >= 3"
B3|shared-data:ecmwf_ifs025+icon_global|-|precip_0830|L7|high_altitude=>=1000m|post-monsoon|all|T35.6,A3|shared-data:ecmwf_ifs025+icon_global|-|precip_0830|L7|high_altitude=>=1000m|post-monsoon|all,B3,shared-data:ecmwf_ifs025+icon_global,35.6,not defined,0,"high_altitude: n >= 300, dates >= 60, points >= 3"
B3|shared-data:ecmwf_ifs025+icon_global|-|precip_0830|L7|high_altitude=>=1000m|post-monsoon|all|T64.5,A3|shared-data:ecmwf_ifs025+icon_global|-|precip_0830|L7|high_altitude=>=1000m|post-monsoon|all,B3,shared-data:ecmwf_ifs025+icon_global,64.5,not defined,0,"high_altitude: n >= 300, dates >= 60, points >= 3"
B3|shared-data:ecmwf_ifs025+icon_global|-|precip_0830|L7|high_altitude=>=1000m|pre-monsoon|all|T115.6,A3|shared-data:ecmwf_ifs025+icon_global|-|precip_0830|L7|high_altitude=>=1000m|pre-monsoon|all,B3,shared-data:ecmwf_ifs025+icon_global,115.6,not defined,0,"high_altitude: n >= 300, dates >= 60, points >= 3"
B3|shared-data:ecmwf_ifs025+icon_global|-|precip_0830|L7|high_altitude=>=1000m|pre-monsoon|all|T35.6,A3|shared-data:ecmwf_ifs025+icon_global|-|precip_0830|L7|high_altitude=>=1000m|pre-monsoon|all,B3,shared-data:ecmwf_ifs025+icon_global,35.6,not defined,0,"high_altitude: n >= 300, dates >= 60, points >= 3"
B3|shared-data:ecmwf_ifs025+icon_global|-|precip_0830|L7|high_altitude=>=1000m|pre-monsoon|all|T64.5,A3|shared-data:ecmwf_ifs025+icon_global|-|precip_0830|L7|high_altitude=>=1000m|pre-monsoon|all,B3,shared-data:ecmwf_ifs025+icon_global,64.5,not defined,0,"high_altitude: n >= 300, dates >= 60, points >= 3"
B3|shared-data:ecmwf_ifs025+icon_global|-|precip_0830|L7|high_altitude=>=1000m|winter|all|T115.6,A3|shared-data:ecmwf_ifs025+icon_global|-|precip_0830|L7|high_altitude=>=1000m|winter|all,B3,shared-data:ecmwf_ifs025+icon_global,115.6,not defined,0,"high_altitude: n >= 300, dates >= 60, points >= 3"
B3|shared-data:ecmwf_ifs025+icon_global|-|precip_0830|L7|high_altitude=>=1000m|winter|all|T35.6,A3|shared-data:ecmwf_ifs025+icon_global|-|precip_0830|L7|high_altitude=>=1000m|winter|all,B3,shared-data:ecmwf_ifs025+icon_global,35.6,not defined,0,"high_altitude: n >= 300, dates >= 60, points >= 3"
B3|shared-data:ecmwf_ifs025+icon_global|-|precip_0830|L7|high_altitude=>=1000m|winter|all|T64.5,A3|shared-data:ecmwf_ifs025+icon_global|-|precip_0830|L7|high_altitude=>=1000m|winter|all,B3,shared-data:ecmwf_ifs025+icon_global,64.5,not defined,0,"high_altitude: n >= 300, dates >= 60, points >= 3"
B3|shared-data:ecmwf_ifs025+icon_global|-|precip_0830|L7|pooled=all-points|all|all|T115.6,A3|shared-data:ecmwf_ifs025+icon_global|-|precip_0830|L7|pooled=all-points|all|all,B3,shared-data:ecmwf_ifs025+icon_global,115.6,not defined,0,"pooled: n >= 300, dates >= 60, points >= 10"
B3|shared-data:ecmwf_ifs025+icon_global|-|precip_0830|L7|pooled=all-points|all|all|T35.6,A3|shared-data:ecmwf_ifs025+icon_global|-|precip_0830|L7|pooled=all-points|all|all,B3,shared-data:ecmwf_ifs025+icon_global,35.6,not defined,0,"pooled: n >= 300, dates >= 60, points >= 10"
B3|shared-data:ecmwf_ifs025+icon_global|-|precip_0830|L7|pooled=all-points|all|all|T64.5,A3|shared-data:ecmwf_ifs025+icon_global|-|precip_0830|L7|pooled=all-points|all|all,B3,shared-data:ecmwf_ifs025+icon_global,64.5,not defined,0,"pooled: n >= 300, dates >= 60, points >= 10"
B3|shared-data:ecmwf_ifs025+icon_global|-|precip_0830|L7|pooled=all-points|monsoon|all|T115.6,A3|shared-data:ecmwf_ifs025+icon_global|-|precip_0830|L7|pooled=all-points|monsoon|all,B3,shared-data:ecmwf_ifs025+icon_global,115.6,not defined,0,"season: n >= 300, dates >= 60, points >= 10"
B3|shared-data:ecmwf_ifs025+icon_global|-|precip_0830|L7|pooled=all-points|monsoon|all|T35.6,A3|shared-data:ecmwf_ifs025+icon_global|-|precip_0830|L7|pooled=all-points|monsoon|all,B3,shared-data:ecmwf_ifs025+icon_global,35.6,not defined,0,"season: n >= 300, dates >= 60, points >= 10"
B3|shared-data:ecmwf_ifs025+icon_global|-|precip_0830|L7|pooled=all-points|monsoon|all|T64.5,A3|shared-data:ecmwf_ifs025+icon_global|-|precip_0830|L7|pooled=all-points|monsoon|all,B3,shared-data:ecmwf_ifs025+icon_global,64.5,not defined,0,"season: n >= 300, dates >= 60, points >= 10"
B3|shared-data:ecmwf_ifs025+icon_global|-|precip_0830|L7|pooled=all-points|post-monsoon|all|T115.6,A3|shared-data:ecmwf_ifs025+icon_global|-|precip_0830|L7|pooled=all-points|post-monsoon|all,B3,shared-data:ecmwf_ifs025+icon_global,115.6,not defined,0,"season: n >= 300, dates >= 60, points >= 10"
B3|shared-data:ecmwf_ifs025+icon_global|-|precip_0830|L7|pooled=all-points|post-monsoon|all|T35.6,A3|shared-data:ecmwf_ifs025+icon_global|-|precip_0830|L7|pooled=all-points|post-monsoon|all,B3,shared-data:ecmwf_ifs025+icon_global,35.6,not defined,0,"season: n >= 300, dates >= 60, points >= 10"
B3|shared-data:ecmwf_ifs025+icon_global|-|precip_0830|L7|pooled=all-points|post-monsoon|all|T64.5,A3|shared-data:ecmwf_ifs025+icon_global|-|precip_0830|L7|pooled=all-points|post-monsoon|all,B3,shared-data:ecmwf_ifs025+icon_global,64.5,not defined,0,"season: n >= 300, dates >= 60, points >= 10"
B3|shared-data:ecmwf_ifs025+icon_global|-|precip_0830|L7|pooled=all-points|pre-monsoon|all|T115.6,A3|shared-data:ecmwf_ifs025+icon_global|-|precip_0830|L7|pooled=all-points|pre-monsoon|all,B3,shared-data:ecmwf_ifs025+icon_global,115.6,not defined,0,"season: n >= 300, dates >= 60, points >= 10"
B3|shared-data:ecmwf_ifs025+icon_global|-|precip_0830|L7|pooled=all-points|pre-monsoon|all|T35.6,A3|shared-data:ecmwf_ifs025+icon_global|-|precip_0830|L7|pooled=all-points|pre-monsoon|all,B3,shared-data:ecmwf_ifs025+icon_global,35.6,not defined,0,"season: n >= 300, dates >= 60, points >= 10"
B3|shared-data:ecmwf_ifs025+icon_global|-|precip_0830|L7|pooled=all-points|pre-monsoon|all|T64.5,A3|shared-data:ecmwf_ifs025+icon_global|-|precip_0830|L7|pooled=all-points|pre-monsoon|all,B3,shared-data:ecmwf_ifs025+icon_global,64.5,not defined,0,"season: n >= 300, dates >= 60, points >= 10"
B3|shared-data:ecmwf_ifs025+icon_global|-|precip_0830|L7|pooled=all-points|winter|all|T115.6,A3|shared-data:ecmwf_ifs025+icon_global|-|precip_0830|L7|pooled=all-points|winter|all,B3,shared-data:ecmwf_ifs025+icon_global,115.6,not defined,0,"season: n >= 300, dates >= 60, points >= 10"
B3|shared-data:ecmwf_ifs025+icon_global|-|precip_0830|L7|pooled=all-points|winter|all|T35.6,A3|shared-data:ecmwf_ifs025+icon_global|-|precip_0830|L7|pooled=all-points|winter|all,B3,shared-data:ecmwf_ifs025+icon_global,35.6,not defined,0,"season: n >= 300, dates >= 60, points >= 10"
B3|shared-data:ecmwf_ifs025+icon_global|-|precip_0830|L7|pooled=all-points|winter|all|T64.5,A3|shared-data:ecmwf_ifs025+icon_global|-|precip_0830|L7|pooled=all-points|winter|all,B3,shared-data:ecmwf_ifs025+icon_global,64.5,not defined,0,"season: n >= 300, dates >= 60, points >= 10"
B3|shared-data:ecmwf_ifs025+icon_global|-|precip_0830|L7|region=central|all|all|T115.6,A3|shared-data:ecmwf_ifs025+icon_global|-|precip_0830|L7|region=central|all|all,B3,shared-data:ecmwf_ifs025+icon_global,115.6,not defined,0,"region: n >= 300, dates >= 60, points >= 3"
B3|shared-data:ecmwf_ifs025+icon_global|-|precip_0830|L7|region=central|all|all|T35.6,A3|shared-data:ecmwf_ifs025+icon_global|-|precip_0830|L7|region=central|all|all,B3,shared-data:ecmwf_ifs025+icon_global,35.6,not defined,0,"region: n >= 300, dates >= 60, points >= 3"
B3|shared-data:ecmwf_ifs025+icon_global|-|precip_0830|L7|region=central|all|all|T64.5,A3|shared-data:ecmwf_ifs025+icon_global|-|precip_0830|L7|region=central|all|all,B3,shared-data:ecmwf_ifs025+icon_global,64.5,not defined,0,"region: n >= 300, dates >= 60, points >= 3"
B3|shared-data:ecmwf_ifs025+icon_global|-|precip_0830|L7|region=central|monsoon|all|T115.6,A3|shared-data:ecmwf_ifs025+icon_global|-|precip_0830|L7|region=central|monsoon|all,B3,shared-data:ecmwf_ifs025+icon_global,115.6,not defined,0,"region: n >= 300, dates >= 60, points >= 3"
B3|shared-data:ecmwf_ifs025+icon_global|-|precip_0830|L7|region=central|monsoon|all|T35.6,A3|shared-data:ecmwf_ifs025+icon_global|-|precip_0830|L7|region=central|monsoon|all,B3,shared-data:ecmwf_ifs025+icon_global,35.6,not defined,0,"region: n >= 300, dates >= 60, points >= 3"
B3|shared-data:ecmwf_ifs025+icon_global|-|precip_0830|L7|region=central|monsoon|all|T64.5,A3|shared-data:ecmwf_ifs025+icon_global|-|precip_0830|L7|region=central|monsoon|all,B3,shared-data:ecmwf_ifs025+icon_global,64.5,not defined,0,"region: n >= 300, dates >= 60, points >= 3"
B3|shared-data:ecmwf_ifs025+icon_global|-|precip_0830|L7|region=central|post-monsoon|all|T115.6,A3|shared-data:ecmwf_ifs025+icon_global|-|precip_0830|L7|region=central|post-monsoon|all,B3,shared-data:ecmwf_ifs025+icon_global,115.6,not defined,0,"region: n >= 300, dates >= 60, points >= 3"
B3|shared-data:ecmwf_ifs025+icon_global|-|precip_0830|L7|region=central|post-monsoon|all|T35.6,A3|shared-data:ecmwf_ifs025+icon_global|-|precip_0830|L7|region=central|post-monsoon|all,B3,shared-data:ecmwf_ifs025+icon_global,35.6,not defined,0,"region: n >= 300, dates >= 60, points >= 3"
B3|shared-data:ecmwf_ifs025+icon_global|-|precip_0830|L7|region=central|post-monsoon|all|T64.5,A3|shared-data:ecmwf_ifs025+icon_global|-|precip_0830|L7|region=central|post-monsoon|all,B3,shared-data:ecmwf_ifs025+icon_global,64.5,not defined,0,"region: n >= 300, dates >= 60, points >= 3"
B3|shared-data:ecmwf_ifs025+icon_global|-|precip_0830|L7|region=central|pre-monsoon|all|T115.6,A3|shared-data:ecmwf_ifs025+icon_global|-|precip_0830|L7|region=central|pre-monsoon|all,B3,shared-data:ecmwf_ifs025+icon_global,115.6,not defined,0,"region: n >= 300, dates >= 60, points >= 3"
B3|shared-data:ecmwf_ifs025+icon_global|-|precip_0830|L7|region=central|pre-monsoon|all|T35.6,A3|shared-data:ecmwf_ifs025+icon_global|-|precip_0830|L7|region=central|pre-monsoon|all,B3,shared-data:ecmwf_ifs025+icon_global,35.6,not defined,0,"region: n >= 300, dates >= 60, points >= 3"
B3|shared-data:ecmwf_ifs025+icon_global|-|precip_0830|L7|region=central|pre-monsoon|all|T64.5,A3|shared-data:ecmwf_ifs025+icon_global|-|precip_0830|L7|region=central|pre-monsoon|all,B3,shared-data:ecmwf_ifs025+icon_global,64.5,not defined,0,"region: n >= 300, dates >= 60, points >= 3"
B3|shared-data:ecmwf_ifs025+icon_global|-|precip_0830|L7|region=central|winter|all|T115.6,A3|shared-data:ecmwf_ifs025+icon_global|-|precip_0830|L7|region=central|winter|all,B3,shared-data:ecmwf_ifs025+icon_global,115.6,not defined,0,"region: n >= 300, dates >= 60, points >= 3"
B3|shared-data:ecmwf_ifs025+icon_global|-|precip_0830|L7|region=central|winter|all|T35.6,A3|shared-data:ecmwf_ifs025+icon_global|-|precip_0830|L7|region=central|winter|all,B3,shared-data:ecmwf_ifs025+icon_global,35.6,not defined,0,"region: n >= 300, dates >= 60, points >= 3"
B3|shared-data:ecmwf_ifs025+icon_global|-|precip_0830|L7|region=central|winter|all|T64.5,A3|shared-data:ecmwf_ifs025+icon_global|-|precip_0830|L7|region=central|winter|all,B3,shared-data:ecmwf_ifs025+icon_global,64.5,not defined,0,"region: n >= 300, dates >= 60, points >= 3"
B3|shared-data:ecmwf_ifs025+icon_global|-|precip_0830|L7|region=east-north-east|all|all|T115.6,A3|shared-data:ecmwf_ifs025+icon_global|-|precip_0830|L7|region=east-north-east|all|all,B3,shared-data:ecmwf_ifs025+icon_global,115.6,not defined,0,"region: n >= 300, dates >= 60, points >= 3"
B3|shared-data:ecmwf_ifs025+icon_global|-|precip_0830|L7|region=east-north-east|all|all|T35.6,A3|shared-data:ecmwf_ifs025+icon_global|-|precip_0830|L7|region=east-north-east|all|all,B3,shared-data:ecmwf_ifs025+icon_global,35.6,not defined,0,"region: n >= 300, dates >= 60, points >= 3"
B3|shared-data:ecmwf_ifs025+icon_global|-|precip_0830|L7|region=east-north-east|all|all|T64.5,A3|shared-data:ecmwf_ifs025+icon_global|-|precip_0830|L7|region=east-north-east|all|all,B3,shared-data:ecmwf_ifs025+icon_global,64.5,not defined,0,"region: n >= 300, dates >= 60, points >= 3"
B3|shared-data:ecmwf_ifs025+icon_global|-|precip_0830|L7|region=east-north-east|monsoon|all|T115.6,A3|shared-data:ecmwf_ifs025+icon_global|-|precip_0830|L7|region=east-north-east|monsoon|all,B3,shared-data:ecmwf_ifs025+icon_global,115.6,not defined,0,"region: n >= 300, dates >= 60, points >= 3"
B3|shared-data:ecmwf_ifs025+icon_global|-|precip_0830|L7|region=east-north-east|monsoon|all|T35.6,A3|shared-data:ecmwf_ifs025+icon_global|-|precip_0830|L7|region=east-north-east|monsoon|all,B3,shared-data:ecmwf_ifs025+icon_global,35.6,not defined,0,"region: n >= 300, dates >= 60, points >= 3"
B3|shared-data:ecmwf_ifs025+icon_global|-|precip_0830|L7|region=east-north-east|monsoon|all|T64.5,A3|shared-data:ecmwf_ifs025+icon_global|-|precip_0830|L7|region=east-north-east|monsoon|all,B3,shared-data:ecmwf_ifs025+icon_global,64.5,not defined,0,"region: n >= 300, dates >= 60, points >= 3"
B3|shared-data:ecmwf_ifs025+icon_global|-|precip_0830|L7|region=east-north-east|post-monsoon|all|T115.6,A3|shared-data:ecmwf_ifs025+icon_global|-|precip_0830|L7|region=east-north-east|post-monsoon|all,B3,shared-data:ecmwf_ifs025+icon_global,115.6,not defined,0,"region: n >= 300, dates >= 60, points >= 3"
B3|shared-data:ecmwf_ifs025+icon_global|-|precip_0830|L7|region=east-north-east|post-monsoon|all|T35.6,A3|shared-data:ecmwf_ifs025+icon_global|-|precip_0830|L7|region=east-north-east|post-monsoon|all,B3,shared-data:ecmwf_ifs025+icon_global,35.6,not defined,0,"region: n >= 300, dates >= 60, points >= 3"
B3|shared-data:ecmwf_ifs025+icon_global|-|precip_0830|L7|region=east-north-east|post-monsoon|all|T64.5,A3|shared-data:ecmwf_ifs025+icon_global|-|precip_0830|L7|region=east-north-east|post-monsoon|all,B3,shared-data:ecmwf_ifs025+icon_global,64.5,not defined,0,"region: n >= 300, dates >= 60, points >= 3"
B3|shared-data:ecmwf_ifs025+icon_global|-|precip_0830|L7|region=east-north-east|pre-monsoon|all|T115.6,A3|shared-data:ecmwf_ifs025+icon_global|-|precip_0830|L7|region=east-north-east|pre-monsoon|all,B3,shared-data:ecmwf_ifs025+icon_global,115.6,not defined,0,"region: n >= 300, dates >= 60, points >= 3"
B3|shared-data:ecmwf_ifs025+icon_global|-|precip_0830|L7|region=east-north-east|pre-monsoon|all|T35.6,A3|shared-data:ecmwf_ifs025+icon_global|-|precip_0830|L7|region=east-north-east|pre-monsoon|all,B3,shared-data:ecmwf_ifs025+icon_global,35.6,not defined,0,"region: n >= 300, dates >= 60, points >= 3"
B3|shared-data:ecmwf_ifs025+icon_global|-|precip_0830|L7|region=east-north-east|pre-monsoon|all|T64.5,A3|shared-data:ecmwf_ifs025+icon_global|-|precip_0830|L7|region=east-north-east|pre-monsoon|all,B3,shared-data:ecmwf_ifs025+icon_global,64.5,not defined,0,"region: n >= 300, dates >= 60, points >= 3"
B3|shared-data:ecmwf_ifs025+icon_global|-|precip_0830|L7|region=east-north-east|winter|all|T115.6,A3|shared-data:ecmwf_ifs025+icon_global|-|precip_0830|L7|region=east-north-east|winter|all,B3,shared-data:ecmwf_ifs025+icon_global,115.6,not defined,0,"region: n >= 300, dates >= 60, points >= 3"
B3|shared-data:ecmwf_ifs025+icon_global|-|precip_0830|L7|region=east-north-east|winter|all|T35.6,A3|shared-data:ecmwf_ifs025+icon_global|-|precip_0830|L7|region=east-north-east|winter|all,B3,shared-data:ecmwf_ifs025+icon_global,35.6,not defined,0,"region: n >= 300, dates >= 60, points >= 3"
B3|shared-data:ecmwf_ifs025+icon_global|-|precip_0830|L7|region=east-north-east|winter|all|T64.5,A3|shared-data:ecmwf_ifs025+icon_global|-|precip_0830|L7|region=east-north-east|winter|all,B3,shared-data:ecmwf_ifs025+icon_global,64.5,not defined,0,"region: n >= 300, dates >= 60, points >= 3"
B3|shared-data:ecmwf_ifs025+icon_global|-|precip_0830|L7|region=islands|all|all|T115.6,A3|shared-data:ecmwf_ifs025+icon_global|-|precip_0830|L7|region=islands|all|all,B3,shared-data:ecmwf_ifs025+icon_global,115.6,not defined,0,"region: n >= 300, dates >= 60, points >= 3"
B3|shared-data:ecmwf_ifs025+icon_global|-|precip_0830|L7|region=islands|all|all|T35.6,A3|shared-data:ecmwf_ifs025+icon_global|-|precip_0830|L7|region=islands|all|all,B3,shared-data:ecmwf_ifs025+icon_global,35.6,not defined,0,"region: n >= 300, dates >= 60, points >= 3"
B3|shared-data:ecmwf_ifs025+icon_global|-|precip_0830|L7|region=islands|all|all|T64.5,A3|shared-data:ecmwf_ifs025+icon_global|-|precip_0830|L7|region=islands|all|all,B3,shared-data:ecmwf_ifs025+icon_global,64.5,not defined,0,"region: n >= 300, dates >= 60, points >= 3"
B3|shared-data:ecmwf_ifs025+icon_global|-|precip_0830|L7|region=islands|monsoon|all|T115.6,A3|shared-data:ecmwf_ifs025+icon_global|-|precip_0830|L7|region=islands|monsoon|all,B3,shared-data:ecmwf_ifs025+icon_global,115.6,not defined,0,"region: n >= 300, dates >= 60, points >= 3"
B3|shared-data:ecmwf_ifs025+icon_global|-|precip_0830|L7|region=islands|monsoon|all|T35.6,A3|shared-data:ecmwf_ifs025+icon_global|-|precip_0830|L7|region=islands|monsoon|all,B3,shared-data:ecmwf_ifs025+icon_global,35.6,not defined,0,"region: n >= 300, dates >= 60, points >= 3"
B3|shared-data:ecmwf_ifs025+icon_global|-|precip_0830|L7|region=islands|monsoon|all|T64.5,A3|shared-data:ecmwf_ifs025+icon_global|-|precip_0830|L7|region=islands|monsoon|all,B3,shared-data:ecmwf_ifs025+icon_global,64.5,not defined,0,"region: n >= 300, dates >= 60, points >= 3"
B3|shared-data:ecmwf_ifs025+icon_global|-|precip_0830|L7|region=islands|post-monsoon|all|T115.6,A3|shared-data:ecmwf_ifs025+icon_global|-|precip_0830|L7|region=islands|post-monsoon|all,B3,shared-data:ecmwf_ifs025+icon_global,115.6,not defined,0,"region: n >= 300, dates >= 60, points >= 3"
B3|shared-data:ecmwf_ifs025+icon_global|-|precip_0830|L7|region=islands|post-monsoon|all|T35.6,A3|shared-data:ecmwf_ifs025+icon_global|-|precip_0830|L7|region=islands|post-monsoon|all,B3,shared-data:ecmwf_ifs025+icon_global,35.6,not defined,0,"region: n >= 300, dates >= 60, points >= 3"
B3|shared-data:ecmwf_ifs025+icon_global|-|precip_0830|L7|region=islands|post-monsoon|all|T64.5,A3|shared-data:ecmwf_ifs025+icon_global|-|precip_0830|L7|region=islands|post-monsoon|all,B3,shared-data:ecmwf_ifs025+icon_global,64.5,not defined,0,"region: n >= 300, dates >= 60, points >= 3"
B3|shared-data:ecmwf_ifs025+icon_global|-|precip_0830|L7|region=islands|pre-monsoon|all|T115.6,A3|shared-data:ecmwf_ifs025+icon_global|-|precip_0830|L7|region=islands|pre-monsoon|all,B3,shared-data:ecmwf_ifs025+icon_global,115.6,not defined,0,"region: n >= 300, dates >= 60, points >= 3"
B3|shared-data:ecmwf_ifs025+icon_global|-|precip_0830|L7|region=islands|pre-monsoon|all|T35.6,A3|shared-data:ecmwf_ifs025+icon_global|-|precip_0830|L7|region=islands|pre-monsoon|all,B3,shared-data:ecmwf_ifs025+icon_global,35.6,not defined,0,"region: n >= 300, dates >= 60, points >= 3"
B3|shared-data:ecmwf_ifs025+icon_global|-|precip_0830|L7|region=islands|pre-monsoon|all|T64.5,A3|shared-data:ecmwf_ifs025+icon_global|-|precip_0830|L7|region=islands|pre-monsoon|all,B3,shared-data:ecmwf_ifs025+icon_global,64.5,not defined,0,"region: n >= 300, dates >= 60, points >= 3"
B3|shared-data:ecmwf_ifs025+icon_global|-|precip_0830|L7|region=islands|winter|all|T115.6,A3|shared-data:ecmwf_ifs025+icon_global|-|precip_0830|L7|region=islands|winter|all,B3,shared-data:ecmwf_ifs025+icon_global,115.6,not defined,0,"region: n >= 300, dates >= 60, points >= 3"
B3|shared-data:ecmwf_ifs025+icon_global|-|precip_0830|L7|region=islands|winter|all|T35.6,A3|shared-data:ecmwf_ifs025+icon_global|-|precip_0830|L7|region=islands|winter|all,B3,shared-data:ecmwf_ifs025+icon_global,35.6,not defined,0,"region: n >= 300, dates >= 60, points >= 3"
B3|shared-data:ecmwf_ifs025+icon_global|-|precip_0830|L7|region=islands|winter|all|T64.5,A3|shared-data:ecmwf_ifs025+icon_global|-|precip_0830|L7|region=islands|winter|all,B3,shared-data:ecmwf_ifs025+icon_global,64.5,not defined,0,"region: n >= 300, dates >= 60, points >= 3"
B3|shared-data:ecmwf_ifs025+icon_global|-|precip_0830|L7|region=north-west|all|all|T115.6,A3|shared-data:ecmwf_ifs025+icon_global|-|precip_0830|L7|region=north-west|all|all,B3,shared-data:ecmwf_ifs025+icon_global,115.6,not defined,0,"region: n >= 300, dates >= 60, points >= 3"
B3|shared-data:ecmwf_ifs025+icon_global|-|precip_0830|L7|region=north-west|all|all|T35.6,A3|shared-data:ecmwf_ifs025+icon_global|-|precip_0830|L7|region=north-west|all|all,B3,shared-data:ecmwf_ifs025+icon_global,35.6,not defined,0,"region: n >= 300, dates >= 60, points >= 3"
B3|shared-data:ecmwf_ifs025+icon_global|-|precip_0830|L7|region=north-west|all|all|T64.5,A3|shared-data:ecmwf_ifs025+icon_global|-|precip_0830|L7|region=north-west|all|all,B3,shared-data:ecmwf_ifs025+icon_global,64.5,not defined,0,"region: n >= 300, dates >= 60, points >= 3"
B3|shared-data:ecmwf_ifs025+icon_global|-|precip_0830|L7|region=north-west|monsoon|all|T115.6,A3|shared-data:ecmwf_ifs025+icon_global|-|precip_0830|L7|region=north-west|monsoon|all,B3,shared-data:ecmwf_ifs025+icon_global,115.6,not defined,0,"region: n >= 300, dates >= 60, points >= 3"
B3|shared-data:ecmwf_ifs025+icon_global|-|precip_0830|L7|region=north-west|monsoon|all|T35.6,A3|shared-data:ecmwf_ifs025+icon_global|-|precip_0830|L7|region=north-west|monsoon|all,B3,shared-data:ecmwf_ifs025+icon_global,35.6,not defined,0,"region: n >= 300, dates >= 60, points >= 3"
B3|shared-data:ecmwf_ifs025+icon_global|-|precip_0830|L7|region=north-west|monsoon|all|T64.5,A3|shared-data:ecmwf_ifs025+icon_global|-|precip_0830|L7|region=north-west|monsoon|all,B3,shared-data:ecmwf_ifs025+icon_global,64.5,not defined,0,"region: n >= 300, dates >= 60, points >= 3"
B3|shared-data:ecmwf_ifs025+icon_global|-|precip_0830|L7|region=north-west|post-monsoon|all|T115.6,A3|shared-data:ecmwf_ifs025+icon_global|-|precip_0830|L7|region=north-west|post-monsoon|all,B3,shared-data:ecmwf_ifs025+icon_global,115.6,not defined,0,"region: n >= 300, dates >= 60, points >= 3"
B3|shared-data:ecmwf_ifs025+icon_global|-|precip_0830|L7|region=north-west|post-monsoon|all|T35.6,A3|shared-data:ecmwf_ifs025+icon_global|-|precip_0830|L7|region=north-west|post-monsoon|all,B3,shared-data:ecmwf_ifs025+icon_global,35.6,not defined,0,"region: n >= 300, dates >= 60, points >= 3"
B3|shared-data:ecmwf_ifs025+icon_global|-|precip_0830|L7|region=north-west|post-monsoon|all|T64.5,A3|shared-data:ecmwf_ifs025+icon_global|-|precip_0830|L7|region=north-west|post-monsoon|all,B3,shared-data:ecmwf_ifs025+icon_global,64.5,not defined,0,"region: n >= 300, dates >= 60, points >= 3"
B3|shared-data:ecmwf_ifs025+icon_global|-|precip_0830|L7|region=north-west|pre-monsoon|all|T115.6,A3|shared-data:ecmwf_ifs025+icon_global|-|precip_0830|L7|region=north-west|pre-monsoon|all,B3,shared-data:ecmwf_ifs025+icon_global,115.6,not defined,0,"region: n >= 300, dates >= 60, points >= 3"
B3|shared-data:ecmwf_ifs025+icon_global|-|precip_0830|L7|region=north-west|pre-monsoon|all|T35.6,A3|shared-data:ecmwf_ifs025+icon_global|-|precip_0830|L7|region=north-west|pre-monsoon|all,B3,shared-data:ecmwf_ifs025+icon_global,35.6,not defined,0,"region: n >= 300, dates >= 60, points >= 3"
B3|shared-data:ecmwf_ifs025+icon_global|-|precip_0830|L7|region=north-west|pre-monsoon|all|T64.5,A3|shared-data:ecmwf_ifs025+icon_global|-|precip_0830|L7|region=north-west|pre-monsoon|all,B3,shared-data:ecmwf_ifs025+icon_global,64.5,not defined,0,"region: n >= 300, dates >= 60, points >= 3"
B3|shared-data:ecmwf_ifs025+icon_global|-|precip_0830|L7|region=north-west|winter|all|T115.6,A3|shared-data:ecmwf_ifs025+icon_global|-|precip_0830|L7|region=north-west|winter|all,B3,shared-data:ecmwf_ifs025+icon_global,115.6,not defined,0,"region: n >= 300, dates >= 60, points >= 3"
B3|shared-data:ecmwf_ifs025+icon_global|-|precip_0830|L7|region=north-west|winter|all|T35.6,A3|shared-data:ecmwf_ifs025+icon_global|-|precip_0830|L7|region=north-west|winter|all,B3,shared-data:ecmwf_ifs025+icon_global,35.6,not defined,0,"region: n >= 300, dates >= 60, points >= 3"
B3|shared-data:ecmwf_ifs025+icon_global|-|precip_0830|L7|region=north-west|winter|all|T64.5,A3|shared-data:ecmwf_ifs025+icon_global|-|precip_0830|L7|region=north-west|winter|all,B3,shared-data:ecmwf_ifs025+icon_global,64.5,not defined,0,"region: n >= 300, dates >= 60, points >= 3"
B3|shared-data:ecmwf_ifs025+icon_global|-|precip_0830|L7|region=south-peninsula|all|all|T115.6,A3|shared-data:ecmwf_ifs025+icon_global|-|precip_0830|L7|region=south-peninsula|all|all,B3,shared-data:ecmwf_ifs025+icon_global,115.6,not defined,0,"region: n >= 300, dates >= 60, points >= 3"
B3|shared-data:ecmwf_ifs025+icon_global|-|precip_0830|L7|region=south-peninsula|all|all|T35.6,A3|shared-data:ecmwf_ifs025+icon_global|-|precip_0830|L7|region=south-peninsula|all|all,B3,shared-data:ecmwf_ifs025+icon_global,35.6,not defined,0,"region: n >= 300, dates >= 60, points >= 3"
B3|shared-data:ecmwf_ifs025+icon_global|-|precip_0830|L7|region=south-peninsula|all|all|T64.5,A3|shared-data:ecmwf_ifs025+icon_global|-|precip_0830|L7|region=south-peninsula|all|all,B3,shared-data:ecmwf_ifs025+icon_global,64.5,not defined,0,"region: n >= 300, dates >= 60, points >= 3"
B3|shared-data:ecmwf_ifs025+icon_global|-|precip_0830|L7|region=south-peninsula|monsoon|all|T115.6,A3|shared-data:ecmwf_ifs025+icon_global|-|precip_0830|L7|region=south-peninsula|monsoon|all,B3,shared-data:ecmwf_ifs025+icon_global,115.6,not defined,0,"region: n >= 300, dates >= 60, points >= 3"
B3|shared-data:ecmwf_ifs025+icon_global|-|precip_0830|L7|region=south-peninsula|monsoon|all|T35.6,A3|shared-data:ecmwf_ifs025+icon_global|-|precip_0830|L7|region=south-peninsula|monsoon|all,B3,shared-data:ecmwf_ifs025+icon_global,35.6,not defined,0,"region: n >= 300, dates >= 60, points >= 3"
B3|shared-data:ecmwf_ifs025+icon_global|-|precip_0830|L7|region=south-peninsula|monsoon|all|T64.5,A3|shared-data:ecmwf_ifs025+icon_global|-|precip_0830|L7|region=south-peninsula|monsoon|all,B3,shared-data:ecmwf_ifs025+icon_global,64.5,not defined,0,"region: n >= 300, dates >= 60, points >= 3"
B3|shared-data:ecmwf_ifs025+icon_global|-|precip_0830|L7|region=south-peninsula|post-monsoon|all|T115.6,A3|shared-data:ecmwf_ifs025+icon_global|-|precip_0830|L7|region=south-peninsula|post-monsoon|all,B3,shared-data:ecmwf_ifs025+icon_global,115.6,not defined,0,"region: n >= 300, dates >= 60, points >= 3"
B3|shared-data:ecmwf_ifs025+icon_global|-|precip_0830|L7|region=south-peninsula|post-monsoon|all|T35.6,A3|shared-data:ecmwf_ifs025+icon_global|-|precip_0830|L7|region=south-peninsula|post-monsoon|all,B3,shared-data:ecmwf_ifs025+icon_global,35.6,not defined,0,"region: n >= 300, dates >= 60, points >= 3"
B3|shared-data:ecmwf_ifs025+icon_global|-|precip_0830|L7|region=south-peninsula|post-monsoon|all|T64.5,A3|shared-data:ecmwf_ifs025+icon_global|-|precip_0830|L7|region=south-peninsula|post-monsoon|all,B3,shared-data:ecmwf_ifs025+icon_global,64.5,not defined,0,"region: n >= 300, dates >= 60, points >= 3"
B3|shared-data:ecmwf_ifs025+icon_global|-|precip_0830|L7|region=south-peninsula|pre-monsoon|all|T115.6,A3|shared-data:ecmwf_ifs025+icon_global|-|precip_0830|L7|region=south-peninsula|pre-monsoon|all,B3,shared-data:ecmwf_ifs025+icon_global,115.6,not defined,0,"region: n >= 300, dates >= 60, points >= 3"
B3|shared-data:ecmwf_ifs025+icon_global|-|precip_0830|L7|region=south-peninsula|pre-monsoon|all|T35.6,A3|shared-data:ecmwf_ifs025+icon_global|-|precip_0830|L7|region=south-peninsula|pre-monsoon|all,B3,shared-data:ecmwf_ifs025+icon_global,35.6,not defined,0,"region: n >= 300, dates >= 60, points >= 3"
B3|shared-data:ecmwf_ifs025+icon_global|-|precip_0830|L7|region=south-peninsula|pre-monsoon|all|T64.5,A3|shared-data:ecmwf_ifs025+icon_global|-|precip_0830|L7|region=south-peninsula|pre-monsoon|all,B3,shared-data:ecmwf_ifs025+icon_global,64.5,not defined,0,"region: n >= 300, dates >= 60, points >= 3"
B3|shared-data:ecmwf_ifs025+icon_global|-|precip_0830|L7|region=south-peninsula|winter|all|T115.6,A3|shared-data:ecmwf_ifs025+icon_global|-|precip_0830|L7|region=south-peninsula|winter|all,B3,shared-data:ecmwf_ifs025+icon_global,115.6,not defined,0,"region: n >= 300, dates >= 60, points >= 3"
B3|shared-data:ecmwf_ifs025+icon_global|-|precip_0830|L7|region=south-peninsula|winter|all|T35.6,A3|shared-data:ecmwf_ifs025+icon_global|-|precip_0830|L7|region=south-peninsula|winter|all,B3,shared-data:ecmwf_ifs025+icon_global,35.6,not defined,0,"region: n >= 300, dates >= 60, points >= 3"
B3|shared-data:ecmwf_ifs025+icon_global|-|precip_0830|L7|region=south-peninsula|winter|all|T64.5,A3|shared-data:ecmwf_ifs025+icon_global|-|precip_0830|L7|region=south-peninsula|winter|all,B3,shared-data:ecmwf_ifs025+icon_global,64.5,not defined,0,"region: n >= 300, dates >= 60, points >= 3"
B3|shared-data:gfs_global+icon_global|-|precip_0830|L1|region=islands|all|all|T115.6,A3|shared-data:gfs_global+icon_global|-|precip_0830|L1|region=islands|all|all,B3,shared-data:gfs_global+icon_global,115.6,insufficient sample,0,"region: n >= 300, dates >= 60, points >= 3"
B3|shared-data:gfs_global+icon_global|-|precip_0830|L1|region=islands|all|all|T35.6,A3|shared-data:gfs_global+icon_global|-|precip_0830|L1|region=islands|all|all,B3,shared-data:gfs_global+icon_global,35.6,insufficient sample,0,"region: n >= 300, dates >= 60, points >= 3"
B3|shared-data:gfs_global+icon_global|-|precip_0830|L1|region=islands|all|all|T64.5,A3|shared-data:gfs_global+icon_global|-|precip_0830|L1|region=islands|all|all,B3,shared-data:gfs_global+icon_global,64.5,insufficient sample,0,"region: n >= 300, dates >= 60, points >= 3"
B3|shared-data:gfs_global+icon_global|-|precip_0830|L1|region=islands|monsoon|all|T115.6,A3|shared-data:gfs_global+icon_global|-|precip_0830|L1|region=islands|monsoon|all,B3,shared-data:gfs_global+icon_global,115.6,insufficient sample,0,"region: n >= 300, dates >= 60, points >= 3"
B3|shared-data:gfs_global+icon_global|-|precip_0830|L1|region=islands|monsoon|all|T35.6,A3|shared-data:gfs_global+icon_global|-|precip_0830|L1|region=islands|monsoon|all,B3,shared-data:gfs_global+icon_global,35.6,insufficient sample,0,"region: n >= 300, dates >= 60, points >= 3"
B3|shared-data:gfs_global+icon_global|-|precip_0830|L1|region=islands|monsoon|all|T64.5,A3|shared-data:gfs_global+icon_global|-|precip_0830|L1|region=islands|monsoon|all,B3,shared-data:gfs_global+icon_global,64.5,insufficient sample,0,"region: n >= 300, dates >= 60, points >= 3"
B3|shared-data:gfs_global+icon_global|-|precip_0830|L1|region=islands|post-monsoon|all|T115.6,A3|shared-data:gfs_global+icon_global|-|precip_0830|L1|region=islands|post-monsoon|all,B3,shared-data:gfs_global+icon_global,115.6,insufficient sample,0,"region: n >= 300, dates >= 60, points >= 3"
B3|shared-data:gfs_global+icon_global|-|precip_0830|L1|region=islands|post-monsoon|all|T35.6,A3|shared-data:gfs_global+icon_global|-|precip_0830|L1|region=islands|post-monsoon|all,B3,shared-data:gfs_global+icon_global,35.6,insufficient sample,0,"region: n >= 300, dates >= 60, points >= 3"
B3|shared-data:gfs_global+icon_global|-|precip_0830|L1|region=islands|post-monsoon|all|T64.5,A3|shared-data:gfs_global+icon_global|-|precip_0830|L1|region=islands|post-monsoon|all,B3,shared-data:gfs_global+icon_global,64.5,insufficient sample,0,"region: n >= 300, dates >= 60, points >= 3"
B3|shared-data:gfs_global+icon_global|-|precip_0830|L1|region=islands|pre-monsoon|all|T115.6,A3|shared-data:gfs_global+icon_global|-|precip_0830|L1|region=islands|pre-monsoon|all,B3,shared-data:gfs_global+icon_global,115.6,insufficient sample,0,"region: n >= 300, dates >= 60, points >= 3"
B3|shared-data:gfs_global+icon_global|-|precip_0830|L1|region=islands|pre-monsoon|all|T35.6,A3|shared-data:gfs_global+icon_global|-|precip_0830|L1|region=islands|pre-monsoon|all,B3,shared-data:gfs_global+icon_global,35.6,insufficient sample,0,"region: n >= 300, dates >= 60, points >= 3"
B3|shared-data:gfs_global+icon_global|-|precip_0830|L1|region=islands|pre-monsoon|all|T64.5,A3|shared-data:gfs_global+icon_global|-|precip_0830|L1|region=islands|pre-monsoon|all,B3,shared-data:gfs_global+icon_global,64.5,insufficient sample,0,"region: n >= 300, dates >= 60, points >= 3"
B3|shared-data:gfs_global+icon_global|-|precip_0830|L1|region=islands|winter|all|T115.6,A3|shared-data:gfs_global+icon_global|-|precip_0830|L1|region=islands|winter|all,B3,shared-data:gfs_global+icon_global,115.6,insufficient sample,0,"region: n >= 300, dates >= 60, points >= 3"
B3|shared-data:gfs_global+icon_global|-|precip_0830|L1|region=islands|winter|all|T35.6,A3|shared-data:gfs_global+icon_global|-|precip_0830|L1|region=islands|winter|all,B3,shared-data:gfs_global+icon_global,35.6,insufficient sample,0,"region: n >= 300, dates >= 60, points >= 3"
B3|shared-data:gfs_global+icon_global|-|precip_0830|L1|region=islands|winter|all|T64.5,A3|shared-data:gfs_global+icon_global|-|precip_0830|L1|region=islands|winter|all,B3,shared-data:gfs_global+icon_global,64.5,insufficient sample,0,"region: n >= 300, dates >= 60, points >= 3"
B3|shared-data:gfs_global+icon_global|-|precip_0830|L2|region=islands|all|all|T115.6,A3|shared-data:gfs_global+icon_global|-|precip_0830|L2|region=islands|all|all,B3,shared-data:gfs_global+icon_global,115.6,insufficient sample,0,"region: n >= 300, dates >= 60, points >= 3"
B3|shared-data:gfs_global+icon_global|-|precip_0830|L2|region=islands|all|all|T35.6,A3|shared-data:gfs_global+icon_global|-|precip_0830|L2|region=islands|all|all,B3,shared-data:gfs_global+icon_global,35.6,insufficient sample,0,"region: n >= 300, dates >= 60, points >= 3"
B3|shared-data:gfs_global+icon_global|-|precip_0830|L2|region=islands|all|all|T64.5,A3|shared-data:gfs_global+icon_global|-|precip_0830|L2|region=islands|all|all,B3,shared-data:gfs_global+icon_global,64.5,insufficient sample,0,"region: n >= 300, dates >= 60, points >= 3"
B3|shared-data:gfs_global+icon_global|-|precip_0830|L2|region=islands|monsoon|all|T115.6,A3|shared-data:gfs_global+icon_global|-|precip_0830|L2|region=islands|monsoon|all,B3,shared-data:gfs_global+icon_global,115.6,insufficient sample,0,"region: n >= 300, dates >= 60, points >= 3"
B3|shared-data:gfs_global+icon_global|-|precip_0830|L2|region=islands|monsoon|all|T35.6,A3|shared-data:gfs_global+icon_global|-|precip_0830|L2|region=islands|monsoon|all,B3,shared-data:gfs_global+icon_global,35.6,insufficient sample,0,"region: n >= 300, dates >= 60, points >= 3"
B3|shared-data:gfs_global+icon_global|-|precip_0830|L2|region=islands|monsoon|all|T64.5,A3|shared-data:gfs_global+icon_global|-|precip_0830|L2|region=islands|monsoon|all,B3,shared-data:gfs_global+icon_global,64.5,insufficient sample,0,"region: n >= 300, dates >= 60, points >= 3"
B3|shared-data:gfs_global+icon_global|-|precip_0830|L2|region=islands|post-monsoon|all|T115.6,A3|shared-data:gfs_global+icon_global|-|precip_0830|L2|region=islands|post-monsoon|all,B3,shared-data:gfs_global+icon_global,115.6,insufficient sample,0,"region: n >= 300, dates >= 60, points >= 3"
B3|shared-data:gfs_global+icon_global|-|precip_0830|L2|region=islands|post-monsoon|all|T35.6,A3|shared-data:gfs_global+icon_global|-|precip_0830|L2|region=islands|post-monsoon|all,B3,shared-data:gfs_global+icon_global,35.6,insufficient sample,0,"region: n >= 300, dates >= 60, points >= 3"
B3|shared-data:gfs_global+icon_global|-|precip_0830|L2|region=islands|post-monsoon|all|T64.5,A3|shared-data:gfs_global+icon_global|-|precip_0830|L2|region=islands|post-monsoon|all,B3,shared-data:gfs_global+icon_global,64.5,insufficient sample,0,"region: n >= 300, dates >= 60, points >= 3"
B3|shared-data:gfs_global+icon_global|-|precip_0830|L2|region=islands|pre-monsoon|all|T115.6,A3|shared-data:gfs_global+icon_global|-|precip_0830|L2|region=islands|pre-monsoon|all,B3,shared-data:gfs_global+icon_global,115.6,insufficient sample,0,"region: n >= 300, dates >= 60, points >= 3"
B3|shared-data:gfs_global+icon_global|-|precip_0830|L2|region=islands|pre-monsoon|all|T35.6,A3|shared-data:gfs_global+icon_global|-|precip_0830|L2|region=islands|pre-monsoon|all,B3,shared-data:gfs_global+icon_global,35.6,insufficient sample,0,"region: n >= 300, dates >= 60, points >= 3"
B3|shared-data:gfs_global+icon_global|-|precip_0830|L2|region=islands|pre-monsoon|all|T64.5,A3|shared-data:gfs_global+icon_global|-|precip_0830|L2|region=islands|pre-monsoon|all,B3,shared-data:gfs_global+icon_global,64.5,insufficient sample,0,"region: n >= 300, dates >= 60, points >= 3"
B3|shared-data:gfs_global+icon_global|-|precip_0830|L2|region=islands|winter|all|T115.6,A3|shared-data:gfs_global+icon_global|-|precip_0830|L2|region=islands|winter|all,B3,shared-data:gfs_global+icon_global,115.6,insufficient sample,0,"region: n >= 300, dates >= 60, points >= 3"
B3|shared-data:gfs_global+icon_global|-|precip_0830|L2|region=islands|winter|all|T35.6,A3|shared-data:gfs_global+icon_global|-|precip_0830|L2|region=islands|winter|all,B3,shared-data:gfs_global+icon_global,35.6,insufficient sample,0,"region: n >= 300, dates >= 60, points >= 3"
B3|shared-data:gfs_global+icon_global|-|precip_0830|L2|region=islands|winter|all|T64.5,A3|shared-data:gfs_global+icon_global|-|precip_0830|L2|region=islands|winter|all,B3,shared-data:gfs_global+icon_global,64.5,insufficient sample,0,"region: n >= 300, dates >= 60, points >= 3"
B3|shared-data:gfs_global+icon_global|-|precip_0830|L3|region=islands|all|all|T115.6,A3|shared-data:gfs_global+icon_global|-|precip_0830|L3|region=islands|all|all,B3,shared-data:gfs_global+icon_global,115.6,insufficient sample,0,"region: n >= 300, dates >= 60, points >= 3"
B3|shared-data:gfs_global+icon_global|-|precip_0830|L3|region=islands|all|all|T35.6,A3|shared-data:gfs_global+icon_global|-|precip_0830|L3|region=islands|all|all,B3,shared-data:gfs_global+icon_global,35.6,insufficient sample,0,"region: n >= 300, dates >= 60, points >= 3"
B3|shared-data:gfs_global+icon_global|-|precip_0830|L3|region=islands|all|all|T64.5,A3|shared-data:gfs_global+icon_global|-|precip_0830|L3|region=islands|all|all,B3,shared-data:gfs_global+icon_global,64.5,insufficient sample,0,"region: n >= 300, dates >= 60, points >= 3"
B3|shared-data:gfs_global+icon_global|-|precip_0830|L3|region=islands|monsoon|all|T115.6,A3|shared-data:gfs_global+icon_global|-|precip_0830|L3|region=islands|monsoon|all,B3,shared-data:gfs_global+icon_global,115.6,insufficient sample,0,"region: n >= 300, dates >= 60, points >= 3"
B3|shared-data:gfs_global+icon_global|-|precip_0830|L3|region=islands|monsoon|all|T35.6,A3|shared-data:gfs_global+icon_global|-|precip_0830|L3|region=islands|monsoon|all,B3,shared-data:gfs_global+icon_global,35.6,insufficient sample,0,"region: n >= 300, dates >= 60, points >= 3"
B3|shared-data:gfs_global+icon_global|-|precip_0830|L3|region=islands|monsoon|all|T64.5,A3|shared-data:gfs_global+icon_global|-|precip_0830|L3|region=islands|monsoon|all,B3,shared-data:gfs_global+icon_global,64.5,insufficient sample,0,"region: n >= 300, dates >= 60, points >= 3"
B3|shared-data:gfs_global+icon_global|-|precip_0830|L3|region=islands|post-monsoon|all|T115.6,A3|shared-data:gfs_global+icon_global|-|precip_0830|L3|region=islands|post-monsoon|all,B3,shared-data:gfs_global+icon_global,115.6,insufficient sample,0,"region: n >= 300, dates >= 60, points >= 3"
B3|shared-data:gfs_global+icon_global|-|precip_0830|L3|region=islands|post-monsoon|all|T35.6,A3|shared-data:gfs_global+icon_global|-|precip_0830|L3|region=islands|post-monsoon|all,B3,shared-data:gfs_global+icon_global,35.6,insufficient sample,0,"region: n >= 300, dates >= 60, points >= 3"
B3|shared-data:gfs_global+icon_global|-|precip_0830|L3|region=islands|post-monsoon|all|T64.5,A3|shared-data:gfs_global+icon_global|-|precip_0830|L3|region=islands|post-monsoon|all,B3,shared-data:gfs_global+icon_global,64.5,insufficient sample,0,"region: n >= 300, dates >= 60, points >= 3"
B3|shared-data:gfs_global+icon_global|-|precip_0830|L3|region=islands|pre-monsoon|all|T115.6,A3|shared-data:gfs_global+icon_global|-|precip_0830|L3|region=islands|pre-monsoon|all,B3,shared-data:gfs_global+icon_global,115.6,insufficient sample,0,"region: n >= 300, dates >= 60, points >= 3"
B3|shared-data:gfs_global+icon_global|-|precip_0830|L3|region=islands|pre-monsoon|all|T35.6,A3|shared-data:gfs_global+icon_global|-|precip_0830|L3|region=islands|pre-monsoon|all,B3,shared-data:gfs_global+icon_global,35.6,insufficient sample,0,"region: n >= 300, dates >= 60, points >= 3"
B3|shared-data:gfs_global+icon_global|-|precip_0830|L3|region=islands|pre-monsoon|all|T64.5,A3|shared-data:gfs_global+icon_global|-|precip_0830|L3|region=islands|pre-monsoon|all,B3,shared-data:gfs_global+icon_global,64.5,insufficient sample,0,"region: n >= 300, dates >= 60, points >= 3"
B3|shared-data:gfs_global+icon_global|-|precip_0830|L3|region=islands|winter|all|T115.6,A3|shared-data:gfs_global+icon_global|-|precip_0830|L3|region=islands|winter|all,B3,shared-data:gfs_global+icon_global,115.6,insufficient sample,0,"region: n >= 300, dates >= 60, points >= 3"
B3|shared-data:gfs_global+icon_global|-|precip_0830|L3|region=islands|winter|all|T35.6,A3|shared-data:gfs_global+icon_global|-|precip_0830|L3|region=islands|winter|all,B3,shared-data:gfs_global+icon_global,35.6,insufficient sample,0,"region: n >= 300, dates >= 60, points >= 3"
B3|shared-data:gfs_global+icon_global|-|precip_0830|L3|region=islands|winter|all|T64.5,A3|shared-data:gfs_global+icon_global|-|precip_0830|L3|region=islands|winter|all,B3,shared-data:gfs_global+icon_global,64.5,insufficient sample,0,"region: n >= 300, dates >= 60, points >= 3"
B3|shared-data:gfs_global+icon_global|-|precip_0830|L4|region=islands|all|all|T115.6,A3|shared-data:gfs_global+icon_global|-|precip_0830|L4|region=islands|all|all,B3,shared-data:gfs_global+icon_global,115.6,insufficient sample,0,"region: n >= 300, dates >= 60, points >= 3"
B3|shared-data:gfs_global+icon_global|-|precip_0830|L4|region=islands|all|all|T35.6,A3|shared-data:gfs_global+icon_global|-|precip_0830|L4|region=islands|all|all,B3,shared-data:gfs_global+icon_global,35.6,insufficient sample,0,"region: n >= 300, dates >= 60, points >= 3"
B3|shared-data:gfs_global+icon_global|-|precip_0830|L4|region=islands|all|all|T64.5,A3|shared-data:gfs_global+icon_global|-|precip_0830|L4|region=islands|all|all,B3,shared-data:gfs_global+icon_global,64.5,insufficient sample,0,"region: n >= 300, dates >= 60, points >= 3"
B3|shared-data:gfs_global+icon_global|-|precip_0830|L4|region=islands|monsoon|all|T115.6,A3|shared-data:gfs_global+icon_global|-|precip_0830|L4|region=islands|monsoon|all,B3,shared-data:gfs_global+icon_global,115.6,insufficient sample,0,"region: n >= 300, dates >= 60, points >= 3"
B3|shared-data:gfs_global+icon_global|-|precip_0830|L4|region=islands|monsoon|all|T35.6,A3|shared-data:gfs_global+icon_global|-|precip_0830|L4|region=islands|monsoon|all,B3,shared-data:gfs_global+icon_global,35.6,insufficient sample,0,"region: n >= 300, dates >= 60, points >= 3"
B3|shared-data:gfs_global+icon_global|-|precip_0830|L4|region=islands|monsoon|all|T64.5,A3|shared-data:gfs_global+icon_global|-|precip_0830|L4|region=islands|monsoon|all,B3,shared-data:gfs_global+icon_global,64.5,insufficient sample,0,"region: n >= 300, dates >= 60, points >= 3"
B3|shared-data:gfs_global+icon_global|-|precip_0830|L4|region=islands|post-monsoon|all|T115.6,A3|shared-data:gfs_global+icon_global|-|precip_0830|L4|region=islands|post-monsoon|all,B3,shared-data:gfs_global+icon_global,115.6,insufficient sample,0,"region: n >= 300, dates >= 60, points >= 3"
B3|shared-data:gfs_global+icon_global|-|precip_0830|L4|region=islands|post-monsoon|all|T35.6,A3|shared-data:gfs_global+icon_global|-|precip_0830|L4|region=islands|post-monsoon|all,B3,shared-data:gfs_global+icon_global,35.6,insufficient sample,0,"region: n >= 300, dates >= 60, points >= 3"
B3|shared-data:gfs_global+icon_global|-|precip_0830|L4|region=islands|post-monsoon|all|T64.5,A3|shared-data:gfs_global+icon_global|-|precip_0830|L4|region=islands|post-monsoon|all,B3,shared-data:gfs_global+icon_global,64.5,insufficient sample,0,"region: n >= 300, dates >= 60, points >= 3"
B3|shared-data:gfs_global+icon_global|-|precip_0830|L4|region=islands|pre-monsoon|all|T115.6,A3|shared-data:gfs_global+icon_global|-|precip_0830|L4|region=islands|pre-monsoon|all,B3,shared-data:gfs_global+icon_global,115.6,insufficient sample,0,"region: n >= 300, dates >= 60, points >= 3"
B3|shared-data:gfs_global+icon_global|-|precip_0830|L4|region=islands|pre-monsoon|all|T35.6,A3|shared-data:gfs_global+icon_global|-|precip_0830|L4|region=islands|pre-monsoon|all,B3,shared-data:gfs_global+icon_global,35.6,insufficient sample,0,"region: n >= 300, dates >= 60, points >= 3"
B3|shared-data:gfs_global+icon_global|-|precip_0830|L4|region=islands|pre-monsoon|all|T64.5,A3|shared-data:gfs_global+icon_global|-|precip_0830|L4|region=islands|pre-monsoon|all,B3,shared-data:gfs_global+icon_global,64.5,insufficient sample,0,"region: n >= 300, dates >= 60, points >= 3"
B3|shared-data:gfs_global+icon_global|-|precip_0830|L4|region=islands|winter|all|T115.6,A3|shared-data:gfs_global+icon_global|-|precip_0830|L4|region=islands|winter|all,B3,shared-data:gfs_global+icon_global,115.6,insufficient sample,0,"region: n >= 300, dates >= 60, points >= 3"
B3|shared-data:gfs_global+icon_global|-|precip_0830|L4|region=islands|winter|all|T35.6,A3|shared-data:gfs_global+icon_global|-|precip_0830|L4|region=islands|winter|all,B3,shared-data:gfs_global+icon_global,35.6,insufficient sample,0,"region: n >= 300, dates >= 60, points >= 3"
B3|shared-data:gfs_global+icon_global|-|precip_0830|L4|region=islands|winter|all|T64.5,A3|shared-data:gfs_global+icon_global|-|precip_0830|L4|region=islands|winter|all,B3,shared-data:gfs_global+icon_global,64.5,insufficient sample,0,"region: n >= 300, dates >= 60, points >= 3"
B3|shared-data:gfs_global+icon_global|-|precip_0830|L5|region=islands|all|all|T115.6,A3|shared-data:gfs_global+icon_global|-|precip_0830|L5|region=islands|all|all,B3,shared-data:gfs_global+icon_global,115.6,insufficient sample,0,"region: n >= 300, dates >= 60, points >= 3"
B3|shared-data:gfs_global+icon_global|-|precip_0830|L5|region=islands|all|all|T35.6,A3|shared-data:gfs_global+icon_global|-|precip_0830|L5|region=islands|all|all,B3,shared-data:gfs_global+icon_global,35.6,insufficient sample,0,"region: n >= 300, dates >= 60, points >= 3"
B3|shared-data:gfs_global+icon_global|-|precip_0830|L5|region=islands|all|all|T64.5,A3|shared-data:gfs_global+icon_global|-|precip_0830|L5|region=islands|all|all,B3,shared-data:gfs_global+icon_global,64.5,insufficient sample,0,"region: n >= 300, dates >= 60, points >= 3"
B3|shared-data:gfs_global+icon_global|-|precip_0830|L5|region=islands|monsoon|all|T115.6,A3|shared-data:gfs_global+icon_global|-|precip_0830|L5|region=islands|monsoon|all,B3,shared-data:gfs_global+icon_global,115.6,insufficient sample,0,"region: n >= 300, dates >= 60, points >= 3"
B3|shared-data:gfs_global+icon_global|-|precip_0830|L5|region=islands|monsoon|all|T35.6,A3|shared-data:gfs_global+icon_global|-|precip_0830|L5|region=islands|monsoon|all,B3,shared-data:gfs_global+icon_global,35.6,insufficient sample,0,"region: n >= 300, dates >= 60, points >= 3"
B3|shared-data:gfs_global+icon_global|-|precip_0830|L5|region=islands|monsoon|all|T64.5,A3|shared-data:gfs_global+icon_global|-|precip_0830|L5|region=islands|monsoon|all,B3,shared-data:gfs_global+icon_global,64.5,insufficient sample,0,"region: n >= 300, dates >= 60, points >= 3"
B3|shared-data:gfs_global+icon_global|-|precip_0830|L5|region=islands|post-monsoon|all|T115.6,A3|shared-data:gfs_global+icon_global|-|precip_0830|L5|region=islands|post-monsoon|all,B3,shared-data:gfs_global+icon_global,115.6,insufficient sample,0,"region: n >= 300, dates >= 60, points >= 3"
B3|shared-data:gfs_global+icon_global|-|precip_0830|L5|region=islands|post-monsoon|all|T35.6,A3|shared-data:gfs_global+icon_global|-|precip_0830|L5|region=islands|post-monsoon|all,B3,shared-data:gfs_global+icon_global,35.6,insufficient sample,0,"region: n >= 300, dates >= 60, points >= 3"
B3|shared-data:gfs_global+icon_global|-|precip_0830|L5|region=islands|post-monsoon|all|T64.5,A3|shared-data:gfs_global+icon_global|-|precip_0830|L5|region=islands|post-monsoon|all,B3,shared-data:gfs_global+icon_global,64.5,insufficient sample,0,"region: n >= 300, dates >= 60, points >= 3"
B3|shared-data:gfs_global+icon_global|-|precip_0830|L5|region=islands|pre-monsoon|all|T115.6,A3|shared-data:gfs_global+icon_global|-|precip_0830|L5|region=islands|pre-monsoon|all,B3,shared-data:gfs_global+icon_global,115.6,insufficient sample,0,"region: n >= 300, dates >= 60, points >= 3"
B3|shared-data:gfs_global+icon_global|-|precip_0830|L5|region=islands|pre-monsoon|all|T35.6,A3|shared-data:gfs_global+icon_global|-|precip_0830|L5|region=islands|pre-monsoon|all,B3,shared-data:gfs_global+icon_global,35.6,insufficient sample,0,"region: n >= 300, dates >= 60, points >= 3"
B3|shared-data:gfs_global+icon_global|-|precip_0830|L5|region=islands|pre-monsoon|all|T64.5,A3|shared-data:gfs_global+icon_global|-|precip_0830|L5|region=islands|pre-monsoon|all,B3,shared-data:gfs_global+icon_global,64.5,insufficient sample,0,"region: n >= 300, dates >= 60, points >= 3"
B3|shared-data:gfs_global+icon_global|-|precip_0830|L5|region=islands|winter|all|T115.6,A3|shared-data:gfs_global+icon_global|-|precip_0830|L5|region=islands|winter|all,B3,shared-data:gfs_global+icon_global,115.6,insufficient sample,0,"region: n >= 300, dates >= 60, points >= 3"
B3|shared-data:gfs_global+icon_global|-|precip_0830|L5|region=islands|winter|all|T35.6,A3|shared-data:gfs_global+icon_global|-|precip_0830|L5|region=islands|winter|all,B3,shared-data:gfs_global+icon_global,35.6,insufficient sample,0,"region: n >= 300, dates >= 60, points >= 3"
B3|shared-data:gfs_global+icon_global|-|precip_0830|L5|region=islands|winter|all|T64.5,A3|shared-data:gfs_global+icon_global|-|precip_0830|L5|region=islands|winter|all,B3,shared-data:gfs_global+icon_global,64.5,insufficient sample,0,"region: n >= 300, dates >= 60, points >= 3"
B3|shared-data:gfs_global+icon_global|-|precip_0830|L6|region=islands|all|all|T115.6,A3|shared-data:gfs_global+icon_global|-|precip_0830|L6|region=islands|all|all,B3,shared-data:gfs_global+icon_global,115.6,insufficient sample,0,"region: n >= 300, dates >= 60, points >= 3"
B3|shared-data:gfs_global+icon_global|-|precip_0830|L6|region=islands|all|all|T35.6,A3|shared-data:gfs_global+icon_global|-|precip_0830|L6|region=islands|all|all,B3,shared-data:gfs_global+icon_global,35.6,insufficient sample,0,"region: n >= 300, dates >= 60, points >= 3"
B3|shared-data:gfs_global+icon_global|-|precip_0830|L6|region=islands|all|all|T64.5,A3|shared-data:gfs_global+icon_global|-|precip_0830|L6|region=islands|all|all,B3,shared-data:gfs_global+icon_global,64.5,insufficient sample,0,"region: n >= 300, dates >= 60, points >= 3"
B3|shared-data:gfs_global+icon_global|-|precip_0830|L6|region=islands|monsoon|all|T115.6,A3|shared-data:gfs_global+icon_global|-|precip_0830|L6|region=islands|monsoon|all,B3,shared-data:gfs_global+icon_global,115.6,insufficient sample,0,"region: n >= 300, dates >= 60, points >= 3"
B3|shared-data:gfs_global+icon_global|-|precip_0830|L6|region=islands|monsoon|all|T35.6,A3|shared-data:gfs_global+icon_global|-|precip_0830|L6|region=islands|monsoon|all,B3,shared-data:gfs_global+icon_global,35.6,insufficient sample,0,"region: n >= 300, dates >= 60, points >= 3"
B3|shared-data:gfs_global+icon_global|-|precip_0830|L6|region=islands|monsoon|all|T64.5,A3|shared-data:gfs_global+icon_global|-|precip_0830|L6|region=islands|monsoon|all,B3,shared-data:gfs_global+icon_global,64.5,insufficient sample,0,"region: n >= 300, dates >= 60, points >= 3"
B3|shared-data:gfs_global+icon_global|-|precip_0830|L6|region=islands|post-monsoon|all|T115.6,A3|shared-data:gfs_global+icon_global|-|precip_0830|L6|region=islands|post-monsoon|all,B3,shared-data:gfs_global+icon_global,115.6,insufficient sample,0,"region: n >= 300, dates >= 60, points >= 3"
B3|shared-data:gfs_global+icon_global|-|precip_0830|L6|region=islands|post-monsoon|all|T35.6,A3|shared-data:gfs_global+icon_global|-|precip_0830|L6|region=islands|post-monsoon|all,B3,shared-data:gfs_global+icon_global,35.6,insufficient sample,0,"region: n >= 300, dates >= 60, points >= 3"
B3|shared-data:gfs_global+icon_global|-|precip_0830|L6|region=islands|post-monsoon|all|T64.5,A3|shared-data:gfs_global+icon_global|-|precip_0830|L6|region=islands|post-monsoon|all,B3,shared-data:gfs_global+icon_global,64.5,insufficient sample,0,"region: n >= 300, dates >= 60, points >= 3"
B3|shared-data:gfs_global+icon_global|-|precip_0830|L6|region=islands|pre-monsoon|all|T115.6,A3|shared-data:gfs_global+icon_global|-|precip_0830|L6|region=islands|pre-monsoon|all,B3,shared-data:gfs_global+icon_global,115.6,insufficient sample,0,"region: n >= 300, dates >= 60, points >= 3"
B3|shared-data:gfs_global+icon_global|-|precip_0830|L6|region=islands|pre-monsoon|all|T35.6,A3|shared-data:gfs_global+icon_global|-|precip_0830|L6|region=islands|pre-monsoon|all,B3,shared-data:gfs_global+icon_global,35.6,insufficient sample,0,"region: n >= 300, dates >= 60, points >= 3"
B3|shared-data:gfs_global+icon_global|-|precip_0830|L6|region=islands|pre-monsoon|all|T64.5,A3|shared-data:gfs_global+icon_global|-|precip_0830|L6|region=islands|pre-monsoon|all,B3,shared-data:gfs_global+icon_global,64.5,insufficient sample,0,"region: n >= 300, dates >= 60, points >= 3"
B3|shared-data:gfs_global+icon_global|-|precip_0830|L6|region=islands|winter|all|T115.6,A3|shared-data:gfs_global+icon_global|-|precip_0830|L6|region=islands|winter|all,B3,shared-data:gfs_global+icon_global,115.6,insufficient sample,0,"region: n >= 300, dates >= 60, points >= 3"
B3|shared-data:gfs_global+icon_global|-|precip_0830|L6|region=islands|winter|all|T35.6,A3|shared-data:gfs_global+icon_global|-|precip_0830|L6|region=islands|winter|all,B3,shared-data:gfs_global+icon_global,35.6,insufficient sample,0,"region: n >= 300, dates >= 60, points >= 3"
B3|shared-data:gfs_global+icon_global|-|precip_0830|L6|region=islands|winter|all|T64.5,A3|shared-data:gfs_global+icon_global|-|precip_0830|L6|region=islands|winter|all,B3,shared-data:gfs_global+icon_global,64.5,insufficient sample,0,"region: n >= 300, dates >= 60, points >= 3"
B3|shared-data:gfs_global+icon_global|-|precip_0830|L7|high_altitude=<1000m|all|all|T115.6,A3|shared-data:gfs_global+icon_global|-|precip_0830|L7|high_altitude=<1000m|all|all,B3,shared-data:gfs_global+icon_global,115.6,not defined,0,"high_altitude: n >= 300, dates >= 60, points >= 3"
B3|shared-data:gfs_global+icon_global|-|precip_0830|L7|high_altitude=<1000m|all|all|T35.6,A3|shared-data:gfs_global+icon_global|-|precip_0830|L7|high_altitude=<1000m|all|all,B3,shared-data:gfs_global+icon_global,35.6,not defined,0,"high_altitude: n >= 300, dates >= 60, points >= 3"
B3|shared-data:gfs_global+icon_global|-|precip_0830|L7|high_altitude=<1000m|all|all|T64.5,A3|shared-data:gfs_global+icon_global|-|precip_0830|L7|high_altitude=<1000m|all|all,B3,shared-data:gfs_global+icon_global,64.5,not defined,0,"high_altitude: n >= 300, dates >= 60, points >= 3"
B3|shared-data:gfs_global+icon_global|-|precip_0830|L7|high_altitude=<1000m|monsoon|all|T115.6,A3|shared-data:gfs_global+icon_global|-|precip_0830|L7|high_altitude=<1000m|monsoon|all,B3,shared-data:gfs_global+icon_global,115.6,not defined,0,"high_altitude: n >= 300, dates >= 60, points >= 3"
B3|shared-data:gfs_global+icon_global|-|precip_0830|L7|high_altitude=<1000m|monsoon|all|T35.6,A3|shared-data:gfs_global+icon_global|-|precip_0830|L7|high_altitude=<1000m|monsoon|all,B3,shared-data:gfs_global+icon_global,35.6,not defined,0,"high_altitude: n >= 300, dates >= 60, points >= 3"
B3|shared-data:gfs_global+icon_global|-|precip_0830|L7|high_altitude=<1000m|monsoon|all|T64.5,A3|shared-data:gfs_global+icon_global|-|precip_0830|L7|high_altitude=<1000m|monsoon|all,B3,shared-data:gfs_global+icon_global,64.5,not defined,0,"high_altitude: n >= 300, dates >= 60, points >= 3"
B3|shared-data:gfs_global+icon_global|-|precip_0830|L7|high_altitude=<1000m|post-monsoon|all|T115.6,A3|shared-data:gfs_global+icon_global|-|precip_0830|L7|high_altitude=<1000m|post-monsoon|all,B3,shared-data:gfs_global+icon_global,115.6,not defined,0,"high_altitude: n >= 300, dates >= 60, points >= 3"
B3|shared-data:gfs_global+icon_global|-|precip_0830|L7|high_altitude=<1000m|post-monsoon|all|T35.6,A3|shared-data:gfs_global+icon_global|-|precip_0830|L7|high_altitude=<1000m|post-monsoon|all,B3,shared-data:gfs_global+icon_global,35.6,not defined,0,"high_altitude: n >= 300, dates >= 60, points >= 3"
B3|shared-data:gfs_global+icon_global|-|precip_0830|L7|high_altitude=<1000m|post-monsoon|all|T64.5,A3|shared-data:gfs_global+icon_global|-|precip_0830|L7|high_altitude=<1000m|post-monsoon|all,B3,shared-data:gfs_global+icon_global,64.5,not defined,0,"high_altitude: n >= 300, dates >= 60, points >= 3"
B3|shared-data:gfs_global+icon_global|-|precip_0830|L7|high_altitude=<1000m|pre-monsoon|all|T115.6,A3|shared-data:gfs_global+icon_global|-|precip_0830|L7|high_altitude=<1000m|pre-monsoon|all,B3,shared-data:gfs_global+icon_global,115.6,not defined,0,"high_altitude: n >= 300, dates >= 60, points >= 3"
B3|shared-data:gfs_global+icon_global|-|precip_0830|L7|high_altitude=<1000m|pre-monsoon|all|T35.6,A3|shared-data:gfs_global+icon_global|-|precip_0830|L7|high_altitude=<1000m|pre-monsoon|all,B3,shared-data:gfs_global+icon_global,35.6,not defined,0,"high_altitude: n >= 300, dates >= 60, points >= 3"
B3|shared-data:gfs_global+icon_global|-|precip_0830|L7|high_altitude=<1000m|pre-monsoon|all|T64.5,A3|shared-data:gfs_global+icon_global|-|precip_0830|L7|high_altitude=<1000m|pre-monsoon|all,B3,shared-data:gfs_global+icon_global,64.5,not defined,0,"high_altitude: n >= 300, dates >= 60, points >= 3"
B3|shared-data:gfs_global+icon_global|-|precip_0830|L7|high_altitude=<1000m|winter|all|T115.6,A3|shared-data:gfs_global+icon_global|-|precip_0830|L7|high_altitude=<1000m|winter|all,B3,shared-data:gfs_global+icon_global,115.6,not defined,0,"high_altitude: n >= 300, dates >= 60, points >= 3"
B3|shared-data:gfs_global+icon_global|-|precip_0830|L7|high_altitude=<1000m|winter|all|T35.6,A3|shared-data:gfs_global+icon_global|-|precip_0830|L7|high_altitude=<1000m|winter|all,B3,shared-data:gfs_global+icon_global,35.6,not defined,0,"high_altitude: n >= 300, dates >= 60, points >= 3"
B3|shared-data:gfs_global+icon_global|-|precip_0830|L7|high_altitude=<1000m|winter|all|T64.5,A3|shared-data:gfs_global+icon_global|-|precip_0830|L7|high_altitude=<1000m|winter|all,B3,shared-data:gfs_global+icon_global,64.5,not defined,0,"high_altitude: n >= 300, dates >= 60, points >= 3"
B3|shared-data:gfs_global+icon_global|-|precip_0830|L7|high_altitude=>=1000m|all|all|T115.6,A3|shared-data:gfs_global+icon_global|-|precip_0830|L7|high_altitude=>=1000m|all|all,B3,shared-data:gfs_global+icon_global,115.6,not defined,0,"high_altitude: n >= 300, dates >= 60, points >= 3"
B3|shared-data:gfs_global+icon_global|-|precip_0830|L7|high_altitude=>=1000m|all|all|T35.6,A3|shared-data:gfs_global+icon_global|-|precip_0830|L7|high_altitude=>=1000m|all|all,B3,shared-data:gfs_global+icon_global,35.6,not defined,0,"high_altitude: n >= 300, dates >= 60, points >= 3"
B3|shared-data:gfs_global+icon_global|-|precip_0830|L7|high_altitude=>=1000m|all|all|T64.5,A3|shared-data:gfs_global+icon_global|-|precip_0830|L7|high_altitude=>=1000m|all|all,B3,shared-data:gfs_global+icon_global,64.5,not defined,0,"high_altitude: n >= 300, dates >= 60, points >= 3"
B3|shared-data:gfs_global+icon_global|-|precip_0830|L7|high_altitude=>=1000m|monsoon|all|T115.6,A3|shared-data:gfs_global+icon_global|-|precip_0830|L7|high_altitude=>=1000m|monsoon|all,B3,shared-data:gfs_global+icon_global,115.6,not defined,0,"high_altitude: n >= 300, dates >= 60, points >= 3"
B3|shared-data:gfs_global+icon_global|-|precip_0830|L7|high_altitude=>=1000m|monsoon|all|T35.6,A3|shared-data:gfs_global+icon_global|-|precip_0830|L7|high_altitude=>=1000m|monsoon|all,B3,shared-data:gfs_global+icon_global,35.6,not defined,0,"high_altitude: n >= 300, dates >= 60, points >= 3"
B3|shared-data:gfs_global+icon_global|-|precip_0830|L7|high_altitude=>=1000m|monsoon|all|T64.5,A3|shared-data:gfs_global+icon_global|-|precip_0830|L7|high_altitude=>=1000m|monsoon|all,B3,shared-data:gfs_global+icon_global,64.5,not defined,0,"high_altitude: n >= 300, dates >= 60, points >= 3"
B3|shared-data:gfs_global+icon_global|-|precip_0830|L7|high_altitude=>=1000m|post-monsoon|all|T115.6,A3|shared-data:gfs_global+icon_global|-|precip_0830|L7|high_altitude=>=1000m|post-monsoon|all,B3,shared-data:gfs_global+icon_global,115.6,not defined,0,"high_altitude: n >= 300, dates >= 60, points >= 3"
B3|shared-data:gfs_global+icon_global|-|precip_0830|L7|high_altitude=>=1000m|post-monsoon|all|T35.6,A3|shared-data:gfs_global+icon_global|-|precip_0830|L7|high_altitude=>=1000m|post-monsoon|all,B3,shared-data:gfs_global+icon_global,35.6,not defined,0,"high_altitude: n >= 300, dates >= 60, points >= 3"
B3|shared-data:gfs_global+icon_global|-|precip_0830|L7|high_altitude=>=1000m|post-monsoon|all|T64.5,A3|shared-data:gfs_global+icon_global|-|precip_0830|L7|high_altitude=>=1000m|post-monsoon|all,B3,shared-data:gfs_global+icon_global,64.5,not defined,0,"high_altitude: n >= 300, dates >= 60, points >= 3"
B3|shared-data:gfs_global+icon_global|-|precip_0830|L7|high_altitude=>=1000m|pre-monsoon|all|T115.6,A3|shared-data:gfs_global+icon_global|-|precip_0830|L7|high_altitude=>=1000m|pre-monsoon|all,B3,shared-data:gfs_global+icon_global,115.6,not defined,0,"high_altitude: n >= 300, dates >= 60, points >= 3"
B3|shared-data:gfs_global+icon_global|-|precip_0830|L7|high_altitude=>=1000m|pre-monsoon|all|T35.6,A3|shared-data:gfs_global+icon_global|-|precip_0830|L7|high_altitude=>=1000m|pre-monsoon|all,B3,shared-data:gfs_global+icon_global,35.6,not defined,0,"high_altitude: n >= 300, dates >= 60, points >= 3"
B3|shared-data:gfs_global+icon_global|-|precip_0830|L7|high_altitude=>=1000m|pre-monsoon|all|T64.5,A3|shared-data:gfs_global+icon_global|-|precip_0830|L7|high_altitude=>=1000m|pre-monsoon|all,B3,shared-data:gfs_global+icon_global,64.5,not defined,0,"high_altitude: n >= 300, dates >= 60, points >= 3"
B3|shared-data:gfs_global+icon_global|-|precip_0830|L7|high_altitude=>=1000m|winter|all|T115.6,A3|shared-data:gfs_global+icon_global|-|precip_0830|L7|high_altitude=>=1000m|winter|all,B3,shared-data:gfs_global+icon_global,115.6,not defined,0,"high_altitude: n >= 300, dates >= 60, points >= 3"
B3|shared-data:gfs_global+icon_global|-|precip_0830|L7|high_altitude=>=1000m|winter|all|T35.6,A3|shared-data:gfs_global+icon_global|-|precip_0830|L7|high_altitude=>=1000m|winter|all,B3,shared-data:gfs_global+icon_global,35.6,not defined,0,"high_altitude: n >= 300, dates >= 60, points >= 3"
B3|shared-data:gfs_global+icon_global|-|precip_0830|L7|high_altitude=>=1000m|winter|all|T64.5,A3|shared-data:gfs_global+icon_global|-|precip_0830|L7|high_altitude=>=1000m|winter|all,B3,shared-data:gfs_global+icon_global,64.5,not defined,0,"high_altitude: n >= 300, dates >= 60, points >= 3"
B3|shared-data:gfs_global+icon_global|-|precip_0830|L7|pooled=all-points|all|all|T115.6,A3|shared-data:gfs_global+icon_global|-|precip_0830|L7|pooled=all-points|all|all,B3,shared-data:gfs_global+icon_global,115.6,not defined,0,"pooled: n >= 300, dates >= 60, points >= 10"
B3|shared-data:gfs_global+icon_global|-|precip_0830|L7|pooled=all-points|all|all|T35.6,A3|shared-data:gfs_global+icon_global|-|precip_0830|L7|pooled=all-points|all|all,B3,shared-data:gfs_global+icon_global,35.6,not defined,0,"pooled: n >= 300, dates >= 60, points >= 10"
B3|shared-data:gfs_global+icon_global|-|precip_0830|L7|pooled=all-points|all|all|T64.5,A3|shared-data:gfs_global+icon_global|-|precip_0830|L7|pooled=all-points|all|all,B3,shared-data:gfs_global+icon_global,64.5,not defined,0,"pooled: n >= 300, dates >= 60, points >= 10"
B3|shared-data:gfs_global+icon_global|-|precip_0830|L7|pooled=all-points|monsoon|all|T115.6,A3|shared-data:gfs_global+icon_global|-|precip_0830|L7|pooled=all-points|monsoon|all,B3,shared-data:gfs_global+icon_global,115.6,not defined,0,"season: n >= 300, dates >= 60, points >= 10"
B3|shared-data:gfs_global+icon_global|-|precip_0830|L7|pooled=all-points|monsoon|all|T35.6,A3|shared-data:gfs_global+icon_global|-|precip_0830|L7|pooled=all-points|monsoon|all,B3,shared-data:gfs_global+icon_global,35.6,not defined,0,"season: n >= 300, dates >= 60, points >= 10"
B3|shared-data:gfs_global+icon_global|-|precip_0830|L7|pooled=all-points|monsoon|all|T64.5,A3|shared-data:gfs_global+icon_global|-|precip_0830|L7|pooled=all-points|monsoon|all,B3,shared-data:gfs_global+icon_global,64.5,not defined,0,"season: n >= 300, dates >= 60, points >= 10"
B3|shared-data:gfs_global+icon_global|-|precip_0830|L7|pooled=all-points|post-monsoon|all|T115.6,A3|shared-data:gfs_global+icon_global|-|precip_0830|L7|pooled=all-points|post-monsoon|all,B3,shared-data:gfs_global+icon_global,115.6,not defined,0,"season: n >= 300, dates >= 60, points >= 10"
B3|shared-data:gfs_global+icon_global|-|precip_0830|L7|pooled=all-points|post-monsoon|all|T35.6,A3|shared-data:gfs_global+icon_global|-|precip_0830|L7|pooled=all-points|post-monsoon|all,B3,shared-data:gfs_global+icon_global,35.6,not defined,0,"season: n >= 300, dates >= 60, points >= 10"
B3|shared-data:gfs_global+icon_global|-|precip_0830|L7|pooled=all-points|post-monsoon|all|T64.5,A3|shared-data:gfs_global+icon_global|-|precip_0830|L7|pooled=all-points|post-monsoon|all,B3,shared-data:gfs_global+icon_global,64.5,not defined,0,"season: n >= 300, dates >= 60, points >= 10"
B3|shared-data:gfs_global+icon_global|-|precip_0830|L7|pooled=all-points|pre-monsoon|all|T115.6,A3|shared-data:gfs_global+icon_global|-|precip_0830|L7|pooled=all-points|pre-monsoon|all,B3,shared-data:gfs_global+icon_global,115.6,not defined,0,"season: n >= 300, dates >= 60, points >= 10"
B3|shared-data:gfs_global+icon_global|-|precip_0830|L7|pooled=all-points|pre-monsoon|all|T35.6,A3|shared-data:gfs_global+icon_global|-|precip_0830|L7|pooled=all-points|pre-monsoon|all,B3,shared-data:gfs_global+icon_global,35.6,not defined,0,"season: n >= 300, dates >= 60, points >= 10"
B3|shared-data:gfs_global+icon_global|-|precip_0830|L7|pooled=all-points|pre-monsoon|all|T64.5,A3|shared-data:gfs_global+icon_global|-|precip_0830|L7|pooled=all-points|pre-monsoon|all,B3,shared-data:gfs_global+icon_global,64.5,not defined,0,"season: n >= 300, dates >= 60, points >= 10"
B3|shared-data:gfs_global+icon_global|-|precip_0830|L7|pooled=all-points|winter|all|T115.6,A3|shared-data:gfs_global+icon_global|-|precip_0830|L7|pooled=all-points|winter|all,B3,shared-data:gfs_global+icon_global,115.6,not defined,0,"season: n >= 300, dates >= 60, points >= 10"
B3|shared-data:gfs_global+icon_global|-|precip_0830|L7|pooled=all-points|winter|all|T35.6,A3|shared-data:gfs_global+icon_global|-|precip_0830|L7|pooled=all-points|winter|all,B3,shared-data:gfs_global+icon_global,35.6,not defined,0,"season: n >= 300, dates >= 60, points >= 10"
B3|shared-data:gfs_global+icon_global|-|precip_0830|L7|pooled=all-points|winter|all|T64.5,A3|shared-data:gfs_global+icon_global|-|precip_0830|L7|pooled=all-points|winter|all,B3,shared-data:gfs_global+icon_global,64.5,not defined,0,"season: n >= 300, dates >= 60, points >= 10"
B3|shared-data:gfs_global+icon_global|-|precip_0830|L7|region=central|all|all|T115.6,A3|shared-data:gfs_global+icon_global|-|precip_0830|L7|region=central|all|all,B3,shared-data:gfs_global+icon_global,115.6,not defined,0,"region: n >= 300, dates >= 60, points >= 3"
B3|shared-data:gfs_global+icon_global|-|precip_0830|L7|region=central|all|all|T35.6,A3|shared-data:gfs_global+icon_global|-|precip_0830|L7|region=central|all|all,B3,shared-data:gfs_global+icon_global,35.6,not defined,0,"region: n >= 300, dates >= 60, points >= 3"
B3|shared-data:gfs_global+icon_global|-|precip_0830|L7|region=central|all|all|T64.5,A3|shared-data:gfs_global+icon_global|-|precip_0830|L7|region=central|all|all,B3,shared-data:gfs_global+icon_global,64.5,not defined,0,"region: n >= 300, dates >= 60, points >= 3"
B3|shared-data:gfs_global+icon_global|-|precip_0830|L7|region=central|monsoon|all|T115.6,A3|shared-data:gfs_global+icon_global|-|precip_0830|L7|region=central|monsoon|all,B3,shared-data:gfs_global+icon_global,115.6,not defined,0,"region: n >= 300, dates >= 60, points >= 3"
B3|shared-data:gfs_global+icon_global|-|precip_0830|L7|region=central|monsoon|all|T35.6,A3|shared-data:gfs_global+icon_global|-|precip_0830|L7|region=central|monsoon|all,B3,shared-data:gfs_global+icon_global,35.6,not defined,0,"region: n >= 300, dates >= 60, points >= 3"
B3|shared-data:gfs_global+icon_global|-|precip_0830|L7|region=central|monsoon|all|T64.5,A3|shared-data:gfs_global+icon_global|-|precip_0830|L7|region=central|monsoon|all,B3,shared-data:gfs_global+icon_global,64.5,not defined,0,"region: n >= 300, dates >= 60, points >= 3"
B3|shared-data:gfs_global+icon_global|-|precip_0830|L7|region=central|post-monsoon|all|T115.6,A3|shared-data:gfs_global+icon_global|-|precip_0830|L7|region=central|post-monsoon|all,B3,shared-data:gfs_global+icon_global,115.6,not defined,0,"region: n >= 300, dates >= 60, points >= 3"
B3|shared-data:gfs_global+icon_global|-|precip_0830|L7|region=central|post-monsoon|all|T35.6,A3|shared-data:gfs_global+icon_global|-|precip_0830|L7|region=central|post-monsoon|all,B3,shared-data:gfs_global+icon_global,35.6,not defined,0,"region: n >= 300, dates >= 60, points >= 3"
B3|shared-data:gfs_global+icon_global|-|precip_0830|L7|region=central|post-monsoon|all|T64.5,A3|shared-data:gfs_global+icon_global|-|precip_0830|L7|region=central|post-monsoon|all,B3,shared-data:gfs_global+icon_global,64.5,not defined,0,"region: n >= 300, dates >= 60, points >= 3"
B3|shared-data:gfs_global+icon_global|-|precip_0830|L7|region=central|pre-monsoon|all|T115.6,A3|shared-data:gfs_global+icon_global|-|precip_0830|L7|region=central|pre-monsoon|all,B3,shared-data:gfs_global+icon_global,115.6,not defined,0,"region: n >= 300, dates >= 60, points >= 3"
B3|shared-data:gfs_global+icon_global|-|precip_0830|L7|region=central|pre-monsoon|all|T35.6,A3|shared-data:gfs_global+icon_global|-|precip_0830|L7|region=central|pre-monsoon|all,B3,shared-data:gfs_global+icon_global,35.6,not defined,0,"region: n >= 300, dates >= 60, points >= 3"
B3|shared-data:gfs_global+icon_global|-|precip_0830|L7|region=central|pre-monsoon|all|T64.5,A3|shared-data:gfs_global+icon_global|-|precip_0830|L7|region=central|pre-monsoon|all,B3,shared-data:gfs_global+icon_global,64.5,not defined,0,"region: n >= 300, dates >= 60, points >= 3"
B3|shared-data:gfs_global+icon_global|-|precip_0830|L7|region=central|winter|all|T115.6,A3|shared-data:gfs_global+icon_global|-|precip_0830|L7|region=central|winter|all,B3,shared-data:gfs_global+icon_global,115.6,not defined,0,"region: n >= 300, dates >= 60, points >= 3"
B3|shared-data:gfs_global+icon_global|-|precip_0830|L7|region=central|winter|all|T35.6,A3|shared-data:gfs_global+icon_global|-|precip_0830|L7|region=central|winter|all,B3,shared-data:gfs_global+icon_global,35.6,not defined,0,"region: n >= 300, dates >= 60, points >= 3"
B3|shared-data:gfs_global+icon_global|-|precip_0830|L7|region=central|winter|all|T64.5,A3|shared-data:gfs_global+icon_global|-|precip_0830|L7|region=central|winter|all,B3,shared-data:gfs_global+icon_global,64.5,not defined,0,"region: n >= 300, dates >= 60, points >= 3"
B3|shared-data:gfs_global+icon_global|-|precip_0830|L7|region=east-north-east|all|all|T115.6,A3|shared-data:gfs_global+icon_global|-|precip_0830|L7|region=east-north-east|all|all,B3,shared-data:gfs_global+icon_global,115.6,not defined,0,"region: n >= 300, dates >= 60, points >= 3"
B3|shared-data:gfs_global+icon_global|-|precip_0830|L7|region=east-north-east|all|all|T35.6,A3|shared-data:gfs_global+icon_global|-|precip_0830|L7|region=east-north-east|all|all,B3,shared-data:gfs_global+icon_global,35.6,not defined,0,"region: n >= 300, dates >= 60, points >= 3"
B3|shared-data:gfs_global+icon_global|-|precip_0830|L7|region=east-north-east|all|all|T64.5,A3|shared-data:gfs_global+icon_global|-|precip_0830|L7|region=east-north-east|all|all,B3,shared-data:gfs_global+icon_global,64.5,not defined,0,"region: n >= 300, dates >= 60, points >= 3"
B3|shared-data:gfs_global+icon_global|-|precip_0830|L7|region=east-north-east|monsoon|all|T115.6,A3|shared-data:gfs_global+icon_global|-|precip_0830|L7|region=east-north-east|monsoon|all,B3,shared-data:gfs_global+icon_global,115.6,not defined,0,"region: n >= 300, dates >= 60, points >= 3"
B3|shared-data:gfs_global+icon_global|-|precip_0830|L7|region=east-north-east|monsoon|all|T35.6,A3|shared-data:gfs_global+icon_global|-|precip_0830|L7|region=east-north-east|monsoon|all,B3,shared-data:gfs_global+icon_global,35.6,not defined,0,"region: n >= 300, dates >= 60, points >= 3"
B3|shared-data:gfs_global+icon_global|-|precip_0830|L7|region=east-north-east|monsoon|all|T64.5,A3|shared-data:gfs_global+icon_global|-|precip_0830|L7|region=east-north-east|monsoon|all,B3,shared-data:gfs_global+icon_global,64.5,not defined,0,"region: n >= 300, dates >= 60, points >= 3"
B3|shared-data:gfs_global+icon_global|-|precip_0830|L7|region=east-north-east|post-monsoon|all|T115.6,A3|shared-data:gfs_global+icon_global|-|precip_0830|L7|region=east-north-east|post-monsoon|all,B3,shared-data:gfs_global+icon_global,115.6,not defined,0,"region: n >= 300, dates >= 60, points >= 3"
B3|shared-data:gfs_global+icon_global|-|precip_0830|L7|region=east-north-east|post-monsoon|all|T35.6,A3|shared-data:gfs_global+icon_global|-|precip_0830|L7|region=east-north-east|post-monsoon|all,B3,shared-data:gfs_global+icon_global,35.6,not defined,0,"region: n >= 300, dates >= 60, points >= 3"
B3|shared-data:gfs_global+icon_global|-|precip_0830|L7|region=east-north-east|post-monsoon|all|T64.5,A3|shared-data:gfs_global+icon_global|-|precip_0830|L7|region=east-north-east|post-monsoon|all,B3,shared-data:gfs_global+icon_global,64.5,not defined,0,"region: n >= 300, dates >= 60, points >= 3"
B3|shared-data:gfs_global+icon_global|-|precip_0830|L7|region=east-north-east|pre-monsoon|all|T115.6,A3|shared-data:gfs_global+icon_global|-|precip_0830|L7|region=east-north-east|pre-monsoon|all,B3,shared-data:gfs_global+icon_global,115.6,not defined,0,"region: n >= 300, dates >= 60, points >= 3"
B3|shared-data:gfs_global+icon_global|-|precip_0830|L7|region=east-north-east|pre-monsoon|all|T35.6,A3|shared-data:gfs_global+icon_global|-|precip_0830|L7|region=east-north-east|pre-monsoon|all,B3,shared-data:gfs_global+icon_global,35.6,not defined,0,"region: n >= 300, dates >= 60, points >= 3"
B3|shared-data:gfs_global+icon_global|-|precip_0830|L7|region=east-north-east|pre-monsoon|all|T64.5,A3|shared-data:gfs_global+icon_global|-|precip_0830|L7|region=east-north-east|pre-monsoon|all,B3,shared-data:gfs_global+icon_global,64.5,not defined,0,"region: n >= 300, dates >= 60, points >= 3"
B3|shared-data:gfs_global+icon_global|-|precip_0830|L7|region=east-north-east|winter|all|T115.6,A3|shared-data:gfs_global+icon_global|-|precip_0830|L7|region=east-north-east|winter|all,B3,shared-data:gfs_global+icon_global,115.6,not defined,0,"region: n >= 300, dates >= 60, points >= 3"
B3|shared-data:gfs_global+icon_global|-|precip_0830|L7|region=east-north-east|winter|all|T35.6,A3|shared-data:gfs_global+icon_global|-|precip_0830|L7|region=east-north-east|winter|all,B3,shared-data:gfs_global+icon_global,35.6,not defined,0,"region: n >= 300, dates >= 60, points >= 3"
B3|shared-data:gfs_global+icon_global|-|precip_0830|L7|region=east-north-east|winter|all|T64.5,A3|shared-data:gfs_global+icon_global|-|precip_0830|L7|region=east-north-east|winter|all,B3,shared-data:gfs_global+icon_global,64.5,not defined,0,"region: n >= 300, dates >= 60, points >= 3"
B3|shared-data:gfs_global+icon_global|-|precip_0830|L7|region=islands|all|all|T115.6,A3|shared-data:gfs_global+icon_global|-|precip_0830|L7|region=islands|all|all,B3,shared-data:gfs_global+icon_global,115.6,not defined,0,"region: n >= 300, dates >= 60, points >= 3"
B3|shared-data:gfs_global+icon_global|-|precip_0830|L7|region=islands|all|all|T35.6,A3|shared-data:gfs_global+icon_global|-|precip_0830|L7|region=islands|all|all,B3,shared-data:gfs_global+icon_global,35.6,not defined,0,"region: n >= 300, dates >= 60, points >= 3"
B3|shared-data:gfs_global+icon_global|-|precip_0830|L7|region=islands|all|all|T64.5,A3|shared-data:gfs_global+icon_global|-|precip_0830|L7|region=islands|all|all,B3,shared-data:gfs_global+icon_global,64.5,not defined,0,"region: n >= 300, dates >= 60, points >= 3"
B3|shared-data:gfs_global+icon_global|-|precip_0830|L7|region=islands|monsoon|all|T115.6,A3|shared-data:gfs_global+icon_global|-|precip_0830|L7|region=islands|monsoon|all,B3,shared-data:gfs_global+icon_global,115.6,not defined,0,"region: n >= 300, dates >= 60, points >= 3"
B3|shared-data:gfs_global+icon_global|-|precip_0830|L7|region=islands|monsoon|all|T35.6,A3|shared-data:gfs_global+icon_global|-|precip_0830|L7|region=islands|monsoon|all,B3,shared-data:gfs_global+icon_global,35.6,not defined,0,"region: n >= 300, dates >= 60, points >= 3"
B3|shared-data:gfs_global+icon_global|-|precip_0830|L7|region=islands|monsoon|all|T64.5,A3|shared-data:gfs_global+icon_global|-|precip_0830|L7|region=islands|monsoon|all,B3,shared-data:gfs_global+icon_global,64.5,not defined,0,"region: n >= 300, dates >= 60, points >= 3"
B3|shared-data:gfs_global+icon_global|-|precip_0830|L7|region=islands|post-monsoon|all|T115.6,A3|shared-data:gfs_global+icon_global|-|precip_0830|L7|region=islands|post-monsoon|all,B3,shared-data:gfs_global+icon_global,115.6,not defined,0,"region: n >= 300, dates >= 60, points >= 3"
B3|shared-data:gfs_global+icon_global|-|precip_0830|L7|region=islands|post-monsoon|all|T35.6,A3|shared-data:gfs_global+icon_global|-|precip_0830|L7|region=islands|post-monsoon|all,B3,shared-data:gfs_global+icon_global,35.6,not defined,0,"region: n >= 300, dates >= 60, points >= 3"
B3|shared-data:gfs_global+icon_global|-|precip_0830|L7|region=islands|post-monsoon|all|T64.5,A3|shared-data:gfs_global+icon_global|-|precip_0830|L7|region=islands|post-monsoon|all,B3,shared-data:gfs_global+icon_global,64.5,not defined,0,"region: n >= 300, dates >= 60, points >= 3"
B3|shared-data:gfs_global+icon_global|-|precip_0830|L7|region=islands|pre-monsoon|all|T115.6,A3|shared-data:gfs_global+icon_global|-|precip_0830|L7|region=islands|pre-monsoon|all,B3,shared-data:gfs_global+icon_global,115.6,not defined,0,"region: n >= 300, dates >= 60, points >= 3"
B3|shared-data:gfs_global+icon_global|-|precip_0830|L7|region=islands|pre-monsoon|all|T35.6,A3|shared-data:gfs_global+icon_global|-|precip_0830|L7|region=islands|pre-monsoon|all,B3,shared-data:gfs_global+icon_global,35.6,not defined,0,"region: n >= 300, dates >= 60, points >= 3"
B3|shared-data:gfs_global+icon_global|-|precip_0830|L7|region=islands|pre-monsoon|all|T64.5,A3|shared-data:gfs_global+icon_global|-|precip_0830|L7|region=islands|pre-monsoon|all,B3,shared-data:gfs_global+icon_global,64.5,not defined,0,"region: n >= 300, dates >= 60, points >= 3"
B3|shared-data:gfs_global+icon_global|-|precip_0830|L7|region=islands|winter|all|T115.6,A3|shared-data:gfs_global+icon_global|-|precip_0830|L7|region=islands|winter|all,B3,shared-data:gfs_global+icon_global,115.6,not defined,0,"region: n >= 300, dates >= 60, points >= 3"
B3|shared-data:gfs_global+icon_global|-|precip_0830|L7|region=islands|winter|all|T35.6,A3|shared-data:gfs_global+icon_global|-|precip_0830|L7|region=islands|winter|all,B3,shared-data:gfs_global+icon_global,35.6,not defined,0,"region: n >= 300, dates >= 60, points >= 3"
B3|shared-data:gfs_global+icon_global|-|precip_0830|L7|region=islands|winter|all|T64.5,A3|shared-data:gfs_global+icon_global|-|precip_0830|L7|region=islands|winter|all,B3,shared-data:gfs_global+icon_global,64.5,not defined,0,"region: n >= 300, dates >= 60, points >= 3"
B3|shared-data:gfs_global+icon_global|-|precip_0830|L7|region=north-west|all|all|T115.6,A3|shared-data:gfs_global+icon_global|-|precip_0830|L7|region=north-west|all|all,B3,shared-data:gfs_global+icon_global,115.6,not defined,0,"region: n >= 300, dates >= 60, points >= 3"
B3|shared-data:gfs_global+icon_global|-|precip_0830|L7|region=north-west|all|all|T35.6,A3|shared-data:gfs_global+icon_global|-|precip_0830|L7|region=north-west|all|all,B3,shared-data:gfs_global+icon_global,35.6,not defined,0,"region: n >= 300, dates >= 60, points >= 3"
B3|shared-data:gfs_global+icon_global|-|precip_0830|L7|region=north-west|all|all|T64.5,A3|shared-data:gfs_global+icon_global|-|precip_0830|L7|region=north-west|all|all,B3,shared-data:gfs_global+icon_global,64.5,not defined,0,"region: n >= 300, dates >= 60, points >= 3"
B3|shared-data:gfs_global+icon_global|-|precip_0830|L7|region=north-west|monsoon|all|T115.6,A3|shared-data:gfs_global+icon_global|-|precip_0830|L7|region=north-west|monsoon|all,B3,shared-data:gfs_global+icon_global,115.6,not defined,0,"region: n >= 300, dates >= 60, points >= 3"
B3|shared-data:gfs_global+icon_global|-|precip_0830|L7|region=north-west|monsoon|all|T35.6,A3|shared-data:gfs_global+icon_global|-|precip_0830|L7|region=north-west|monsoon|all,B3,shared-data:gfs_global+icon_global,35.6,not defined,0,"region: n >= 300, dates >= 60, points >= 3"
B3|shared-data:gfs_global+icon_global|-|precip_0830|L7|region=north-west|monsoon|all|T64.5,A3|shared-data:gfs_global+icon_global|-|precip_0830|L7|region=north-west|monsoon|all,B3,shared-data:gfs_global+icon_global,64.5,not defined,0,"region: n >= 300, dates >= 60, points >= 3"
B3|shared-data:gfs_global+icon_global|-|precip_0830|L7|region=north-west|post-monsoon|all|T115.6,A3|shared-data:gfs_global+icon_global|-|precip_0830|L7|region=north-west|post-monsoon|all,B3,shared-data:gfs_global+icon_global,115.6,not defined,0,"region: n >= 300, dates >= 60, points >= 3"
B3|shared-data:gfs_global+icon_global|-|precip_0830|L7|region=north-west|post-monsoon|all|T35.6,A3|shared-data:gfs_global+icon_global|-|precip_0830|L7|region=north-west|post-monsoon|all,B3,shared-data:gfs_global+icon_global,35.6,not defined,0,"region: n >= 300, dates >= 60, points >= 3"
B3|shared-data:gfs_global+icon_global|-|precip_0830|L7|region=north-west|post-monsoon|all|T64.5,A3|shared-data:gfs_global+icon_global|-|precip_0830|L7|region=north-west|post-monsoon|all,B3,shared-data:gfs_global+icon_global,64.5,not defined,0,"region: n >= 300, dates >= 60, points >= 3"
B3|shared-data:gfs_global+icon_global|-|precip_0830|L7|region=north-west|pre-monsoon|all|T115.6,A3|shared-data:gfs_global+icon_global|-|precip_0830|L7|region=north-west|pre-monsoon|all,B3,shared-data:gfs_global+icon_global,115.6,not defined,0,"region: n >= 300, dates >= 60, points >= 3"
B3|shared-data:gfs_global+icon_global|-|precip_0830|L7|region=north-west|pre-monsoon|all|T35.6,A3|shared-data:gfs_global+icon_global|-|precip_0830|L7|region=north-west|pre-monsoon|all,B3,shared-data:gfs_global+icon_global,35.6,not defined,0,"region: n >= 300, dates >= 60, points >= 3"
B3|shared-data:gfs_global+icon_global|-|precip_0830|L7|region=north-west|pre-monsoon|all|T64.5,A3|shared-data:gfs_global+icon_global|-|precip_0830|L7|region=north-west|pre-monsoon|all,B3,shared-data:gfs_global+icon_global,64.5,not defined,0,"region: n >= 300, dates >= 60, points >= 3"
B3|shared-data:gfs_global+icon_global|-|precip_0830|L7|region=north-west|winter|all|T115.6,A3|shared-data:gfs_global+icon_global|-|precip_0830|L7|region=north-west|winter|all,B3,shared-data:gfs_global+icon_global,115.6,not defined,0,"region: n >= 300, dates >= 60, points >= 3"
B3|shared-data:gfs_global+icon_global|-|precip_0830|L7|region=north-west|winter|all|T35.6,A3|shared-data:gfs_global+icon_global|-|precip_0830|L7|region=north-west|winter|all,B3,shared-data:gfs_global+icon_global,35.6,not defined,0,"region: n >= 300, dates >= 60, points >= 3"
B3|shared-data:gfs_global+icon_global|-|precip_0830|L7|region=north-west|winter|all|T64.5,A3|shared-data:gfs_global+icon_global|-|precip_0830|L7|region=north-west|winter|all,B3,shared-data:gfs_global+icon_global,64.5,not defined,0,"region: n >= 300, dates >= 60, points >= 3"
B3|shared-data:gfs_global+icon_global|-|precip_0830|L7|region=south-peninsula|all|all|T115.6,A3|shared-data:gfs_global+icon_global|-|precip_0830|L7|region=south-peninsula|all|all,B3,shared-data:gfs_global+icon_global,115.6,not defined,0,"region: n >= 300, dates >= 60, points >= 3"
B3|shared-data:gfs_global+icon_global|-|precip_0830|L7|region=south-peninsula|all|all|T35.6,A3|shared-data:gfs_global+icon_global|-|precip_0830|L7|region=south-peninsula|all|all,B3,shared-data:gfs_global+icon_global,35.6,not defined,0,"region: n >= 300, dates >= 60, points >= 3"
B3|shared-data:gfs_global+icon_global|-|precip_0830|L7|region=south-peninsula|all|all|T64.5,A3|shared-data:gfs_global+icon_global|-|precip_0830|L7|region=south-peninsula|all|all,B3,shared-data:gfs_global+icon_global,64.5,not defined,0,"region: n >= 300, dates >= 60, points >= 3"
B3|shared-data:gfs_global+icon_global|-|precip_0830|L7|region=south-peninsula|monsoon|all|T115.6,A3|shared-data:gfs_global+icon_global|-|precip_0830|L7|region=south-peninsula|monsoon|all,B3,shared-data:gfs_global+icon_global,115.6,not defined,0,"region: n >= 300, dates >= 60, points >= 3"
B3|shared-data:gfs_global+icon_global|-|precip_0830|L7|region=south-peninsula|monsoon|all|T35.6,A3|shared-data:gfs_global+icon_global|-|precip_0830|L7|region=south-peninsula|monsoon|all,B3,shared-data:gfs_global+icon_global,35.6,not defined,0,"region: n >= 300, dates >= 60, points >= 3"
B3|shared-data:gfs_global+icon_global|-|precip_0830|L7|region=south-peninsula|monsoon|all|T64.5,A3|shared-data:gfs_global+icon_global|-|precip_0830|L7|region=south-peninsula|monsoon|all,B3,shared-data:gfs_global+icon_global,64.5,not defined,0,"region: n >= 300, dates >= 60, points >= 3"
B3|shared-data:gfs_global+icon_global|-|precip_0830|L7|region=south-peninsula|post-monsoon|all|T115.6,A3|shared-data:gfs_global+icon_global|-|precip_0830|L7|region=south-peninsula|post-monsoon|all,B3,shared-data:gfs_global+icon_global,115.6,not defined,0,"region: n >= 300, dates >= 60, points >= 3"
B3|shared-data:gfs_global+icon_global|-|precip_0830|L7|region=south-peninsula|post-monsoon|all|T35.6,A3|shared-data:gfs_global+icon_global|-|precip_0830|L7|region=south-peninsula|post-monsoon|all,B3,shared-data:gfs_global+icon_global,35.6,not defined,0,"region: n >= 300, dates >= 60, points >= 3"
B3|shared-data:gfs_global+icon_global|-|precip_0830|L7|region=south-peninsula|post-monsoon|all|T64.5,A3|shared-data:gfs_global+icon_global|-|precip_0830|L7|region=south-peninsula|post-monsoon|all,B3,shared-data:gfs_global+icon_global,64.5,not defined,0,"region: n >= 300, dates >= 60, points >= 3"
B3|shared-data:gfs_global+icon_global|-|precip_0830|L7|region=south-peninsula|pre-monsoon|all|T115.6,A3|shared-data:gfs_global+icon_global|-|precip_0830|L7|region=south-peninsula|pre-monsoon|all,B3,shared-data:gfs_global+icon_global,115.6,not defined,0,"region: n >= 300, dates >= 60, points >= 3"
B3|shared-data:gfs_global+icon_global|-|precip_0830|L7|region=south-peninsula|pre-monsoon|all|T35.6,A3|shared-data:gfs_global+icon_global|-|precip_0830|L7|region=south-peninsula|pre-monsoon|all,B3,shared-data:gfs_global+icon_global,35.6,not defined,0,"region: n >= 300, dates >= 60, points >= 3"
B3|shared-data:gfs_global+icon_global|-|precip_0830|L7|region=south-peninsula|pre-monsoon|all|T64.5,A3|shared-data:gfs_global+icon_global|-|precip_0830|L7|region=south-peninsula|pre-monsoon|all,B3,shared-data:gfs_global+icon_global,64.5,not defined,0,"region: n >= 300, dates >= 60, points >= 3"
B3|shared-data:gfs_global+icon_global|-|precip_0830|L7|region=south-peninsula|winter|all|T115.6,A3|shared-data:gfs_global+icon_global|-|precip_0830|L7|region=south-peninsula|winter|all,B3,shared-data:gfs_global+icon_global,115.6,not defined,0,"region: n >= 300, dates >= 60, points >= 3"
B3|shared-data:gfs_global+icon_global|-|precip_0830|L7|region=south-peninsula|winter|all|T35.6,A3|shared-data:gfs_global+icon_global|-|precip_0830|L7|region=south-peninsula|winter|all,B3,shared-data:gfs_global+icon_global,35.6,not defined,0,"region: n >= 300, dates >= 60, points >= 3"
B3|shared-data:gfs_global+icon_global|-|precip_0830|L7|region=south-peninsula|winter|all|T64.5,A3|shared-data:gfs_global+icon_global|-|precip_0830|L7|region=south-peninsula|winter|all,B3,shared-data:gfs_global+icon_global,64.5,not defined,0,"region: n >= 300, dates >= 60, points >= 3"
B3|single-model|ecmwf_ifs025|precip_0830|L1|region=islands|all|all|T115.6,A3|single-model|ecmwf_ifs025|precip_0830|L1|region=islands|all|all,B3,single-model,115.6,insufficient sample,0,"region: n >= 300, dates >= 60, points >= 3"
B3|single-model|ecmwf_ifs025|precip_0830|L1|region=islands|all|all|T35.6,A3|single-model|ecmwf_ifs025|precip_0830|L1|region=islands|all|all,B3,single-model,35.6,insufficient sample,0,"region: n >= 300, dates >= 60, points >= 3"
B3|single-model|ecmwf_ifs025|precip_0830|L1|region=islands|all|all|T64.5,A3|single-model|ecmwf_ifs025|precip_0830|L1|region=islands|all|all,B3,single-model,64.5,insufficient sample,0,"region: n >= 300, dates >= 60, points >= 3"
B3|single-model|ecmwf_ifs025|precip_0830|L1|region=islands|monsoon|all|T115.6,A3|single-model|ecmwf_ifs025|precip_0830|L1|region=islands|monsoon|all,B3,single-model,115.6,insufficient sample,0,"region: n >= 300, dates >= 60, points >= 3"
B3|single-model|ecmwf_ifs025|precip_0830|L1|region=islands|monsoon|all|T35.6,A3|single-model|ecmwf_ifs025|precip_0830|L1|region=islands|monsoon|all,B3,single-model,35.6,insufficient sample,0,"region: n >= 300, dates >= 60, points >= 3"
B3|single-model|ecmwf_ifs025|precip_0830|L1|region=islands|monsoon|all|T64.5,A3|single-model|ecmwf_ifs025|precip_0830|L1|region=islands|monsoon|all,B3,single-model,64.5,insufficient sample,0,"region: n >= 300, dates >= 60, points >= 3"
B3|single-model|ecmwf_ifs025|precip_0830|L1|region=islands|post-monsoon|all|T115.6,A3|single-model|ecmwf_ifs025|precip_0830|L1|region=islands|post-monsoon|all,B3,single-model,115.6,insufficient sample,0,"region: n >= 300, dates >= 60, points >= 3"
B3|single-model|ecmwf_ifs025|precip_0830|L1|region=islands|post-monsoon|all|T35.6,A3|single-model|ecmwf_ifs025|precip_0830|L1|region=islands|post-monsoon|all,B3,single-model,35.6,insufficient sample,0,"region: n >= 300, dates >= 60, points >= 3"
B3|single-model|ecmwf_ifs025|precip_0830|L1|region=islands|post-monsoon|all|T64.5,A3|single-model|ecmwf_ifs025|precip_0830|L1|region=islands|post-monsoon|all,B3,single-model,64.5,insufficient sample,0,"region: n >= 300, dates >= 60, points >= 3"
B3|single-model|ecmwf_ifs025|precip_0830|L1|region=islands|pre-monsoon|all|T115.6,A3|single-model|ecmwf_ifs025|precip_0830|L1|region=islands|pre-monsoon|all,B3,single-model,115.6,insufficient sample,0,"region: n >= 300, dates >= 60, points >= 3"
B3|single-model|ecmwf_ifs025|precip_0830|L1|region=islands|pre-monsoon|all|T35.6,A3|single-model|ecmwf_ifs025|precip_0830|L1|region=islands|pre-monsoon|all,B3,single-model,35.6,insufficient sample,0,"region: n >= 300, dates >= 60, points >= 3"
B3|single-model|ecmwf_ifs025|precip_0830|L1|region=islands|pre-monsoon|all|T64.5,A3|single-model|ecmwf_ifs025|precip_0830|L1|region=islands|pre-monsoon|all,B3,single-model,64.5,insufficient sample,0,"region: n >= 300, dates >= 60, points >= 3"
B3|single-model|ecmwf_ifs025|precip_0830|L1|region=islands|winter|all|T115.6,A3|single-model|ecmwf_ifs025|precip_0830|L1|region=islands|winter|all,B3,single-model,115.6,insufficient sample,0,"region: n >= 300, dates >= 60, points >= 3"
B3|single-model|ecmwf_ifs025|precip_0830|L1|region=islands|winter|all|T35.6,A3|single-model|ecmwf_ifs025|precip_0830|L1|region=islands|winter|all,B3,single-model,35.6,insufficient sample,0,"region: n >= 300, dates >= 60, points >= 3"
B3|single-model|ecmwf_ifs025|precip_0830|L1|region=islands|winter|all|T64.5,A3|single-model|ecmwf_ifs025|precip_0830|L1|region=islands|winter|all,B3,single-model,64.5,insufficient sample,0,"region: n >= 300, dates >= 60, points >= 3"
B3|single-model|ecmwf_ifs025|precip_0830|L2|region=islands|all|all|T115.6,A3|single-model|ecmwf_ifs025|precip_0830|L2|region=islands|all|all,B3,single-model,115.6,insufficient sample,0,"region: n >= 300, dates >= 60, points >= 3"
B3|single-model|ecmwf_ifs025|precip_0830|L2|region=islands|all|all|T35.6,A3|single-model|ecmwf_ifs025|precip_0830|L2|region=islands|all|all,B3,single-model,35.6,insufficient sample,0,"region: n >= 300, dates >= 60, points >= 3"
B3|single-model|ecmwf_ifs025|precip_0830|L2|region=islands|all|all|T64.5,A3|single-model|ecmwf_ifs025|precip_0830|L2|region=islands|all|all,B3,single-model,64.5,insufficient sample,0,"region: n >= 300, dates >= 60, points >= 3"
B3|single-model|ecmwf_ifs025|precip_0830|L2|region=islands|monsoon|all|T115.6,A3|single-model|ecmwf_ifs025|precip_0830|L2|region=islands|monsoon|all,B3,single-model,115.6,insufficient sample,0,"region: n >= 300, dates >= 60, points >= 3"
B3|single-model|ecmwf_ifs025|precip_0830|L2|region=islands|monsoon|all|T35.6,A3|single-model|ecmwf_ifs025|precip_0830|L2|region=islands|monsoon|all,B3,single-model,35.6,insufficient sample,0,"region: n >= 300, dates >= 60, points >= 3"
B3|single-model|ecmwf_ifs025|precip_0830|L2|region=islands|monsoon|all|T64.5,A3|single-model|ecmwf_ifs025|precip_0830|L2|region=islands|monsoon|all,B3,single-model,64.5,insufficient sample,0,"region: n >= 300, dates >= 60, points >= 3"
B3|single-model|ecmwf_ifs025|precip_0830|L2|region=islands|post-monsoon|all|T115.6,A3|single-model|ecmwf_ifs025|precip_0830|L2|region=islands|post-monsoon|all,B3,single-model,115.6,insufficient sample,0,"region: n >= 300, dates >= 60, points >= 3"
B3|single-model|ecmwf_ifs025|precip_0830|L2|region=islands|post-monsoon|all|T35.6,A3|single-model|ecmwf_ifs025|precip_0830|L2|region=islands|post-monsoon|all,B3,single-model,35.6,insufficient sample,0,"region: n >= 300, dates >= 60, points >= 3"
B3|single-model|ecmwf_ifs025|precip_0830|L2|region=islands|post-monsoon|all|T64.5,A3|single-model|ecmwf_ifs025|precip_0830|L2|region=islands|post-monsoon|all,B3,single-model,64.5,insufficient sample,0,"region: n >= 300, dates >= 60, points >= 3"
B3|single-model|ecmwf_ifs025|precip_0830|L2|region=islands|pre-monsoon|all|T115.6,A3|single-model|ecmwf_ifs025|precip_0830|L2|region=islands|pre-monsoon|all,B3,single-model,115.6,insufficient sample,0,"region: n >= 300, dates >= 60, points >= 3"
B3|single-model|ecmwf_ifs025|precip_0830|L2|region=islands|pre-monsoon|all|T35.6,A3|single-model|ecmwf_ifs025|precip_0830|L2|region=islands|pre-monsoon|all,B3,single-model,35.6,insufficient sample,0,"region: n >= 300, dates >= 60, points >= 3"
B3|single-model|ecmwf_ifs025|precip_0830|L2|region=islands|pre-monsoon|all|T64.5,A3|single-model|ecmwf_ifs025|precip_0830|L2|region=islands|pre-monsoon|all,B3,single-model,64.5,insufficient sample,0,"region: n >= 300, dates >= 60, points >= 3"
B3|single-model|ecmwf_ifs025|precip_0830|L2|region=islands|winter|all|T115.6,A3|single-model|ecmwf_ifs025|precip_0830|L2|region=islands|winter|all,B3,single-model,115.6,insufficient sample,0,"region: n >= 300, dates >= 60, points >= 3"
B3|single-model|ecmwf_ifs025|precip_0830|L2|region=islands|winter|all|T35.6,A3|single-model|ecmwf_ifs025|precip_0830|L2|region=islands|winter|all,B3,single-model,35.6,insufficient sample,0,"region: n >= 300, dates >= 60, points >= 3"
B3|single-model|ecmwf_ifs025|precip_0830|L2|region=islands|winter|all|T64.5,A3|single-model|ecmwf_ifs025|precip_0830|L2|region=islands|winter|all,B3,single-model,64.5,insufficient sample,0,"region: n >= 300, dates >= 60, points >= 3"
B3|single-model|ecmwf_ifs025|precip_0830|L3|region=islands|all|all|T115.6,A3|single-model|ecmwf_ifs025|precip_0830|L3|region=islands|all|all,B3,single-model,115.6,insufficient sample,0,"region: n >= 300, dates >= 60, points >= 3"
B3|single-model|ecmwf_ifs025|precip_0830|L3|region=islands|all|all|T35.6,A3|single-model|ecmwf_ifs025|precip_0830|L3|region=islands|all|all,B3,single-model,35.6,insufficient sample,0,"region: n >= 300, dates >= 60, points >= 3"
B3|single-model|ecmwf_ifs025|precip_0830|L3|region=islands|all|all|T64.5,A3|single-model|ecmwf_ifs025|precip_0830|L3|region=islands|all|all,B3,single-model,64.5,insufficient sample,0,"region: n >= 300, dates >= 60, points >= 3"
B3|single-model|ecmwf_ifs025|precip_0830|L3|region=islands|monsoon|all|T115.6,A3|single-model|ecmwf_ifs025|precip_0830|L3|region=islands|monsoon|all,B3,single-model,115.6,insufficient sample,0,"region: n >= 300, dates >= 60, points >= 3"
B3|single-model|ecmwf_ifs025|precip_0830|L3|region=islands|monsoon|all|T35.6,A3|single-model|ecmwf_ifs025|precip_0830|L3|region=islands|monsoon|all,B3,single-model,35.6,insufficient sample,0,"region: n >= 300, dates >= 60, points >= 3"
B3|single-model|ecmwf_ifs025|precip_0830|L3|region=islands|monsoon|all|T64.5,A3|single-model|ecmwf_ifs025|precip_0830|L3|region=islands|monsoon|all,B3,single-model,64.5,insufficient sample,0,"region: n >= 300, dates >= 60, points >= 3"
B3|single-model|ecmwf_ifs025|precip_0830|L3|region=islands|post-monsoon|all|T115.6,A3|single-model|ecmwf_ifs025|precip_0830|L3|region=islands|post-monsoon|all,B3,single-model,115.6,insufficient sample,0,"region: n >= 300, dates >= 60, points >= 3"
B3|single-model|ecmwf_ifs025|precip_0830|L3|region=islands|post-monsoon|all|T35.6,A3|single-model|ecmwf_ifs025|precip_0830|L3|region=islands|post-monsoon|all,B3,single-model,35.6,insufficient sample,0,"region: n >= 300, dates >= 60, points >= 3"
B3|single-model|ecmwf_ifs025|precip_0830|L3|region=islands|post-monsoon|all|T64.5,A3|single-model|ecmwf_ifs025|precip_0830|L3|region=islands|post-monsoon|all,B3,single-model,64.5,insufficient sample,0,"region: n >= 300, dates >= 60, points >= 3"
B3|single-model|ecmwf_ifs025|precip_0830|L3|region=islands|pre-monsoon|all|T115.6,A3|single-model|ecmwf_ifs025|precip_0830|L3|region=islands|pre-monsoon|all,B3,single-model,115.6,insufficient sample,0,"region: n >= 300, dates >= 60, points >= 3"
B3|single-model|ecmwf_ifs025|precip_0830|L3|region=islands|pre-monsoon|all|T35.6,A3|single-model|ecmwf_ifs025|precip_0830|L3|region=islands|pre-monsoon|all,B3,single-model,35.6,insufficient sample,0,"region: n >= 300, dates >= 60, points >= 3"
B3|single-model|ecmwf_ifs025|precip_0830|L3|region=islands|pre-monsoon|all|T64.5,A3|single-model|ecmwf_ifs025|precip_0830|L3|region=islands|pre-monsoon|all,B3,single-model,64.5,insufficient sample,0,"region: n >= 300, dates >= 60, points >= 3"
B3|single-model|ecmwf_ifs025|precip_0830|L3|region=islands|winter|all|T115.6,A3|single-model|ecmwf_ifs025|precip_0830|L3|region=islands|winter|all,B3,single-model,115.6,insufficient sample,0,"region: n >= 300, dates >= 60, points >= 3"
B3|single-model|ecmwf_ifs025|precip_0830|L3|region=islands|winter|all|T35.6,A3|single-model|ecmwf_ifs025|precip_0830|L3|region=islands|winter|all,B3,single-model,35.6,insufficient sample,0,"region: n >= 300, dates >= 60, points >= 3"
B3|single-model|ecmwf_ifs025|precip_0830|L3|region=islands|winter|all|T64.5,A3|single-model|ecmwf_ifs025|precip_0830|L3|region=islands|winter|all,B3,single-model,64.5,insufficient sample,0,"region: n >= 300, dates >= 60, points >= 3"
B3|single-model|ecmwf_ifs025|precip_0830|L4|region=islands|all|all|T115.6,A3|single-model|ecmwf_ifs025|precip_0830|L4|region=islands|all|all,B3,single-model,115.6,insufficient sample,0,"region: n >= 300, dates >= 60, points >= 3"
B3|single-model|ecmwf_ifs025|precip_0830|L4|region=islands|all|all|T35.6,A3|single-model|ecmwf_ifs025|precip_0830|L4|region=islands|all|all,B3,single-model,35.6,insufficient sample,0,"region: n >= 300, dates >= 60, points >= 3"
B3|single-model|ecmwf_ifs025|precip_0830|L4|region=islands|all|all|T64.5,A3|single-model|ecmwf_ifs025|precip_0830|L4|region=islands|all|all,B3,single-model,64.5,insufficient sample,0,"region: n >= 300, dates >= 60, points >= 3"
B3|single-model|ecmwf_ifs025|precip_0830|L4|region=islands|monsoon|all|T115.6,A3|single-model|ecmwf_ifs025|precip_0830|L4|region=islands|monsoon|all,B3,single-model,115.6,insufficient sample,0,"region: n >= 300, dates >= 60, points >= 3"
B3|single-model|ecmwf_ifs025|precip_0830|L4|region=islands|monsoon|all|T35.6,A3|single-model|ecmwf_ifs025|precip_0830|L4|region=islands|monsoon|all,B3,single-model,35.6,insufficient sample,0,"region: n >= 300, dates >= 60, points >= 3"
B3|single-model|ecmwf_ifs025|precip_0830|L4|region=islands|monsoon|all|T64.5,A3|single-model|ecmwf_ifs025|precip_0830|L4|region=islands|monsoon|all,B3,single-model,64.5,insufficient sample,0,"region: n >= 300, dates >= 60, points >= 3"
B3|single-model|ecmwf_ifs025|precip_0830|L4|region=islands|post-monsoon|all|T115.6,A3|single-model|ecmwf_ifs025|precip_0830|L4|region=islands|post-monsoon|all,B3,single-model,115.6,insufficient sample,0,"region: n >= 300, dates >= 60, points >= 3"
B3|single-model|ecmwf_ifs025|precip_0830|L4|region=islands|post-monsoon|all|T35.6,A3|single-model|ecmwf_ifs025|precip_0830|L4|region=islands|post-monsoon|all,B3,single-model,35.6,insufficient sample,0,"region: n >= 300, dates >= 60, points >= 3"
B3|single-model|ecmwf_ifs025|precip_0830|L4|region=islands|post-monsoon|all|T64.5,A3|single-model|ecmwf_ifs025|precip_0830|L4|region=islands|post-monsoon|all,B3,single-model,64.5,insufficient sample,0,"region: n >= 300, dates >= 60, points >= 3"
B3|single-model|ecmwf_ifs025|precip_0830|L4|region=islands|pre-monsoon|all|T115.6,A3|single-model|ecmwf_ifs025|precip_0830|L4|region=islands|pre-monsoon|all,B3,single-model,115.6,insufficient sample,0,"region: n >= 300, dates >= 60, points >= 3"
B3|single-model|ecmwf_ifs025|precip_0830|L4|region=islands|pre-monsoon|all|T35.6,A3|single-model|ecmwf_ifs025|precip_0830|L4|region=islands|pre-monsoon|all,B3,single-model,35.6,insufficient sample,0,"region: n >= 300, dates >= 60, points >= 3"
B3|single-model|ecmwf_ifs025|precip_0830|L4|region=islands|pre-monsoon|all|T64.5,A3|single-model|ecmwf_ifs025|precip_0830|L4|region=islands|pre-monsoon|all,B3,single-model,64.5,insufficient sample,0,"region: n >= 300, dates >= 60, points >= 3"
B3|single-model|ecmwf_ifs025|precip_0830|L4|region=islands|winter|all|T115.6,A3|single-model|ecmwf_ifs025|precip_0830|L4|region=islands|winter|all,B3,single-model,115.6,insufficient sample,0,"region: n >= 300, dates >= 60, points >= 3"
B3|single-model|ecmwf_ifs025|precip_0830|L4|region=islands|winter|all|T35.6,A3|single-model|ecmwf_ifs025|precip_0830|L4|region=islands|winter|all,B3,single-model,35.6,insufficient sample,0,"region: n >= 300, dates >= 60, points >= 3"
B3|single-model|ecmwf_ifs025|precip_0830|L4|region=islands|winter|all|T64.5,A3|single-model|ecmwf_ifs025|precip_0830|L4|region=islands|winter|all,B3,single-model,64.5,insufficient sample,0,"region: n >= 300, dates >= 60, points >= 3"
B3|single-model|ecmwf_ifs025|precip_0830|L5|region=islands|all|all|T115.6,A3|single-model|ecmwf_ifs025|precip_0830|L5|region=islands|all|all,B3,single-model,115.6,insufficient sample,0,"region: n >= 300, dates >= 60, points >= 3"
B3|single-model|ecmwf_ifs025|precip_0830|L5|region=islands|all|all|T35.6,A3|single-model|ecmwf_ifs025|precip_0830|L5|region=islands|all|all,B3,single-model,35.6,insufficient sample,0,"region: n >= 300, dates >= 60, points >= 3"
B3|single-model|ecmwf_ifs025|precip_0830|L5|region=islands|all|all|T64.5,A3|single-model|ecmwf_ifs025|precip_0830|L5|region=islands|all|all,B3,single-model,64.5,insufficient sample,0,"region: n >= 300, dates >= 60, points >= 3"
B3|single-model|ecmwf_ifs025|precip_0830|L5|region=islands|monsoon|all|T115.6,A3|single-model|ecmwf_ifs025|precip_0830|L5|region=islands|monsoon|all,B3,single-model,115.6,insufficient sample,0,"region: n >= 300, dates >= 60, points >= 3"
B3|single-model|ecmwf_ifs025|precip_0830|L5|region=islands|monsoon|all|T35.6,A3|single-model|ecmwf_ifs025|precip_0830|L5|region=islands|monsoon|all,B3,single-model,35.6,insufficient sample,0,"region: n >= 300, dates >= 60, points >= 3"
B3|single-model|ecmwf_ifs025|precip_0830|L5|region=islands|monsoon|all|T64.5,A3|single-model|ecmwf_ifs025|precip_0830|L5|region=islands|monsoon|all,B3,single-model,64.5,insufficient sample,0,"region: n >= 300, dates >= 60, points >= 3"
B3|single-model|ecmwf_ifs025|precip_0830|L5|region=islands|post-monsoon|all|T115.6,A3|single-model|ecmwf_ifs025|precip_0830|L5|region=islands|post-monsoon|all,B3,single-model,115.6,insufficient sample,0,"region: n >= 300, dates >= 60, points >= 3"
B3|single-model|ecmwf_ifs025|precip_0830|L5|region=islands|post-monsoon|all|T35.6,A3|single-model|ecmwf_ifs025|precip_0830|L5|region=islands|post-monsoon|all,B3,single-model,35.6,insufficient sample,0,"region: n >= 300, dates >= 60, points >= 3"
B3|single-model|ecmwf_ifs025|precip_0830|L5|region=islands|post-monsoon|all|T64.5,A3|single-model|ecmwf_ifs025|precip_0830|L5|region=islands|post-monsoon|all,B3,single-model,64.5,insufficient sample,0,"region: n >= 300, dates >= 60, points >= 3"
B3|single-model|ecmwf_ifs025|precip_0830|L5|region=islands|pre-monsoon|all|T115.6,A3|single-model|ecmwf_ifs025|precip_0830|L5|region=islands|pre-monsoon|all,B3,single-model,115.6,insufficient sample,0,"region: n >= 300, dates >= 60, points >= 3"
B3|single-model|ecmwf_ifs025|precip_0830|L5|region=islands|pre-monsoon|all|T35.6,A3|single-model|ecmwf_ifs025|precip_0830|L5|region=islands|pre-monsoon|all,B3,single-model,35.6,insufficient sample,0,"region: n >= 300, dates >= 60, points >= 3"
B3|single-model|ecmwf_ifs025|precip_0830|L5|region=islands|pre-monsoon|all|T64.5,A3|single-model|ecmwf_ifs025|precip_0830|L5|region=islands|pre-monsoon|all,B3,single-model,64.5,insufficient sample,0,"region: n >= 300, dates >= 60, points >= 3"
B3|single-model|ecmwf_ifs025|precip_0830|L5|region=islands|winter|all|T115.6,A3|single-model|ecmwf_ifs025|precip_0830|L5|region=islands|winter|all,B3,single-model,115.6,insufficient sample,0,"region: n >= 300, dates >= 60, points >= 3"
B3|single-model|ecmwf_ifs025|precip_0830|L5|region=islands|winter|all|T35.6,A3|single-model|ecmwf_ifs025|precip_0830|L5|region=islands|winter|all,B3,single-model,35.6,insufficient sample,0,"region: n >= 300, dates >= 60, points >= 3"
B3|single-model|ecmwf_ifs025|precip_0830|L5|region=islands|winter|all|T64.5,A3|single-model|ecmwf_ifs025|precip_0830|L5|region=islands|winter|all,B3,single-model,64.5,insufficient sample,0,"region: n >= 300, dates >= 60, points >= 3"
B3|single-model|ecmwf_ifs025|precip_0830|L6|region=islands|all|all|T115.6,A3|single-model|ecmwf_ifs025|precip_0830|L6|region=islands|all|all,B3,single-model,115.6,insufficient sample,0,"region: n >= 300, dates >= 60, points >= 3"
B3|single-model|ecmwf_ifs025|precip_0830|L6|region=islands|all|all|T35.6,A3|single-model|ecmwf_ifs025|precip_0830|L6|region=islands|all|all,B3,single-model,35.6,insufficient sample,0,"region: n >= 300, dates >= 60, points >= 3"
B3|single-model|ecmwf_ifs025|precip_0830|L6|region=islands|all|all|T64.5,A3|single-model|ecmwf_ifs025|precip_0830|L6|region=islands|all|all,B3,single-model,64.5,insufficient sample,0,"region: n >= 300, dates >= 60, points >= 3"
B3|single-model|ecmwf_ifs025|precip_0830|L6|region=islands|monsoon|all|T115.6,A3|single-model|ecmwf_ifs025|precip_0830|L6|region=islands|monsoon|all,B3,single-model,115.6,insufficient sample,0,"region: n >= 300, dates >= 60, points >= 3"
B3|single-model|ecmwf_ifs025|precip_0830|L6|region=islands|monsoon|all|T35.6,A3|single-model|ecmwf_ifs025|precip_0830|L6|region=islands|monsoon|all,B3,single-model,35.6,insufficient sample,0,"region: n >= 300, dates >= 60, points >= 3"
B3|single-model|ecmwf_ifs025|precip_0830|L6|region=islands|monsoon|all|T64.5,A3|single-model|ecmwf_ifs025|precip_0830|L6|region=islands|monsoon|all,B3,single-model,64.5,insufficient sample,0,"region: n >= 300, dates >= 60, points >= 3"
B3|single-model|ecmwf_ifs025|precip_0830|L6|region=islands|post-monsoon|all|T115.6,A3|single-model|ecmwf_ifs025|precip_0830|L6|region=islands|post-monsoon|all,B3,single-model,115.6,insufficient sample,0,"region: n >= 300, dates >= 60, points >= 3"
B3|single-model|ecmwf_ifs025|precip_0830|L6|region=islands|post-monsoon|all|T35.6,A3|single-model|ecmwf_ifs025|precip_0830|L6|region=islands|post-monsoon|all,B3,single-model,35.6,insufficient sample,0,"region: n >= 300, dates >= 60, points >= 3"
B3|single-model|ecmwf_ifs025|precip_0830|L6|region=islands|post-monsoon|all|T64.5,A3|single-model|ecmwf_ifs025|precip_0830|L6|region=islands|post-monsoon|all,B3,single-model,64.5,insufficient sample,0,"region: n >= 300, dates >= 60, points >= 3"
B3|single-model|ecmwf_ifs025|precip_0830|L6|region=islands|pre-monsoon|all|T115.6,A3|single-model|ecmwf_ifs025|precip_0830|L6|region=islands|pre-monsoon|all,B3,single-model,115.6,insufficient sample,0,"region: n >= 300, dates >= 60, points >= 3"
B3|single-model|ecmwf_ifs025|precip_0830|L6|region=islands|pre-monsoon|all|T35.6,A3|single-model|ecmwf_ifs025|precip_0830|L6|region=islands|pre-monsoon|all,B3,single-model,35.6,insufficient sample,0,"region: n >= 300, dates >= 60, points >= 3"
B3|single-model|ecmwf_ifs025|precip_0830|L6|region=islands|pre-monsoon|all|T64.5,A3|single-model|ecmwf_ifs025|precip_0830|L6|region=islands|pre-monsoon|all,B3,single-model,64.5,insufficient sample,0,"region: n >= 300, dates >= 60, points >= 3"
B3|single-model|ecmwf_ifs025|precip_0830|L6|region=islands|winter|all|T115.6,A3|single-model|ecmwf_ifs025|precip_0830|L6|region=islands|winter|all,B3,single-model,115.6,insufficient sample,0,"region: n >= 300, dates >= 60, points >= 3"
B3|single-model|ecmwf_ifs025|precip_0830|L6|region=islands|winter|all|T35.6,A3|single-model|ecmwf_ifs025|precip_0830|L6|region=islands|winter|all,B3,single-model,35.6,insufficient sample,0,"region: n >= 300, dates >= 60, points >= 3"
B3|single-model|ecmwf_ifs025|precip_0830|L6|region=islands|winter|all|T64.5,A3|single-model|ecmwf_ifs025|precip_0830|L6|region=islands|winter|all,B3,single-model,64.5,insufficient sample,0,"region: n >= 300, dates >= 60, points >= 3"
B3|single-model|ecmwf_ifs025|precip_0830|L7|region=islands|all|all|T115.6,A3|single-model|ecmwf_ifs025|precip_0830|L7|region=islands|all|all,B3,single-model,115.6,insufficient sample,0,"region: n >= 300, dates >= 60, points >= 3"
B3|single-model|ecmwf_ifs025|precip_0830|L7|region=islands|all|all|T35.6,A3|single-model|ecmwf_ifs025|precip_0830|L7|region=islands|all|all,B3,single-model,35.6,insufficient sample,0,"region: n >= 300, dates >= 60, points >= 3"
B3|single-model|ecmwf_ifs025|precip_0830|L7|region=islands|all|all|T64.5,A3|single-model|ecmwf_ifs025|precip_0830|L7|region=islands|all|all,B3,single-model,64.5,insufficient sample,0,"region: n >= 300, dates >= 60, points >= 3"
B3|single-model|ecmwf_ifs025|precip_0830|L7|region=islands|monsoon|all|T115.6,A3|single-model|ecmwf_ifs025|precip_0830|L7|region=islands|monsoon|all,B3,single-model,115.6,insufficient sample,0,"region: n >= 300, dates >= 60, points >= 3"
B3|single-model|ecmwf_ifs025|precip_0830|L7|region=islands|monsoon|all|T35.6,A3|single-model|ecmwf_ifs025|precip_0830|L7|region=islands|monsoon|all,B3,single-model,35.6,insufficient sample,0,"region: n >= 300, dates >= 60, points >= 3"
B3|single-model|ecmwf_ifs025|precip_0830|L7|region=islands|monsoon|all|T64.5,A3|single-model|ecmwf_ifs025|precip_0830|L7|region=islands|monsoon|all,B3,single-model,64.5,insufficient sample,0,"region: n >= 300, dates >= 60, points >= 3"
B3|single-model|ecmwf_ifs025|precip_0830|L7|region=islands|post-monsoon|all|T115.6,A3|single-model|ecmwf_ifs025|precip_0830|L7|region=islands|post-monsoon|all,B3,single-model,115.6,insufficient sample,0,"region: n >= 300, dates >= 60, points >= 3"
B3|single-model|ecmwf_ifs025|precip_0830|L7|region=islands|post-monsoon|all|T35.6,A3|single-model|ecmwf_ifs025|precip_0830|L7|region=islands|post-monsoon|all,B3,single-model,35.6,insufficient sample,0,"region: n >= 300, dates >= 60, points >= 3"
B3|single-model|ecmwf_ifs025|precip_0830|L7|region=islands|post-monsoon|all|T64.5,A3|single-model|ecmwf_ifs025|precip_0830|L7|region=islands|post-monsoon|all,B3,single-model,64.5,insufficient sample,0,"region: n >= 300, dates >= 60, points >= 3"
B3|single-model|ecmwf_ifs025|precip_0830|L7|region=islands|pre-monsoon|all|T115.6,A3|single-model|ecmwf_ifs025|precip_0830|L7|region=islands|pre-monsoon|all,B3,single-model,115.6,insufficient sample,0,"region: n >= 300, dates >= 60, points >= 3"
B3|single-model|ecmwf_ifs025|precip_0830|L7|region=islands|pre-monsoon|all|T35.6,A3|single-model|ecmwf_ifs025|precip_0830|L7|region=islands|pre-monsoon|all,B3,single-model,35.6,insufficient sample,0,"region: n >= 300, dates >= 60, points >= 3"
B3|single-model|ecmwf_ifs025|precip_0830|L7|region=islands|pre-monsoon|all|T64.5,A3|single-model|ecmwf_ifs025|precip_0830|L7|region=islands|pre-monsoon|all,B3,single-model,64.5,insufficient sample,0,"region: n >= 300, dates >= 60, points >= 3"
B3|single-model|ecmwf_ifs025|precip_0830|L7|region=islands|winter|all|T115.6,A3|single-model|ecmwf_ifs025|precip_0830|L7|region=islands|winter|all,B3,single-model,115.6,insufficient sample,0,"region: n >= 300, dates >= 60, points >= 3"
B3|single-model|ecmwf_ifs025|precip_0830|L7|region=islands|winter|all|T35.6,A3|single-model|ecmwf_ifs025|precip_0830|L7|region=islands|winter|all,B3,single-model,35.6,insufficient sample,0,"region: n >= 300, dates >= 60, points >= 3"
B3|single-model|ecmwf_ifs025|precip_0830|L7|region=islands|winter|all|T64.5,A3|single-model|ecmwf_ifs025|precip_0830|L7|region=islands|winter|all,B3,single-model,64.5,insufficient sample,0,"region: n >= 300, dates >= 60, points >= 3"
B3|single-model|gfs_global|precip_0830|L1|region=islands|all|all|T115.6,A3|single-model|gfs_global|precip_0830|L1|region=islands|all|all,B3,single-model,115.6,insufficient sample,0,"region: n >= 300, dates >= 60, points >= 3"
B3|single-model|gfs_global|precip_0830|L1|region=islands|all|all|T35.6,A3|single-model|gfs_global|precip_0830|L1|region=islands|all|all,B3,single-model,35.6,insufficient sample,0,"region: n >= 300, dates >= 60, points >= 3"
B3|single-model|gfs_global|precip_0830|L1|region=islands|all|all|T64.5,A3|single-model|gfs_global|precip_0830|L1|region=islands|all|all,B3,single-model,64.5,insufficient sample,0,"region: n >= 300, dates >= 60, points >= 3"
B3|single-model|gfs_global|precip_0830|L1|region=islands|monsoon|all|T115.6,A3|single-model|gfs_global|precip_0830|L1|region=islands|monsoon|all,B3,single-model,115.6,insufficient sample,0,"region: n >= 300, dates >= 60, points >= 3"
B3|single-model|gfs_global|precip_0830|L1|region=islands|monsoon|all|T35.6,A3|single-model|gfs_global|precip_0830|L1|region=islands|monsoon|all,B3,single-model,35.6,insufficient sample,0,"region: n >= 300, dates >= 60, points >= 3"
B3|single-model|gfs_global|precip_0830|L1|region=islands|monsoon|all|T64.5,A3|single-model|gfs_global|precip_0830|L1|region=islands|monsoon|all,B3,single-model,64.5,insufficient sample,0,"region: n >= 300, dates >= 60, points >= 3"
B3|single-model|gfs_global|precip_0830|L1|region=islands|post-monsoon|all|T115.6,A3|single-model|gfs_global|precip_0830|L1|region=islands|post-monsoon|all,B3,single-model,115.6,insufficient sample,0,"region: n >= 300, dates >= 60, points >= 3"
B3|single-model|gfs_global|precip_0830|L1|region=islands|post-monsoon|all|T35.6,A3|single-model|gfs_global|precip_0830|L1|region=islands|post-monsoon|all,B3,single-model,35.6,insufficient sample,0,"region: n >= 300, dates >= 60, points >= 3"
B3|single-model|gfs_global|precip_0830|L1|region=islands|post-monsoon|all|T64.5,A3|single-model|gfs_global|precip_0830|L1|region=islands|post-monsoon|all,B3,single-model,64.5,insufficient sample,0,"region: n >= 300, dates >= 60, points >= 3"
B3|single-model|gfs_global|precip_0830|L1|region=islands|pre-monsoon|all|T115.6,A3|single-model|gfs_global|precip_0830|L1|region=islands|pre-monsoon|all,B3,single-model,115.6,insufficient sample,0,"region: n >= 300, dates >= 60, points >= 3"
B3|single-model|gfs_global|precip_0830|L1|region=islands|pre-monsoon|all|T35.6,A3|single-model|gfs_global|precip_0830|L1|region=islands|pre-monsoon|all,B3,single-model,35.6,insufficient sample,0,"region: n >= 300, dates >= 60, points >= 3"
B3|single-model|gfs_global|precip_0830|L1|region=islands|pre-monsoon|all|T64.5,A3|single-model|gfs_global|precip_0830|L1|region=islands|pre-monsoon|all,B3,single-model,64.5,insufficient sample,0,"region: n >= 300, dates >= 60, points >= 3"
B3|single-model|gfs_global|precip_0830|L1|region=islands|winter|all|T115.6,A3|single-model|gfs_global|precip_0830|L1|region=islands|winter|all,B3,single-model,115.6,insufficient sample,0,"region: n >= 300, dates >= 60, points >= 3"
B3|single-model|gfs_global|precip_0830|L1|region=islands|winter|all|T35.6,A3|single-model|gfs_global|precip_0830|L1|region=islands|winter|all,B3,single-model,35.6,insufficient sample,0,"region: n >= 300, dates >= 60, points >= 3"
B3|single-model|gfs_global|precip_0830|L1|region=islands|winter|all|T64.5,A3|single-model|gfs_global|precip_0830|L1|region=islands|winter|all,B3,single-model,64.5,insufficient sample,0,"region: n >= 300, dates >= 60, points >= 3"
B3|single-model|gfs_global|precip_0830|L2|region=islands|all|all|T115.6,A3|single-model|gfs_global|precip_0830|L2|region=islands|all|all,B3,single-model,115.6,insufficient sample,0,"region: n >= 300, dates >= 60, points >= 3"
B3|single-model|gfs_global|precip_0830|L2|region=islands|all|all|T35.6,A3|single-model|gfs_global|precip_0830|L2|region=islands|all|all,B3,single-model,35.6,insufficient sample,0,"region: n >= 300, dates >= 60, points >= 3"
B3|single-model|gfs_global|precip_0830|L2|region=islands|all|all|T64.5,A3|single-model|gfs_global|precip_0830|L2|region=islands|all|all,B3,single-model,64.5,insufficient sample,0,"region: n >= 300, dates >= 60, points >= 3"
B3|single-model|gfs_global|precip_0830|L2|region=islands|monsoon|all|T115.6,A3|single-model|gfs_global|precip_0830|L2|region=islands|monsoon|all,B3,single-model,115.6,insufficient sample,0,"region: n >= 300, dates >= 60, points >= 3"
B3|single-model|gfs_global|precip_0830|L2|region=islands|monsoon|all|T35.6,A3|single-model|gfs_global|precip_0830|L2|region=islands|monsoon|all,B3,single-model,35.6,insufficient sample,0,"region: n >= 300, dates >= 60, points >= 3"
B3|single-model|gfs_global|precip_0830|L2|region=islands|monsoon|all|T64.5,A3|single-model|gfs_global|precip_0830|L2|region=islands|monsoon|all,B3,single-model,64.5,insufficient sample,0,"region: n >= 300, dates >= 60, points >= 3"
B3|single-model|gfs_global|precip_0830|L2|region=islands|post-monsoon|all|T115.6,A3|single-model|gfs_global|precip_0830|L2|region=islands|post-monsoon|all,B3,single-model,115.6,insufficient sample,0,"region: n >= 300, dates >= 60, points >= 3"
B3|single-model|gfs_global|precip_0830|L2|region=islands|post-monsoon|all|T35.6,A3|single-model|gfs_global|precip_0830|L2|region=islands|post-monsoon|all,B3,single-model,35.6,insufficient sample,0,"region: n >= 300, dates >= 60, points >= 3"
B3|single-model|gfs_global|precip_0830|L2|region=islands|post-monsoon|all|T64.5,A3|single-model|gfs_global|precip_0830|L2|region=islands|post-monsoon|all,B3,single-model,64.5,insufficient sample,0,"region: n >= 300, dates >= 60, points >= 3"
B3|single-model|gfs_global|precip_0830|L2|region=islands|pre-monsoon|all|T115.6,A3|single-model|gfs_global|precip_0830|L2|region=islands|pre-monsoon|all,B3,single-model,115.6,insufficient sample,0,"region: n >= 300, dates >= 60, points >= 3"
B3|single-model|gfs_global|precip_0830|L2|region=islands|pre-monsoon|all|T35.6,A3|single-model|gfs_global|precip_0830|L2|region=islands|pre-monsoon|all,B3,single-model,35.6,insufficient sample,0,"region: n >= 300, dates >= 60, points >= 3"
B3|single-model|gfs_global|precip_0830|L2|region=islands|pre-monsoon|all|T64.5,A3|single-model|gfs_global|precip_0830|L2|region=islands|pre-monsoon|all,B3,single-model,64.5,insufficient sample,0,"region: n >= 300, dates >= 60, points >= 3"
B3|single-model|gfs_global|precip_0830|L2|region=islands|winter|all|T115.6,A3|single-model|gfs_global|precip_0830|L2|region=islands|winter|all,B3,single-model,115.6,insufficient sample,0,"region: n >= 300, dates >= 60, points >= 3"
B3|single-model|gfs_global|precip_0830|L2|region=islands|winter|all|T35.6,A3|single-model|gfs_global|precip_0830|L2|region=islands|winter|all,B3,single-model,35.6,insufficient sample,0,"region: n >= 300, dates >= 60, points >= 3"
B3|single-model|gfs_global|precip_0830|L2|region=islands|winter|all|T64.5,A3|single-model|gfs_global|precip_0830|L2|region=islands|winter|all,B3,single-model,64.5,insufficient sample,0,"region: n >= 300, dates >= 60, points >= 3"
B3|single-model|gfs_global|precip_0830|L3|region=islands|all|all|T115.6,A3|single-model|gfs_global|precip_0830|L3|region=islands|all|all,B3,single-model,115.6,insufficient sample,0,"region: n >= 300, dates >= 60, points >= 3"
B3|single-model|gfs_global|precip_0830|L3|region=islands|all|all|T35.6,A3|single-model|gfs_global|precip_0830|L3|region=islands|all|all,B3,single-model,35.6,insufficient sample,0,"region: n >= 300, dates >= 60, points >= 3"
B3|single-model|gfs_global|precip_0830|L3|region=islands|all|all|T64.5,A3|single-model|gfs_global|precip_0830|L3|region=islands|all|all,B3,single-model,64.5,insufficient sample,0,"region: n >= 300, dates >= 60, points >= 3"
B3|single-model|gfs_global|precip_0830|L3|region=islands|monsoon|all|T115.6,A3|single-model|gfs_global|precip_0830|L3|region=islands|monsoon|all,B3,single-model,115.6,insufficient sample,0,"region: n >= 300, dates >= 60, points >= 3"
B3|single-model|gfs_global|precip_0830|L3|region=islands|monsoon|all|T35.6,A3|single-model|gfs_global|precip_0830|L3|region=islands|monsoon|all,B3,single-model,35.6,insufficient sample,0,"region: n >= 300, dates >= 60, points >= 3"
B3|single-model|gfs_global|precip_0830|L3|region=islands|monsoon|all|T64.5,A3|single-model|gfs_global|precip_0830|L3|region=islands|monsoon|all,B3,single-model,64.5,insufficient sample,0,"region: n >= 300, dates >= 60, points >= 3"
B3|single-model|gfs_global|precip_0830|L3|region=islands|post-monsoon|all|T115.6,A3|single-model|gfs_global|precip_0830|L3|region=islands|post-monsoon|all,B3,single-model,115.6,insufficient sample,0,"region: n >= 300, dates >= 60, points >= 3"
B3|single-model|gfs_global|precip_0830|L3|region=islands|post-monsoon|all|T35.6,A3|single-model|gfs_global|precip_0830|L3|region=islands|post-monsoon|all,B3,single-model,35.6,insufficient sample,0,"region: n >= 300, dates >= 60, points >= 3"
B3|single-model|gfs_global|precip_0830|L3|region=islands|post-monsoon|all|T64.5,A3|single-model|gfs_global|precip_0830|L3|region=islands|post-monsoon|all,B3,single-model,64.5,insufficient sample,0,"region: n >= 300, dates >= 60, points >= 3"
B3|single-model|gfs_global|precip_0830|L3|region=islands|pre-monsoon|all|T115.6,A3|single-model|gfs_global|precip_0830|L3|region=islands|pre-monsoon|all,B3,single-model,115.6,insufficient sample,0,"region: n >= 300, dates >= 60, points >= 3"
B3|single-model|gfs_global|precip_0830|L3|region=islands|pre-monsoon|all|T35.6,A3|single-model|gfs_global|precip_0830|L3|region=islands|pre-monsoon|all,B3,single-model,35.6,insufficient sample,0,"region: n >= 300, dates >= 60, points >= 3"
B3|single-model|gfs_global|precip_0830|L3|region=islands|pre-monsoon|all|T64.5,A3|single-model|gfs_global|precip_0830|L3|region=islands|pre-monsoon|all,B3,single-model,64.5,insufficient sample,0,"region: n >= 300, dates >= 60, points >= 3"
B3|single-model|gfs_global|precip_0830|L3|region=islands|winter|all|T115.6,A3|single-model|gfs_global|precip_0830|L3|region=islands|winter|all,B3,single-model,115.6,insufficient sample,0,"region: n >= 300, dates >= 60, points >= 3"
B3|single-model|gfs_global|precip_0830|L3|region=islands|winter|all|T35.6,A3|single-model|gfs_global|precip_0830|L3|region=islands|winter|all,B3,single-model,35.6,insufficient sample,0,"region: n >= 300, dates >= 60, points >= 3"
B3|single-model|gfs_global|precip_0830|L3|region=islands|winter|all|T64.5,A3|single-model|gfs_global|precip_0830|L3|region=islands|winter|all,B3,single-model,64.5,insufficient sample,0,"region: n >= 300, dates >= 60, points >= 3"
B3|single-model|gfs_global|precip_0830|L4|region=islands|all|all|T115.6,A3|single-model|gfs_global|precip_0830|L4|region=islands|all|all,B3,single-model,115.6,insufficient sample,0,"region: n >= 300, dates >= 60, points >= 3"
B3|single-model|gfs_global|precip_0830|L4|region=islands|all|all|T35.6,A3|single-model|gfs_global|precip_0830|L4|region=islands|all|all,B3,single-model,35.6,insufficient sample,0,"region: n >= 300, dates >= 60, points >= 3"
B3|single-model|gfs_global|precip_0830|L4|region=islands|all|all|T64.5,A3|single-model|gfs_global|precip_0830|L4|region=islands|all|all,B3,single-model,64.5,insufficient sample,0,"region: n >= 300, dates >= 60, points >= 3"
B3|single-model|gfs_global|precip_0830|L4|region=islands|monsoon|all|T115.6,A3|single-model|gfs_global|precip_0830|L4|region=islands|monsoon|all,B3,single-model,115.6,insufficient sample,0,"region: n >= 300, dates >= 60, points >= 3"
B3|single-model|gfs_global|precip_0830|L4|region=islands|monsoon|all|T35.6,A3|single-model|gfs_global|precip_0830|L4|region=islands|monsoon|all,B3,single-model,35.6,insufficient sample,0,"region: n >= 300, dates >= 60, points >= 3"
B3|single-model|gfs_global|precip_0830|L4|region=islands|monsoon|all|T64.5,A3|single-model|gfs_global|precip_0830|L4|region=islands|monsoon|all,B3,single-model,64.5,insufficient sample,0,"region: n >= 300, dates >= 60, points >= 3"
B3|single-model|gfs_global|precip_0830|L4|region=islands|post-monsoon|all|T115.6,A3|single-model|gfs_global|precip_0830|L4|region=islands|post-monsoon|all,B3,single-model,115.6,insufficient sample,0,"region: n >= 300, dates >= 60, points >= 3"
B3|single-model|gfs_global|precip_0830|L4|region=islands|post-monsoon|all|T35.6,A3|single-model|gfs_global|precip_0830|L4|region=islands|post-monsoon|all,B3,single-model,35.6,insufficient sample,0,"region: n >= 300, dates >= 60, points >= 3"
B3|single-model|gfs_global|precip_0830|L4|region=islands|post-monsoon|all|T64.5,A3|single-model|gfs_global|precip_0830|L4|region=islands|post-monsoon|all,B3,single-model,64.5,insufficient sample,0,"region: n >= 300, dates >= 60, points >= 3"
B3|single-model|gfs_global|precip_0830|L4|region=islands|pre-monsoon|all|T115.6,A3|single-model|gfs_global|precip_0830|L4|region=islands|pre-monsoon|all,B3,single-model,115.6,insufficient sample,0,"region: n >= 300, dates >= 60, points >= 3"
B3|single-model|gfs_global|precip_0830|L4|region=islands|pre-monsoon|all|T35.6,A3|single-model|gfs_global|precip_0830|L4|region=islands|pre-monsoon|all,B3,single-model,35.6,insufficient sample,0,"region: n >= 300, dates >= 60, points >= 3"
B3|single-model|gfs_global|precip_0830|L4|region=islands|pre-monsoon|all|T64.5,A3|single-model|gfs_global|precip_0830|L4|region=islands|pre-monsoon|all,B3,single-model,64.5,insufficient sample,0,"region: n >= 300, dates >= 60, points >= 3"
B3|single-model|gfs_global|precip_0830|L4|region=islands|winter|all|T115.6,A3|single-model|gfs_global|precip_0830|L4|region=islands|winter|all,B3,single-model,115.6,insufficient sample,0,"region: n >= 300, dates >= 60, points >= 3"
B3|single-model|gfs_global|precip_0830|L4|region=islands|winter|all|T35.6,A3|single-model|gfs_global|precip_0830|L4|region=islands|winter|all,B3,single-model,35.6,insufficient sample,0,"region: n >= 300, dates >= 60, points >= 3"
B3|single-model|gfs_global|precip_0830|L4|region=islands|winter|all|T64.5,A3|single-model|gfs_global|precip_0830|L4|region=islands|winter|all,B3,single-model,64.5,insufficient sample,0,"region: n >= 300, dates >= 60, points >= 3"
B3|single-model|gfs_global|precip_0830|L5|region=islands|all|all|T115.6,A3|single-model|gfs_global|precip_0830|L5|region=islands|all|all,B3,single-model,115.6,insufficient sample,0,"region: n >= 300, dates >= 60, points >= 3"
B3|single-model|gfs_global|precip_0830|L5|region=islands|all|all|T35.6,A3|single-model|gfs_global|precip_0830|L5|region=islands|all|all,B3,single-model,35.6,insufficient sample,0,"region: n >= 300, dates >= 60, points >= 3"
B3|single-model|gfs_global|precip_0830|L5|region=islands|all|all|T64.5,A3|single-model|gfs_global|precip_0830|L5|region=islands|all|all,B3,single-model,64.5,insufficient sample,0,"region: n >= 300, dates >= 60, points >= 3"
B3|single-model|gfs_global|precip_0830|L5|region=islands|monsoon|all|T115.6,A3|single-model|gfs_global|precip_0830|L5|region=islands|monsoon|all,B3,single-model,115.6,insufficient sample,0,"region: n >= 300, dates >= 60, points >= 3"
B3|single-model|gfs_global|precip_0830|L5|region=islands|monsoon|all|T35.6,A3|single-model|gfs_global|precip_0830|L5|region=islands|monsoon|all,B3,single-model,35.6,insufficient sample,0,"region: n >= 300, dates >= 60, points >= 3"
B3|single-model|gfs_global|precip_0830|L5|region=islands|monsoon|all|T64.5,A3|single-model|gfs_global|precip_0830|L5|region=islands|monsoon|all,B3,single-model,64.5,insufficient sample,0,"region: n >= 300, dates >= 60, points >= 3"
B3|single-model|gfs_global|precip_0830|L5|region=islands|post-monsoon|all|T115.6,A3|single-model|gfs_global|precip_0830|L5|region=islands|post-monsoon|all,B3,single-model,115.6,insufficient sample,0,"region: n >= 300, dates >= 60, points >= 3"
B3|single-model|gfs_global|precip_0830|L5|region=islands|post-monsoon|all|T35.6,A3|single-model|gfs_global|precip_0830|L5|region=islands|post-monsoon|all,B3,single-model,35.6,insufficient sample,0,"region: n >= 300, dates >= 60, points >= 3"
B3|single-model|gfs_global|precip_0830|L5|region=islands|post-monsoon|all|T64.5,A3|single-model|gfs_global|precip_0830|L5|region=islands|post-monsoon|all,B3,single-model,64.5,insufficient sample,0,"region: n >= 300, dates >= 60, points >= 3"
B3|single-model|gfs_global|precip_0830|L5|region=islands|pre-monsoon|all|T115.6,A3|single-model|gfs_global|precip_0830|L5|region=islands|pre-monsoon|all,B3,single-model,115.6,insufficient sample,0,"region: n >= 300, dates >= 60, points >= 3"
B3|single-model|gfs_global|precip_0830|L5|region=islands|pre-monsoon|all|T35.6,A3|single-model|gfs_global|precip_0830|L5|region=islands|pre-monsoon|all,B3,single-model,35.6,insufficient sample,0,"region: n >= 300, dates >= 60, points >= 3"
B3|single-model|gfs_global|precip_0830|L5|region=islands|pre-monsoon|all|T64.5,A3|single-model|gfs_global|precip_0830|L5|region=islands|pre-monsoon|all,B3,single-model,64.5,insufficient sample,0,"region: n >= 300, dates >= 60, points >= 3"
B3|single-model|gfs_global|precip_0830|L5|region=islands|winter|all|T115.6,A3|single-model|gfs_global|precip_0830|L5|region=islands|winter|all,B3,single-model,115.6,insufficient sample,0,"region: n >= 300, dates >= 60, points >= 3"
B3|single-model|gfs_global|precip_0830|L5|region=islands|winter|all|T35.6,A3|single-model|gfs_global|precip_0830|L5|region=islands|winter|all,B3,single-model,35.6,insufficient sample,0,"region: n >= 300, dates >= 60, points >= 3"
B3|single-model|gfs_global|precip_0830|L5|region=islands|winter|all|T64.5,A3|single-model|gfs_global|precip_0830|L5|region=islands|winter|all,B3,single-model,64.5,insufficient sample,0,"region: n >= 300, dates >= 60, points >= 3"
B3|single-model|gfs_global|precip_0830|L6|region=islands|all|all|T115.6,A3|single-model|gfs_global|precip_0830|L6|region=islands|all|all,B3,single-model,115.6,insufficient sample,0,"region: n >= 300, dates >= 60, points >= 3"
B3|single-model|gfs_global|precip_0830|L6|region=islands|all|all|T35.6,A3|single-model|gfs_global|precip_0830|L6|region=islands|all|all,B3,single-model,35.6,insufficient sample,0,"region: n >= 300, dates >= 60, points >= 3"
B3|single-model|gfs_global|precip_0830|L6|region=islands|all|all|T64.5,A3|single-model|gfs_global|precip_0830|L6|region=islands|all|all,B3,single-model,64.5,insufficient sample,0,"region: n >= 300, dates >= 60, points >= 3"
B3|single-model|gfs_global|precip_0830|L6|region=islands|monsoon|all|T115.6,A3|single-model|gfs_global|precip_0830|L6|region=islands|monsoon|all,B3,single-model,115.6,insufficient sample,0,"region: n >= 300, dates >= 60, points >= 3"
B3|single-model|gfs_global|precip_0830|L6|region=islands|monsoon|all|T35.6,A3|single-model|gfs_global|precip_0830|L6|region=islands|monsoon|all,B3,single-model,35.6,insufficient sample,0,"region: n >= 300, dates >= 60, points >= 3"
B3|single-model|gfs_global|precip_0830|L6|region=islands|monsoon|all|T64.5,A3|single-model|gfs_global|precip_0830|L6|region=islands|monsoon|all,B3,single-model,64.5,insufficient sample,0,"region: n >= 300, dates >= 60, points >= 3"
B3|single-model|gfs_global|precip_0830|L6|region=islands|post-monsoon|all|T115.6,A3|single-model|gfs_global|precip_0830|L6|region=islands|post-monsoon|all,B3,single-model,115.6,insufficient sample,0,"region: n >= 300, dates >= 60, points >= 3"
B3|single-model|gfs_global|precip_0830|L6|region=islands|post-monsoon|all|T35.6,A3|single-model|gfs_global|precip_0830|L6|region=islands|post-monsoon|all,B3,single-model,35.6,insufficient sample,0,"region: n >= 300, dates >= 60, points >= 3"
B3|single-model|gfs_global|precip_0830|L6|region=islands|post-monsoon|all|T64.5,A3|single-model|gfs_global|precip_0830|L6|region=islands|post-monsoon|all,B3,single-model,64.5,insufficient sample,0,"region: n >= 300, dates >= 60, points >= 3"
B3|single-model|gfs_global|precip_0830|L6|region=islands|pre-monsoon|all|T115.6,A3|single-model|gfs_global|precip_0830|L6|region=islands|pre-monsoon|all,B3,single-model,115.6,insufficient sample,0,"region: n >= 300, dates >= 60, points >= 3"
B3|single-model|gfs_global|precip_0830|L6|region=islands|pre-monsoon|all|T35.6,A3|single-model|gfs_global|precip_0830|L6|region=islands|pre-monsoon|all,B3,single-model,35.6,insufficient sample,0,"region: n >= 300, dates >= 60, points >= 3"
B3|single-model|gfs_global|precip_0830|L6|region=islands|pre-monsoon|all|T64.5,A3|single-model|gfs_global|precip_0830|L6|region=islands|pre-monsoon|all,B3,single-model,64.5,insufficient sample,0,"region: n >= 300, dates >= 60, points >= 3"
B3|single-model|gfs_global|precip_0830|L6|region=islands|winter|all|T115.6,A3|single-model|gfs_global|precip_0830|L6|region=islands|winter|all,B3,single-model,115.6,insufficient sample,0,"region: n >= 300, dates >= 60, points >= 3"
B3|single-model|gfs_global|precip_0830|L6|region=islands|winter|all|T35.6,A3|single-model|gfs_global|precip_0830|L6|region=islands|winter|all,B3,single-model,35.6,insufficient sample,0,"region: n >= 300, dates >= 60, points >= 3"
B3|single-model|gfs_global|precip_0830|L6|region=islands|winter|all|T64.5,A3|single-model|gfs_global|precip_0830|L6|region=islands|winter|all,B3,single-model,64.5,insufficient sample,0,"region: n >= 300, dates >= 60, points >= 3"
B3|single-model|gfs_global|precip_0830|L7|region=islands|all|all|T115.6,A3|single-model|gfs_global|precip_0830|L7|region=islands|all|all,B3,single-model,115.6,insufficient sample,0,"region: n >= 300, dates >= 60, points >= 3"
B3|single-model|gfs_global|precip_0830|L7|region=islands|all|all|T35.6,A3|single-model|gfs_global|precip_0830|L7|region=islands|all|all,B3,single-model,35.6,insufficient sample,0,"region: n >= 300, dates >= 60, points >= 3"
B3|single-model|gfs_global|precip_0830|L7|region=islands|all|all|T64.5,A3|single-model|gfs_global|precip_0830|L7|region=islands|all|all,B3,single-model,64.5,insufficient sample,0,"region: n >= 300, dates >= 60, points >= 3"
B3|single-model|gfs_global|precip_0830|L7|region=islands|monsoon|all|T115.6,A3|single-model|gfs_global|precip_0830|L7|region=islands|monsoon|all,B3,single-model,115.6,insufficient sample,0,"region: n >= 300, dates >= 60, points >= 3"
B3|single-model|gfs_global|precip_0830|L7|region=islands|monsoon|all|T35.6,A3|single-model|gfs_global|precip_0830|L7|region=islands|monsoon|all,B3,single-model,35.6,insufficient sample,0,"region: n >= 300, dates >= 60, points >= 3"
B3|single-model|gfs_global|precip_0830|L7|region=islands|monsoon|all|T64.5,A3|single-model|gfs_global|precip_0830|L7|region=islands|monsoon|all,B3,single-model,64.5,insufficient sample,0,"region: n >= 300, dates >= 60, points >= 3"
B3|single-model|gfs_global|precip_0830|L7|region=islands|post-monsoon|all|T115.6,A3|single-model|gfs_global|precip_0830|L7|region=islands|post-monsoon|all,B3,single-model,115.6,insufficient sample,0,"region: n >= 300, dates >= 60, points >= 3"
B3|single-model|gfs_global|precip_0830|L7|region=islands|post-monsoon|all|T35.6,A3|single-model|gfs_global|precip_0830|L7|region=islands|post-monsoon|all,B3,single-model,35.6,insufficient sample,0,"region: n >= 300, dates >= 60, points >= 3"
B3|single-model|gfs_global|precip_0830|L7|region=islands|post-monsoon|all|T64.5,A3|single-model|gfs_global|precip_0830|L7|region=islands|post-monsoon|all,B3,single-model,64.5,insufficient sample,0,"region: n >= 300, dates >= 60, points >= 3"
B3|single-model|gfs_global|precip_0830|L7|region=islands|pre-monsoon|all|T115.6,A3|single-model|gfs_global|precip_0830|L7|region=islands|pre-monsoon|all,B3,single-model,115.6,insufficient sample,0,"region: n >= 300, dates >= 60, points >= 3"
B3|single-model|gfs_global|precip_0830|L7|region=islands|pre-monsoon|all|T35.6,A3|single-model|gfs_global|precip_0830|L7|region=islands|pre-monsoon|all,B3,single-model,35.6,insufficient sample,0,"region: n >= 300, dates >= 60, points >= 3"
B3|single-model|gfs_global|precip_0830|L7|region=islands|pre-monsoon|all|T64.5,A3|single-model|gfs_global|precip_0830|L7|region=islands|pre-monsoon|all,B3,single-model,64.5,insufficient sample,0,"region: n >= 300, dates >= 60, points >= 3"
B3|single-model|gfs_global|precip_0830|L7|region=islands|winter|all|T115.6,A3|single-model|gfs_global|precip_0830|L7|region=islands|winter|all,B3,single-model,115.6,insufficient sample,0,"region: n >= 300, dates >= 60, points >= 3"
B3|single-model|gfs_global|precip_0830|L7|region=islands|winter|all|T35.6,A3|single-model|gfs_global|precip_0830|L7|region=islands|winter|all,B3,single-model,35.6,insufficient sample,0,"region: n >= 300, dates >= 60, points >= 3"
B3|single-model|gfs_global|precip_0830|L7|region=islands|winter|all|T64.5,A3|single-model|gfs_global|precip_0830|L7|region=islands|winter|all,B3,single-model,64.5,insufficient sample,0,"region: n >= 300, dates >= 60, points >= 3"
B3|single-model|icon_global|precip_0830|L1|region=islands|all|all|T115.6,A3|single-model|icon_global|precip_0830|L1|region=islands|all|all,B3,single-model,115.6,insufficient sample,0,"region: n >= 300, dates >= 60, points >= 3"
B3|single-model|icon_global|precip_0830|L1|region=islands|all|all|T35.6,A3|single-model|icon_global|precip_0830|L1|region=islands|all|all,B3,single-model,35.6,insufficient sample,0,"region: n >= 300, dates >= 60, points >= 3"
B3|single-model|icon_global|precip_0830|L1|region=islands|all|all|T64.5,A3|single-model|icon_global|precip_0830|L1|region=islands|all|all,B3,single-model,64.5,insufficient sample,0,"region: n >= 300, dates >= 60, points >= 3"
B3|single-model|icon_global|precip_0830|L1|region=islands|monsoon|all|T115.6,A3|single-model|icon_global|precip_0830|L1|region=islands|monsoon|all,B3,single-model,115.6,insufficient sample,0,"region: n >= 300, dates >= 60, points >= 3"
B3|single-model|icon_global|precip_0830|L1|region=islands|monsoon|all|T35.6,A3|single-model|icon_global|precip_0830|L1|region=islands|monsoon|all,B3,single-model,35.6,insufficient sample,0,"region: n >= 300, dates >= 60, points >= 3"
B3|single-model|icon_global|precip_0830|L1|region=islands|monsoon|all|T64.5,A3|single-model|icon_global|precip_0830|L1|region=islands|monsoon|all,B3,single-model,64.5,insufficient sample,0,"region: n >= 300, dates >= 60, points >= 3"
B3|single-model|icon_global|precip_0830|L1|region=islands|post-monsoon|all|T115.6,A3|single-model|icon_global|precip_0830|L1|region=islands|post-monsoon|all,B3,single-model,115.6,insufficient sample,0,"region: n >= 300, dates >= 60, points >= 3"
B3|single-model|icon_global|precip_0830|L1|region=islands|post-monsoon|all|T35.6,A3|single-model|icon_global|precip_0830|L1|region=islands|post-monsoon|all,B3,single-model,35.6,insufficient sample,0,"region: n >= 300, dates >= 60, points >= 3"
B3|single-model|icon_global|precip_0830|L1|region=islands|post-monsoon|all|T64.5,A3|single-model|icon_global|precip_0830|L1|region=islands|post-monsoon|all,B3,single-model,64.5,insufficient sample,0,"region: n >= 300, dates >= 60, points >= 3"
B3|single-model|icon_global|precip_0830|L1|region=islands|pre-monsoon|all|T115.6,A3|single-model|icon_global|precip_0830|L1|region=islands|pre-monsoon|all,B3,single-model,115.6,insufficient sample,0,"region: n >= 300, dates >= 60, points >= 3"
B3|single-model|icon_global|precip_0830|L1|region=islands|pre-monsoon|all|T35.6,A3|single-model|icon_global|precip_0830|L1|region=islands|pre-monsoon|all,B3,single-model,35.6,insufficient sample,0,"region: n >= 300, dates >= 60, points >= 3"
B3|single-model|icon_global|precip_0830|L1|region=islands|pre-monsoon|all|T64.5,A3|single-model|icon_global|precip_0830|L1|region=islands|pre-monsoon|all,B3,single-model,64.5,insufficient sample,0,"region: n >= 300, dates >= 60, points >= 3"
B3|single-model|icon_global|precip_0830|L1|region=islands|winter|all|T115.6,A3|single-model|icon_global|precip_0830|L1|region=islands|winter|all,B3,single-model,115.6,insufficient sample,0,"region: n >= 300, dates >= 60, points >= 3"
B3|single-model|icon_global|precip_0830|L1|region=islands|winter|all|T35.6,A3|single-model|icon_global|precip_0830|L1|region=islands|winter|all,B3,single-model,35.6,insufficient sample,0,"region: n >= 300, dates >= 60, points >= 3"
B3|single-model|icon_global|precip_0830|L1|region=islands|winter|all|T64.5,A3|single-model|icon_global|precip_0830|L1|region=islands|winter|all,B3,single-model,64.5,insufficient sample,0,"region: n >= 300, dates >= 60, points >= 3"
B3|single-model|icon_global|precip_0830|L2|region=islands|all|all|T115.6,A3|single-model|icon_global|precip_0830|L2|region=islands|all|all,B3,single-model,115.6,insufficient sample,0,"region: n >= 300, dates >= 60, points >= 3"
B3|single-model|icon_global|precip_0830|L2|region=islands|all|all|T35.6,A3|single-model|icon_global|precip_0830|L2|region=islands|all|all,B3,single-model,35.6,insufficient sample,0,"region: n >= 300, dates >= 60, points >= 3"
B3|single-model|icon_global|precip_0830|L2|region=islands|all|all|T64.5,A3|single-model|icon_global|precip_0830|L2|region=islands|all|all,B3,single-model,64.5,insufficient sample,0,"region: n >= 300, dates >= 60, points >= 3"
B3|single-model|icon_global|precip_0830|L2|region=islands|monsoon|all|T115.6,A3|single-model|icon_global|precip_0830|L2|region=islands|monsoon|all,B3,single-model,115.6,insufficient sample,0,"region: n >= 300, dates >= 60, points >= 3"
B3|single-model|icon_global|precip_0830|L2|region=islands|monsoon|all|T35.6,A3|single-model|icon_global|precip_0830|L2|region=islands|monsoon|all,B3,single-model,35.6,insufficient sample,0,"region: n >= 300, dates >= 60, points >= 3"
B3|single-model|icon_global|precip_0830|L2|region=islands|monsoon|all|T64.5,A3|single-model|icon_global|precip_0830|L2|region=islands|monsoon|all,B3,single-model,64.5,insufficient sample,0,"region: n >= 300, dates >= 60, points >= 3"
B3|single-model|icon_global|precip_0830|L2|region=islands|post-monsoon|all|T115.6,A3|single-model|icon_global|precip_0830|L2|region=islands|post-monsoon|all,B3,single-model,115.6,insufficient sample,0,"region: n >= 300, dates >= 60, points >= 3"
B3|single-model|icon_global|precip_0830|L2|region=islands|post-monsoon|all|T35.6,A3|single-model|icon_global|precip_0830|L2|region=islands|post-monsoon|all,B3,single-model,35.6,insufficient sample,0,"region: n >= 300, dates >= 60, points >= 3"
B3|single-model|icon_global|precip_0830|L2|region=islands|post-monsoon|all|T64.5,A3|single-model|icon_global|precip_0830|L2|region=islands|post-monsoon|all,B3,single-model,64.5,insufficient sample,0,"region: n >= 300, dates >= 60, points >= 3"
B3|single-model|icon_global|precip_0830|L2|region=islands|pre-monsoon|all|T115.6,A3|single-model|icon_global|precip_0830|L2|region=islands|pre-monsoon|all,B3,single-model,115.6,insufficient sample,0,"region: n >= 300, dates >= 60, points >= 3"
B3|single-model|icon_global|precip_0830|L2|region=islands|pre-monsoon|all|T35.6,A3|single-model|icon_global|precip_0830|L2|region=islands|pre-monsoon|all,B3,single-model,35.6,insufficient sample,0,"region: n >= 300, dates >= 60, points >= 3"
B3|single-model|icon_global|precip_0830|L2|region=islands|pre-monsoon|all|T64.5,A3|single-model|icon_global|precip_0830|L2|region=islands|pre-monsoon|all,B3,single-model,64.5,insufficient sample,0,"region: n >= 300, dates >= 60, points >= 3"
B3|single-model|icon_global|precip_0830|L2|region=islands|winter|all|T115.6,A3|single-model|icon_global|precip_0830|L2|region=islands|winter|all,B3,single-model,115.6,insufficient sample,0,"region: n >= 300, dates >= 60, points >= 3"
B3|single-model|icon_global|precip_0830|L2|region=islands|winter|all|T35.6,A3|single-model|icon_global|precip_0830|L2|region=islands|winter|all,B3,single-model,35.6,insufficient sample,0,"region: n >= 300, dates >= 60, points >= 3"
B3|single-model|icon_global|precip_0830|L2|region=islands|winter|all|T64.5,A3|single-model|icon_global|precip_0830|L2|region=islands|winter|all,B3,single-model,64.5,insufficient sample,0,"region: n >= 300, dates >= 60, points >= 3"
B3|single-model|icon_global|precip_0830|L3|region=islands|all|all|T115.6,A3|single-model|icon_global|precip_0830|L3|region=islands|all|all,B3,single-model,115.6,insufficient sample,0,"region: n >= 300, dates >= 60, points >= 3"
B3|single-model|icon_global|precip_0830|L3|region=islands|all|all|T35.6,A3|single-model|icon_global|precip_0830|L3|region=islands|all|all,B3,single-model,35.6,insufficient sample,0,"region: n >= 300, dates >= 60, points >= 3"
B3|single-model|icon_global|precip_0830|L3|region=islands|all|all|T64.5,A3|single-model|icon_global|precip_0830|L3|region=islands|all|all,B3,single-model,64.5,insufficient sample,0,"region: n >= 300, dates >= 60, points >= 3"
B3|single-model|icon_global|precip_0830|L3|region=islands|monsoon|all|T115.6,A3|single-model|icon_global|precip_0830|L3|region=islands|monsoon|all,B3,single-model,115.6,insufficient sample,0,"region: n >= 300, dates >= 60, points >= 3"
B3|single-model|icon_global|precip_0830|L3|region=islands|monsoon|all|T35.6,A3|single-model|icon_global|precip_0830|L3|region=islands|monsoon|all,B3,single-model,35.6,insufficient sample,0,"region: n >= 300, dates >= 60, points >= 3"
B3|single-model|icon_global|precip_0830|L3|region=islands|monsoon|all|T64.5,A3|single-model|icon_global|precip_0830|L3|region=islands|monsoon|all,B3,single-model,64.5,insufficient sample,0,"region: n >= 300, dates >= 60, points >= 3"
B3|single-model|icon_global|precip_0830|L3|region=islands|post-monsoon|all|T115.6,A3|single-model|icon_global|precip_0830|L3|region=islands|post-monsoon|all,B3,single-model,115.6,insufficient sample,0,"region: n >= 300, dates >= 60, points >= 3"
B3|single-model|icon_global|precip_0830|L3|region=islands|post-monsoon|all|T35.6,A3|single-model|icon_global|precip_0830|L3|region=islands|post-monsoon|all,B3,single-model,35.6,insufficient sample,0,"region: n >= 300, dates >= 60, points >= 3"
B3|single-model|icon_global|precip_0830|L3|region=islands|post-monsoon|all|T64.5,A3|single-model|icon_global|precip_0830|L3|region=islands|post-monsoon|all,B3,single-model,64.5,insufficient sample,0,"region: n >= 300, dates >= 60, points >= 3"
B3|single-model|icon_global|precip_0830|L3|region=islands|pre-monsoon|all|T115.6,A3|single-model|icon_global|precip_0830|L3|region=islands|pre-monsoon|all,B3,single-model,115.6,insufficient sample,0,"region: n >= 300, dates >= 60, points >= 3"
B3|single-model|icon_global|precip_0830|L3|region=islands|pre-monsoon|all|T35.6,A3|single-model|icon_global|precip_0830|L3|region=islands|pre-monsoon|all,B3,single-model,35.6,insufficient sample,0,"region: n >= 300, dates >= 60, points >= 3"
B3|single-model|icon_global|precip_0830|L3|region=islands|pre-monsoon|all|T64.5,A3|single-model|icon_global|precip_0830|L3|region=islands|pre-monsoon|all,B3,single-model,64.5,insufficient sample,0,"region: n >= 300, dates >= 60, points >= 3"
B3|single-model|icon_global|precip_0830|L3|region=islands|winter|all|T115.6,A3|single-model|icon_global|precip_0830|L3|region=islands|winter|all,B3,single-model,115.6,insufficient sample,0,"region: n >= 300, dates >= 60, points >= 3"
B3|single-model|icon_global|precip_0830|L3|region=islands|winter|all|T35.6,A3|single-model|icon_global|precip_0830|L3|region=islands|winter|all,B3,single-model,35.6,insufficient sample,0,"region: n >= 300, dates >= 60, points >= 3"
B3|single-model|icon_global|precip_0830|L3|region=islands|winter|all|T64.5,A3|single-model|icon_global|precip_0830|L3|region=islands|winter|all,B3,single-model,64.5,insufficient sample,0,"region: n >= 300, dates >= 60, points >= 3"
B3|single-model|icon_global|precip_0830|L4|region=islands|all|all|T115.6,A3|single-model|icon_global|precip_0830|L4|region=islands|all|all,B3,single-model,115.6,insufficient sample,0,"region: n >= 300, dates >= 60, points >= 3"
B3|single-model|icon_global|precip_0830|L4|region=islands|all|all|T35.6,A3|single-model|icon_global|precip_0830|L4|region=islands|all|all,B3,single-model,35.6,insufficient sample,0,"region: n >= 300, dates >= 60, points >= 3"
B3|single-model|icon_global|precip_0830|L4|region=islands|all|all|T64.5,A3|single-model|icon_global|precip_0830|L4|region=islands|all|all,B3,single-model,64.5,insufficient sample,0,"region: n >= 300, dates >= 60, points >= 3"
B3|single-model|icon_global|precip_0830|L4|region=islands|monsoon|all|T115.6,A3|single-model|icon_global|precip_0830|L4|region=islands|monsoon|all,B3,single-model,115.6,insufficient sample,0,"region: n >= 300, dates >= 60, points >= 3"
B3|single-model|icon_global|precip_0830|L4|region=islands|monsoon|all|T35.6,A3|single-model|icon_global|precip_0830|L4|region=islands|monsoon|all,B3,single-model,35.6,insufficient sample,0,"region: n >= 300, dates >= 60, points >= 3"
B3|single-model|icon_global|precip_0830|L4|region=islands|monsoon|all|T64.5,A3|single-model|icon_global|precip_0830|L4|region=islands|monsoon|all,B3,single-model,64.5,insufficient sample,0,"region: n >= 300, dates >= 60, points >= 3"
B3|single-model|icon_global|precip_0830|L4|region=islands|post-monsoon|all|T115.6,A3|single-model|icon_global|precip_0830|L4|region=islands|post-monsoon|all,B3,single-model,115.6,insufficient sample,0,"region: n >= 300, dates >= 60, points >= 3"
B3|single-model|icon_global|precip_0830|L4|region=islands|post-monsoon|all|T35.6,A3|single-model|icon_global|precip_0830|L4|region=islands|post-monsoon|all,B3,single-model,35.6,insufficient sample,0,"region: n >= 300, dates >= 60, points >= 3"
B3|single-model|icon_global|precip_0830|L4|region=islands|post-monsoon|all|T64.5,A3|single-model|icon_global|precip_0830|L4|region=islands|post-monsoon|all,B3,single-model,64.5,insufficient sample,0,"region: n >= 300, dates >= 60, points >= 3"
B3|single-model|icon_global|precip_0830|L4|region=islands|pre-monsoon|all|T115.6,A3|single-model|icon_global|precip_0830|L4|region=islands|pre-monsoon|all,B3,single-model,115.6,insufficient sample,0,"region: n >= 300, dates >= 60, points >= 3"
B3|single-model|icon_global|precip_0830|L4|region=islands|pre-monsoon|all|T35.6,A3|single-model|icon_global|precip_0830|L4|region=islands|pre-monsoon|all,B3,single-model,35.6,insufficient sample,0,"region: n >= 300, dates >= 60, points >= 3"
B3|single-model|icon_global|precip_0830|L4|region=islands|pre-monsoon|all|T64.5,A3|single-model|icon_global|precip_0830|L4|region=islands|pre-monsoon|all,B3,single-model,64.5,insufficient sample,0,"region: n >= 300, dates >= 60, points >= 3"
B3|single-model|icon_global|precip_0830|L4|region=islands|winter|all|T115.6,A3|single-model|icon_global|precip_0830|L4|region=islands|winter|all,B3,single-model,115.6,insufficient sample,0,"region: n >= 300, dates >= 60, points >= 3"
B3|single-model|icon_global|precip_0830|L4|region=islands|winter|all|T35.6,A3|single-model|icon_global|precip_0830|L4|region=islands|winter|all,B3,single-model,35.6,insufficient sample,0,"region: n >= 300, dates >= 60, points >= 3"
B3|single-model|icon_global|precip_0830|L4|region=islands|winter|all|T64.5,A3|single-model|icon_global|precip_0830|L4|region=islands|winter|all,B3,single-model,64.5,insufficient sample,0,"region: n >= 300, dates >= 60, points >= 3"
B3|single-model|icon_global|precip_0830|L5|region=islands|all|all|T115.6,A3|single-model|icon_global|precip_0830|L5|region=islands|all|all,B3,single-model,115.6,insufficient sample,0,"region: n >= 300, dates >= 60, points >= 3"
B3|single-model|icon_global|precip_0830|L5|region=islands|all|all|T35.6,A3|single-model|icon_global|precip_0830|L5|region=islands|all|all,B3,single-model,35.6,insufficient sample,0,"region: n >= 300, dates >= 60, points >= 3"
B3|single-model|icon_global|precip_0830|L5|region=islands|all|all|T64.5,A3|single-model|icon_global|precip_0830|L5|region=islands|all|all,B3,single-model,64.5,insufficient sample,0,"region: n >= 300, dates >= 60, points >= 3"
B3|single-model|icon_global|precip_0830|L5|region=islands|monsoon|all|T115.6,A3|single-model|icon_global|precip_0830|L5|region=islands|monsoon|all,B3,single-model,115.6,insufficient sample,0,"region: n >= 300, dates >= 60, points >= 3"
B3|single-model|icon_global|precip_0830|L5|region=islands|monsoon|all|T35.6,A3|single-model|icon_global|precip_0830|L5|region=islands|monsoon|all,B3,single-model,35.6,insufficient sample,0,"region: n >= 300, dates >= 60, points >= 3"
B3|single-model|icon_global|precip_0830|L5|region=islands|monsoon|all|T64.5,A3|single-model|icon_global|precip_0830|L5|region=islands|monsoon|all,B3,single-model,64.5,insufficient sample,0,"region: n >= 300, dates >= 60, points >= 3"
B3|single-model|icon_global|precip_0830|L5|region=islands|post-monsoon|all|T115.6,A3|single-model|icon_global|precip_0830|L5|region=islands|post-monsoon|all,B3,single-model,115.6,insufficient sample,0,"region: n >= 300, dates >= 60, points >= 3"
B3|single-model|icon_global|precip_0830|L5|region=islands|post-monsoon|all|T35.6,A3|single-model|icon_global|precip_0830|L5|region=islands|post-monsoon|all,B3,single-model,35.6,insufficient sample,0,"region: n >= 300, dates >= 60, points >= 3"
B3|single-model|icon_global|precip_0830|L5|region=islands|post-monsoon|all|T64.5,A3|single-model|icon_global|precip_0830|L5|region=islands|post-monsoon|all,B3,single-model,64.5,insufficient sample,0,"region: n >= 300, dates >= 60, points >= 3"
B3|single-model|icon_global|precip_0830|L5|region=islands|pre-monsoon|all|T115.6,A3|single-model|icon_global|precip_0830|L5|region=islands|pre-monsoon|all,B3,single-model,115.6,insufficient sample,0,"region: n >= 300, dates >= 60, points >= 3"
B3|single-model|icon_global|precip_0830|L5|region=islands|pre-monsoon|all|T35.6,A3|single-model|icon_global|precip_0830|L5|region=islands|pre-monsoon|all,B3,single-model,35.6,insufficient sample,0,"region: n >= 300, dates >= 60, points >= 3"
B3|single-model|icon_global|precip_0830|L5|region=islands|pre-monsoon|all|T64.5,A3|single-model|icon_global|precip_0830|L5|region=islands|pre-monsoon|all,B3,single-model,64.5,insufficient sample,0,"region: n >= 300, dates >= 60, points >= 3"
B3|single-model|icon_global|precip_0830|L5|region=islands|winter|all|T115.6,A3|single-model|icon_global|precip_0830|L5|region=islands|winter|all,B3,single-model,115.6,insufficient sample,0,"region: n >= 300, dates >= 60, points >= 3"
B3|single-model|icon_global|precip_0830|L5|region=islands|winter|all|T35.6,A3|single-model|icon_global|precip_0830|L5|region=islands|winter|all,B3,single-model,35.6,insufficient sample,0,"region: n >= 300, dates >= 60, points >= 3"
B3|single-model|icon_global|precip_0830|L5|region=islands|winter|all|T64.5,A3|single-model|icon_global|precip_0830|L5|region=islands|winter|all,B3,single-model,64.5,insufficient sample,0,"region: n >= 300, dates >= 60, points >= 3"
B3|single-model|icon_global|precip_0830|L6|region=islands|all|all|T115.6,A3|single-model|icon_global|precip_0830|L6|region=islands|all|all,B3,single-model,115.6,insufficient sample,0,"region: n >= 300, dates >= 60, points >= 3"
B3|single-model|icon_global|precip_0830|L6|region=islands|all|all|T35.6,A3|single-model|icon_global|precip_0830|L6|region=islands|all|all,B3,single-model,35.6,insufficient sample,0,"region: n >= 300, dates >= 60, points >= 3"
B3|single-model|icon_global|precip_0830|L6|region=islands|all|all|T64.5,A3|single-model|icon_global|precip_0830|L6|region=islands|all|all,B3,single-model,64.5,insufficient sample,0,"region: n >= 300, dates >= 60, points >= 3"
B3|single-model|icon_global|precip_0830|L6|region=islands|monsoon|all|T115.6,A3|single-model|icon_global|precip_0830|L6|region=islands|monsoon|all,B3,single-model,115.6,insufficient sample,0,"region: n >= 300, dates >= 60, points >= 3"
B3|single-model|icon_global|precip_0830|L6|region=islands|monsoon|all|T35.6,A3|single-model|icon_global|precip_0830|L6|region=islands|monsoon|all,B3,single-model,35.6,insufficient sample,0,"region: n >= 300, dates >= 60, points >= 3"
B3|single-model|icon_global|precip_0830|L6|region=islands|monsoon|all|T64.5,A3|single-model|icon_global|precip_0830|L6|region=islands|monsoon|all,B3,single-model,64.5,insufficient sample,0,"region: n >= 300, dates >= 60, points >= 3"
B3|single-model|icon_global|precip_0830|L6|region=islands|post-monsoon|all|T115.6,A3|single-model|icon_global|precip_0830|L6|region=islands|post-monsoon|all,B3,single-model,115.6,insufficient sample,0,"region: n >= 300, dates >= 60, points >= 3"
B3|single-model|icon_global|precip_0830|L6|region=islands|post-monsoon|all|T35.6,A3|single-model|icon_global|precip_0830|L6|region=islands|post-monsoon|all,B3,single-model,35.6,insufficient sample,0,"region: n >= 300, dates >= 60, points >= 3"
B3|single-model|icon_global|precip_0830|L6|region=islands|post-monsoon|all|T64.5,A3|single-model|icon_global|precip_0830|L6|region=islands|post-monsoon|all,B3,single-model,64.5,insufficient sample,0,"region: n >= 300, dates >= 60, points >= 3"
B3|single-model|icon_global|precip_0830|L6|region=islands|pre-monsoon|all|T115.6,A3|single-model|icon_global|precip_0830|L6|region=islands|pre-monsoon|all,B3,single-model,115.6,insufficient sample,0,"region: n >= 300, dates >= 60, points >= 3"
B3|single-model|icon_global|precip_0830|L6|region=islands|pre-monsoon|all|T35.6,A3|single-model|icon_global|precip_0830|L6|region=islands|pre-monsoon|all,B3,single-model,35.6,insufficient sample,0,"region: n >= 300, dates >= 60, points >= 3"
B3|single-model|icon_global|precip_0830|L6|region=islands|pre-monsoon|all|T64.5,A3|single-model|icon_global|precip_0830|L6|region=islands|pre-monsoon|all,B3,single-model,64.5,insufficient sample,0,"region: n >= 300, dates >= 60, points >= 3"
B3|single-model|icon_global|precip_0830|L6|region=islands|winter|all|T115.6,A3|single-model|icon_global|precip_0830|L6|region=islands|winter|all,B3,single-model,115.6,insufficient sample,0,"region: n >= 300, dates >= 60, points >= 3"
B3|single-model|icon_global|precip_0830|L6|region=islands|winter|all|T35.6,A3|single-model|icon_global|precip_0830|L6|region=islands|winter|all,B3,single-model,35.6,insufficient sample,0,"region: n >= 300, dates >= 60, points >= 3"
B3|single-model|icon_global|precip_0830|L6|region=islands|winter|all|T64.5,A3|single-model|icon_global|precip_0830|L6|region=islands|winter|all,B3,single-model,64.5,insufficient sample,0,"region: n >= 300, dates >= 60, points >= 3"
B3|single-model|icon_global|precip_0830|L7|high_altitude=<1000m|all|all|T115.6,A3|single-model|icon_global|precip_0830|L7|high_altitude=<1000m|all|all,B3,single-model,115.6,insufficient sample,0,"high_altitude: n >= 300, dates >= 60, points >= 3"
B3|single-model|icon_global|precip_0830|L7|high_altitude=<1000m|all|all|T35.6,A3|single-model|icon_global|precip_0830|L7|high_altitude=<1000m|all|all,B3,single-model,35.6,insufficient sample,0,"high_altitude: n >= 300, dates >= 60, points >= 3"
B3|single-model|icon_global|precip_0830|L7|high_altitude=<1000m|all|all|T64.5,A3|single-model|icon_global|precip_0830|L7|high_altitude=<1000m|all|all,B3,single-model,64.5,insufficient sample,0,"high_altitude: n >= 300, dates >= 60, points >= 3"
B3|single-model|icon_global|precip_0830|L7|high_altitude=<1000m|monsoon|all|T115.6,A3|single-model|icon_global|precip_0830|L7|high_altitude=<1000m|monsoon|all,B3,single-model,115.6,insufficient sample,0,"high_altitude: n >= 300, dates >= 60, points >= 3"
B3|single-model|icon_global|precip_0830|L7|high_altitude=<1000m|monsoon|all|T35.6,A3|single-model|icon_global|precip_0830|L7|high_altitude=<1000m|monsoon|all,B3,single-model,35.6,insufficient sample,0,"high_altitude: n >= 300, dates >= 60, points >= 3"
B3|single-model|icon_global|precip_0830|L7|high_altitude=<1000m|monsoon|all|T64.5,A3|single-model|icon_global|precip_0830|L7|high_altitude=<1000m|monsoon|all,B3,single-model,64.5,insufficient sample,0,"high_altitude: n >= 300, dates >= 60, points >= 3"
B3|single-model|icon_global|precip_0830|L7|high_altitude=<1000m|post-monsoon|all|T115.6,A3|single-model|icon_global|precip_0830|L7|high_altitude=<1000m|post-monsoon|all,B3,single-model,115.6,insufficient sample,0,"high_altitude: n >= 300, dates >= 60, points >= 3"
B3|single-model|icon_global|precip_0830|L7|high_altitude=<1000m|post-monsoon|all|T35.6,A3|single-model|icon_global|precip_0830|L7|high_altitude=<1000m|post-monsoon|all,B3,single-model,35.6,insufficient sample,0,"high_altitude: n >= 300, dates >= 60, points >= 3"
B3|single-model|icon_global|precip_0830|L7|high_altitude=<1000m|post-monsoon|all|T64.5,A3|single-model|icon_global|precip_0830|L7|high_altitude=<1000m|post-monsoon|all,B3,single-model,64.5,insufficient sample,0,"high_altitude: n >= 300, dates >= 60, points >= 3"
B3|single-model|icon_global|precip_0830|L7|high_altitude=<1000m|pre-monsoon|all|T115.6,A3|single-model|icon_global|precip_0830|L7|high_altitude=<1000m|pre-monsoon|all,B3,single-model,115.6,insufficient sample,0,"high_altitude: n >= 300, dates >= 60, points >= 3"
B3|single-model|icon_global|precip_0830|L7|high_altitude=<1000m|pre-monsoon|all|T35.6,A3|single-model|icon_global|precip_0830|L7|high_altitude=<1000m|pre-monsoon|all,B3,single-model,35.6,insufficient sample,0,"high_altitude: n >= 300, dates >= 60, points >= 3"
B3|single-model|icon_global|precip_0830|L7|high_altitude=<1000m|pre-monsoon|all|T64.5,A3|single-model|icon_global|precip_0830|L7|high_altitude=<1000m|pre-monsoon|all,B3,single-model,64.5,insufficient sample,0,"high_altitude: n >= 300, dates >= 60, points >= 3"
B3|single-model|icon_global|precip_0830|L7|high_altitude=<1000m|winter|all|T115.6,A3|single-model|icon_global|precip_0830|L7|high_altitude=<1000m|winter|all,B3,single-model,115.6,insufficient sample,0,"high_altitude: n >= 300, dates >= 60, points >= 3"
B3|single-model|icon_global|precip_0830|L7|high_altitude=<1000m|winter|all|T35.6,A3|single-model|icon_global|precip_0830|L7|high_altitude=<1000m|winter|all,B3,single-model,35.6,insufficient sample,0,"high_altitude: n >= 300, dates >= 60, points >= 3"
B3|single-model|icon_global|precip_0830|L7|high_altitude=<1000m|winter|all|T64.5,A3|single-model|icon_global|precip_0830|L7|high_altitude=<1000m|winter|all,B3,single-model,64.5,insufficient sample,0,"high_altitude: n >= 300, dates >= 60, points >= 3"
B3|single-model|icon_global|precip_0830|L7|high_altitude=>=1000m|all|all|T115.6,A3|single-model|icon_global|precip_0830|L7|high_altitude=>=1000m|all|all,B3,single-model,115.6,insufficient sample,0,"high_altitude: n >= 300, dates >= 60, points >= 3"
B3|single-model|icon_global|precip_0830|L7|high_altitude=>=1000m|all|all|T35.6,A3|single-model|icon_global|precip_0830|L7|high_altitude=>=1000m|all|all,B3,single-model,35.6,insufficient sample,0,"high_altitude: n >= 300, dates >= 60, points >= 3"
B3|single-model|icon_global|precip_0830|L7|high_altitude=>=1000m|all|all|T64.5,A3|single-model|icon_global|precip_0830|L7|high_altitude=>=1000m|all|all,B3,single-model,64.5,insufficient sample,0,"high_altitude: n >= 300, dates >= 60, points >= 3"
B3|single-model|icon_global|precip_0830|L7|high_altitude=>=1000m|monsoon|all|T115.6,A3|single-model|icon_global|precip_0830|L7|high_altitude=>=1000m|monsoon|all,B3,single-model,115.6,insufficient sample,0,"high_altitude: n >= 300, dates >= 60, points >= 3"
B3|single-model|icon_global|precip_0830|L7|high_altitude=>=1000m|monsoon|all|T35.6,A3|single-model|icon_global|precip_0830|L7|high_altitude=>=1000m|monsoon|all,B3,single-model,35.6,insufficient sample,0,"high_altitude: n >= 300, dates >= 60, points >= 3"
B3|single-model|icon_global|precip_0830|L7|high_altitude=>=1000m|monsoon|all|T64.5,A3|single-model|icon_global|precip_0830|L7|high_altitude=>=1000m|monsoon|all,B3,single-model,64.5,insufficient sample,0,"high_altitude: n >= 300, dates >= 60, points >= 3"
B3|single-model|icon_global|precip_0830|L7|high_altitude=>=1000m|post-monsoon|all|T115.6,A3|single-model|icon_global|precip_0830|L7|high_altitude=>=1000m|post-monsoon|all,B3,single-model,115.6,insufficient sample,0,"high_altitude: n >= 300, dates >= 60, points >= 3"
B3|single-model|icon_global|precip_0830|L7|high_altitude=>=1000m|post-monsoon|all|T35.6,A3|single-model|icon_global|precip_0830|L7|high_altitude=>=1000m|post-monsoon|all,B3,single-model,35.6,insufficient sample,0,"high_altitude: n >= 300, dates >= 60, points >= 3"
B3|single-model|icon_global|precip_0830|L7|high_altitude=>=1000m|post-monsoon|all|T64.5,A3|single-model|icon_global|precip_0830|L7|high_altitude=>=1000m|post-monsoon|all,B3,single-model,64.5,insufficient sample,0,"high_altitude: n >= 300, dates >= 60, points >= 3"
B3|single-model|icon_global|precip_0830|L7|high_altitude=>=1000m|pre-monsoon|all|T115.6,A3|single-model|icon_global|precip_0830|L7|high_altitude=>=1000m|pre-monsoon|all,B3,single-model,115.6,insufficient sample,0,"high_altitude: n >= 300, dates >= 60, points >= 3"
B3|single-model|icon_global|precip_0830|L7|high_altitude=>=1000m|pre-monsoon|all|T35.6,A3|single-model|icon_global|precip_0830|L7|high_altitude=>=1000m|pre-monsoon|all,B3,single-model,35.6,insufficient sample,0,"high_altitude: n >= 300, dates >= 60, points >= 3"
B3|single-model|icon_global|precip_0830|L7|high_altitude=>=1000m|pre-monsoon|all|T64.5,A3|single-model|icon_global|precip_0830|L7|high_altitude=>=1000m|pre-monsoon|all,B3,single-model,64.5,insufficient sample,0,"high_altitude: n >= 300, dates >= 60, points >= 3"
B3|single-model|icon_global|precip_0830|L7|high_altitude=>=1000m|winter|all|T115.6,A3|single-model|icon_global|precip_0830|L7|high_altitude=>=1000m|winter|all,B3,single-model,115.6,insufficient sample,0,"high_altitude: n >= 300, dates >= 60, points >= 3"
B3|single-model|icon_global|precip_0830|L7|high_altitude=>=1000m|winter|all|T35.6,A3|single-model|icon_global|precip_0830|L7|high_altitude=>=1000m|winter|all,B3,single-model,35.6,insufficient sample,0,"high_altitude: n >= 300, dates >= 60, points >= 3"
B3|single-model|icon_global|precip_0830|L7|high_altitude=>=1000m|winter|all|T64.5,A3|single-model|icon_global|precip_0830|L7|high_altitude=>=1000m|winter|all,B3,single-model,64.5,insufficient sample,0,"high_altitude: n >= 300, dates >= 60, points >= 3"
B3|single-model|icon_global|precip_0830|L7|pooled=all-points|all|all|T115.6,A3|single-model|icon_global|precip_0830|L7|pooled=all-points|all|all,B3,single-model,115.6,insufficient sample,0,"pooled: n >= 300, dates >= 60, points >= 10"
B3|single-model|icon_global|precip_0830|L7|pooled=all-points|all|all|T35.6,A3|single-model|icon_global|precip_0830|L7|pooled=all-points|all|all,B3,single-model,35.6,insufficient sample,0,"pooled: n >= 300, dates >= 60, points >= 10"
B3|single-model|icon_global|precip_0830|L7|pooled=all-points|all|all|T64.5,A3|single-model|icon_global|precip_0830|L7|pooled=all-points|all|all,B3,single-model,64.5,insufficient sample,0,"pooled: n >= 300, dates >= 60, points >= 10"
B3|single-model|icon_global|precip_0830|L7|pooled=all-points|monsoon|all|T115.6,A3|single-model|icon_global|precip_0830|L7|pooled=all-points|monsoon|all,B3,single-model,115.6,insufficient sample,0,"season: n >= 300, dates >= 60, points >= 10"
B3|single-model|icon_global|precip_0830|L7|pooled=all-points|monsoon|all|T35.6,A3|single-model|icon_global|precip_0830|L7|pooled=all-points|monsoon|all,B3,single-model,35.6,insufficient sample,0,"season: n >= 300, dates >= 60, points >= 10"
B3|single-model|icon_global|precip_0830|L7|pooled=all-points|monsoon|all|T64.5,A3|single-model|icon_global|precip_0830|L7|pooled=all-points|monsoon|all,B3,single-model,64.5,insufficient sample,0,"season: n >= 300, dates >= 60, points >= 10"
B3|single-model|icon_global|precip_0830|L7|pooled=all-points|post-monsoon|all|T115.6,A3|single-model|icon_global|precip_0830|L7|pooled=all-points|post-monsoon|all,B3,single-model,115.6,insufficient sample,0,"season: n >= 300, dates >= 60, points >= 10"
B3|single-model|icon_global|precip_0830|L7|pooled=all-points|post-monsoon|all|T35.6,A3|single-model|icon_global|precip_0830|L7|pooled=all-points|post-monsoon|all,B3,single-model,35.6,insufficient sample,0,"season: n >= 300, dates >= 60, points >= 10"
B3|single-model|icon_global|precip_0830|L7|pooled=all-points|post-monsoon|all|T64.5,A3|single-model|icon_global|precip_0830|L7|pooled=all-points|post-monsoon|all,B3,single-model,64.5,insufficient sample,0,"season: n >= 300, dates >= 60, points >= 10"
B3|single-model|icon_global|precip_0830|L7|pooled=all-points|pre-monsoon|all|T115.6,A3|single-model|icon_global|precip_0830|L7|pooled=all-points|pre-monsoon|all,B3,single-model,115.6,insufficient sample,0,"season: n >= 300, dates >= 60, points >= 10"
B3|single-model|icon_global|precip_0830|L7|pooled=all-points|pre-monsoon|all|T35.6,A3|single-model|icon_global|precip_0830|L7|pooled=all-points|pre-monsoon|all,B3,single-model,35.6,insufficient sample,0,"season: n >= 300, dates >= 60, points >= 10"
B3|single-model|icon_global|precip_0830|L7|pooled=all-points|pre-monsoon|all|T64.5,A3|single-model|icon_global|precip_0830|L7|pooled=all-points|pre-monsoon|all,B3,single-model,64.5,insufficient sample,0,"season: n >= 300, dates >= 60, points >= 10"
B3|single-model|icon_global|precip_0830|L7|pooled=all-points|winter|all|T115.6,A3|single-model|icon_global|precip_0830|L7|pooled=all-points|winter|all,B3,single-model,115.6,insufficient sample,0,"season: n >= 300, dates >= 60, points >= 10"
B3|single-model|icon_global|precip_0830|L7|pooled=all-points|winter|all|T35.6,A3|single-model|icon_global|precip_0830|L7|pooled=all-points|winter|all,B3,single-model,35.6,insufficient sample,0,"season: n >= 300, dates >= 60, points >= 10"
B3|single-model|icon_global|precip_0830|L7|pooled=all-points|winter|all|T64.5,A3|single-model|icon_global|precip_0830|L7|pooled=all-points|winter|all,B3,single-model,64.5,insufficient sample,0,"season: n >= 300, dates >= 60, points >= 10"
B3|single-model|icon_global|precip_0830|L7|region=central|all|all|T115.6,A3|single-model|icon_global|precip_0830|L7|region=central|all|all,B3,single-model,115.6,insufficient sample,0,"region: n >= 300, dates >= 60, points >= 3"
B3|single-model|icon_global|precip_0830|L7|region=central|all|all|T35.6,A3|single-model|icon_global|precip_0830|L7|region=central|all|all,B3,single-model,35.6,insufficient sample,0,"region: n >= 300, dates >= 60, points >= 3"
B3|single-model|icon_global|precip_0830|L7|region=central|all|all|T64.5,A3|single-model|icon_global|precip_0830|L7|region=central|all|all,B3,single-model,64.5,insufficient sample,0,"region: n >= 300, dates >= 60, points >= 3"
B3|single-model|icon_global|precip_0830|L7|region=central|monsoon|all|T115.6,A3|single-model|icon_global|precip_0830|L7|region=central|monsoon|all,B3,single-model,115.6,insufficient sample,0,"region: n >= 300, dates >= 60, points >= 3"
B3|single-model|icon_global|precip_0830|L7|region=central|monsoon|all|T35.6,A3|single-model|icon_global|precip_0830|L7|region=central|monsoon|all,B3,single-model,35.6,insufficient sample,0,"region: n >= 300, dates >= 60, points >= 3"
B3|single-model|icon_global|precip_0830|L7|region=central|monsoon|all|T64.5,A3|single-model|icon_global|precip_0830|L7|region=central|monsoon|all,B3,single-model,64.5,insufficient sample,0,"region: n >= 300, dates >= 60, points >= 3"
B3|single-model|icon_global|precip_0830|L7|region=central|post-monsoon|all|T115.6,A3|single-model|icon_global|precip_0830|L7|region=central|post-monsoon|all,B3,single-model,115.6,insufficient sample,0,"region: n >= 300, dates >= 60, points >= 3"
B3|single-model|icon_global|precip_0830|L7|region=central|post-monsoon|all|T35.6,A3|single-model|icon_global|precip_0830|L7|region=central|post-monsoon|all,B3,single-model,35.6,insufficient sample,0,"region: n >= 300, dates >= 60, points >= 3"
B3|single-model|icon_global|precip_0830|L7|region=central|post-monsoon|all|T64.5,A3|single-model|icon_global|precip_0830|L7|region=central|post-monsoon|all,B3,single-model,64.5,insufficient sample,0,"region: n >= 300, dates >= 60, points >= 3"
B3|single-model|icon_global|precip_0830|L7|region=central|pre-monsoon|all|T115.6,A3|single-model|icon_global|precip_0830|L7|region=central|pre-monsoon|all,B3,single-model,115.6,insufficient sample,0,"region: n >= 300, dates >= 60, points >= 3"
B3|single-model|icon_global|precip_0830|L7|region=central|pre-monsoon|all|T35.6,A3|single-model|icon_global|precip_0830|L7|region=central|pre-monsoon|all,B3,single-model,35.6,insufficient sample,0,"region: n >= 300, dates >= 60, points >= 3"
B3|single-model|icon_global|precip_0830|L7|region=central|pre-monsoon|all|T64.5,A3|single-model|icon_global|precip_0830|L7|region=central|pre-monsoon|all,B3,single-model,64.5,insufficient sample,0,"region: n >= 300, dates >= 60, points >= 3"
B3|single-model|icon_global|precip_0830|L7|region=central|winter|all|T115.6,A3|single-model|icon_global|precip_0830|L7|region=central|winter|all,B3,single-model,115.6,insufficient sample,0,"region: n >= 300, dates >= 60, points >= 3"
B3|single-model|icon_global|precip_0830|L7|region=central|winter|all|T35.6,A3|single-model|icon_global|precip_0830|L7|region=central|winter|all,B3,single-model,35.6,insufficient sample,0,"region: n >= 300, dates >= 60, points >= 3"
B3|single-model|icon_global|precip_0830|L7|region=central|winter|all|T64.5,A3|single-model|icon_global|precip_0830|L7|region=central|winter|all,B3,single-model,64.5,insufficient sample,0,"region: n >= 300, dates >= 60, points >= 3"
B3|single-model|icon_global|precip_0830|L7|region=east-north-east|all|all|T115.6,A3|single-model|icon_global|precip_0830|L7|region=east-north-east|all|all,B3,single-model,115.6,insufficient sample,0,"region: n >= 300, dates >= 60, points >= 3"
B3|single-model|icon_global|precip_0830|L7|region=east-north-east|all|all|T35.6,A3|single-model|icon_global|precip_0830|L7|region=east-north-east|all|all,B3,single-model,35.6,insufficient sample,0,"region: n >= 300, dates >= 60, points >= 3"
B3|single-model|icon_global|precip_0830|L7|region=east-north-east|all|all|T64.5,A3|single-model|icon_global|precip_0830|L7|region=east-north-east|all|all,B3,single-model,64.5,insufficient sample,0,"region: n >= 300, dates >= 60, points >= 3"
B3|single-model|icon_global|precip_0830|L7|region=east-north-east|monsoon|all|T115.6,A3|single-model|icon_global|precip_0830|L7|region=east-north-east|monsoon|all,B3,single-model,115.6,insufficient sample,0,"region: n >= 300, dates >= 60, points >= 3"
B3|single-model|icon_global|precip_0830|L7|region=east-north-east|monsoon|all|T35.6,A3|single-model|icon_global|precip_0830|L7|region=east-north-east|monsoon|all,B3,single-model,35.6,insufficient sample,0,"region: n >= 300, dates >= 60, points >= 3"
B3|single-model|icon_global|precip_0830|L7|region=east-north-east|monsoon|all|T64.5,A3|single-model|icon_global|precip_0830|L7|region=east-north-east|monsoon|all,B3,single-model,64.5,insufficient sample,0,"region: n >= 300, dates >= 60, points >= 3"
B3|single-model|icon_global|precip_0830|L7|region=east-north-east|post-monsoon|all|T115.6,A3|single-model|icon_global|precip_0830|L7|region=east-north-east|post-monsoon|all,B3,single-model,115.6,insufficient sample,0,"region: n >= 300, dates >= 60, points >= 3"
B3|single-model|icon_global|precip_0830|L7|region=east-north-east|post-monsoon|all|T35.6,A3|single-model|icon_global|precip_0830|L7|region=east-north-east|post-monsoon|all,B3,single-model,35.6,insufficient sample,0,"region: n >= 300, dates >= 60, points >= 3"
B3|single-model|icon_global|precip_0830|L7|region=east-north-east|post-monsoon|all|T64.5,A3|single-model|icon_global|precip_0830|L7|region=east-north-east|post-monsoon|all,B3,single-model,64.5,insufficient sample,0,"region: n >= 300, dates >= 60, points >= 3"
B3|single-model|icon_global|precip_0830|L7|region=east-north-east|pre-monsoon|all|T115.6,A3|single-model|icon_global|precip_0830|L7|region=east-north-east|pre-monsoon|all,B3,single-model,115.6,insufficient sample,0,"region: n >= 300, dates >= 60, points >= 3"
B3|single-model|icon_global|precip_0830|L7|region=east-north-east|pre-monsoon|all|T35.6,A3|single-model|icon_global|precip_0830|L7|region=east-north-east|pre-monsoon|all,B3,single-model,35.6,insufficient sample,0,"region: n >= 300, dates >= 60, points >= 3"
B3|single-model|icon_global|precip_0830|L7|region=east-north-east|pre-monsoon|all|T64.5,A3|single-model|icon_global|precip_0830|L7|region=east-north-east|pre-monsoon|all,B3,single-model,64.5,insufficient sample,0,"region: n >= 300, dates >= 60, points >= 3"
B3|single-model|icon_global|precip_0830|L7|region=east-north-east|winter|all|T115.6,A3|single-model|icon_global|precip_0830|L7|region=east-north-east|winter|all,B3,single-model,115.6,insufficient sample,0,"region: n >= 300, dates >= 60, points >= 3"
B3|single-model|icon_global|precip_0830|L7|region=east-north-east|winter|all|T35.6,A3|single-model|icon_global|precip_0830|L7|region=east-north-east|winter|all,B3,single-model,35.6,insufficient sample,0,"region: n >= 300, dates >= 60, points >= 3"
B3|single-model|icon_global|precip_0830|L7|region=east-north-east|winter|all|T64.5,A3|single-model|icon_global|precip_0830|L7|region=east-north-east|winter|all,B3,single-model,64.5,insufficient sample,0,"region: n >= 300, dates >= 60, points >= 3"
B3|single-model|icon_global|precip_0830|L7|region=islands|all|all|T115.6,A3|single-model|icon_global|precip_0830|L7|region=islands|all|all,B3,single-model,115.6,insufficient sample,0,"region: n >= 300, dates >= 60, points >= 3"
B3|single-model|icon_global|precip_0830|L7|region=islands|all|all|T35.6,A3|single-model|icon_global|precip_0830|L7|region=islands|all|all,B3,single-model,35.6,insufficient sample,0,"region: n >= 300, dates >= 60, points >= 3"
B3|single-model|icon_global|precip_0830|L7|region=islands|all|all|T64.5,A3|single-model|icon_global|precip_0830|L7|region=islands|all|all,B3,single-model,64.5,insufficient sample,0,"region: n >= 300, dates >= 60, points >= 3"
B3|single-model|icon_global|precip_0830|L7|region=islands|monsoon|all|T115.6,A3|single-model|icon_global|precip_0830|L7|region=islands|monsoon|all,B3,single-model,115.6,insufficient sample,0,"region: n >= 300, dates >= 60, points >= 3"
B3|single-model|icon_global|precip_0830|L7|region=islands|monsoon|all|T35.6,A3|single-model|icon_global|precip_0830|L7|region=islands|monsoon|all,B3,single-model,35.6,insufficient sample,0,"region: n >= 300, dates >= 60, points >= 3"
B3|single-model|icon_global|precip_0830|L7|region=islands|monsoon|all|T64.5,A3|single-model|icon_global|precip_0830|L7|region=islands|monsoon|all,B3,single-model,64.5,insufficient sample,0,"region: n >= 300, dates >= 60, points >= 3"
B3|single-model|icon_global|precip_0830|L7|region=islands|post-monsoon|all|T115.6,A3|single-model|icon_global|precip_0830|L7|region=islands|post-monsoon|all,B3,single-model,115.6,insufficient sample,0,"region: n >= 300, dates >= 60, points >= 3"
B3|single-model|icon_global|precip_0830|L7|region=islands|post-monsoon|all|T35.6,A3|single-model|icon_global|precip_0830|L7|region=islands|post-monsoon|all,B3,single-model,35.6,insufficient sample,0,"region: n >= 300, dates >= 60, points >= 3"
B3|single-model|icon_global|precip_0830|L7|region=islands|post-monsoon|all|T64.5,A3|single-model|icon_global|precip_0830|L7|region=islands|post-monsoon|all,B3,single-model,64.5,insufficient sample,0,"region: n >= 300, dates >= 60, points >= 3"
B3|single-model|icon_global|precip_0830|L7|region=islands|pre-monsoon|all|T115.6,A3|single-model|icon_global|precip_0830|L7|region=islands|pre-monsoon|all,B3,single-model,115.6,insufficient sample,0,"region: n >= 300, dates >= 60, points >= 3"
B3|single-model|icon_global|precip_0830|L7|region=islands|pre-monsoon|all|T35.6,A3|single-model|icon_global|precip_0830|L7|region=islands|pre-monsoon|all,B3,single-model,35.6,insufficient sample,0,"region: n >= 300, dates >= 60, points >= 3"
B3|single-model|icon_global|precip_0830|L7|region=islands|pre-monsoon|all|T64.5,A3|single-model|icon_global|precip_0830|L7|region=islands|pre-monsoon|all,B3,single-model,64.5,insufficient sample,0,"region: n >= 300, dates >= 60, points >= 3"
B3|single-model|icon_global|precip_0830|L7|region=islands|winter|all|T115.6,A3|single-model|icon_global|precip_0830|L7|region=islands|winter|all,B3,single-model,115.6,insufficient sample,0,"region: n >= 300, dates >= 60, points >= 3"
B3|single-model|icon_global|precip_0830|L7|region=islands|winter|all|T35.6,A3|single-model|icon_global|precip_0830|L7|region=islands|winter|all,B3,single-model,35.6,insufficient sample,0,"region: n >= 300, dates >= 60, points >= 3"
B3|single-model|icon_global|precip_0830|L7|region=islands|winter|all|T64.5,A3|single-model|icon_global|precip_0830|L7|region=islands|winter|all,B3,single-model,64.5,insufficient sample,0,"region: n >= 300, dates >= 60, points >= 3"
B3|single-model|icon_global|precip_0830|L7|region=north-west|all|all|T115.6,A3|single-model|icon_global|precip_0830|L7|region=north-west|all|all,B3,single-model,115.6,insufficient sample,0,"region: n >= 300, dates >= 60, points >= 3"
B3|single-model|icon_global|precip_0830|L7|region=north-west|all|all|T35.6,A3|single-model|icon_global|precip_0830|L7|region=north-west|all|all,B3,single-model,35.6,insufficient sample,0,"region: n >= 300, dates >= 60, points >= 3"
B3|single-model|icon_global|precip_0830|L7|region=north-west|all|all|T64.5,A3|single-model|icon_global|precip_0830|L7|region=north-west|all|all,B3,single-model,64.5,insufficient sample,0,"region: n >= 300, dates >= 60, points >= 3"
B3|single-model|icon_global|precip_0830|L7|region=north-west|monsoon|all|T115.6,A3|single-model|icon_global|precip_0830|L7|region=north-west|monsoon|all,B3,single-model,115.6,insufficient sample,0,"region: n >= 300, dates >= 60, points >= 3"
B3|single-model|icon_global|precip_0830|L7|region=north-west|monsoon|all|T35.6,A3|single-model|icon_global|precip_0830|L7|region=north-west|monsoon|all,B3,single-model,35.6,insufficient sample,0,"region: n >= 300, dates >= 60, points >= 3"
B3|single-model|icon_global|precip_0830|L7|region=north-west|monsoon|all|T64.5,A3|single-model|icon_global|precip_0830|L7|region=north-west|monsoon|all,B3,single-model,64.5,insufficient sample,0,"region: n >= 300, dates >= 60, points >= 3"
B3|single-model|icon_global|precip_0830|L7|region=north-west|post-monsoon|all|T115.6,A3|single-model|icon_global|precip_0830|L7|region=north-west|post-monsoon|all,B3,single-model,115.6,insufficient sample,0,"region: n >= 300, dates >= 60, points >= 3"
B3|single-model|icon_global|precip_0830|L7|region=north-west|post-monsoon|all|T35.6,A3|single-model|icon_global|precip_0830|L7|region=north-west|post-monsoon|all,B3,single-model,35.6,insufficient sample,0,"region: n >= 300, dates >= 60, points >= 3"
B3|single-model|icon_global|precip_0830|L7|region=north-west|post-monsoon|all|T64.5,A3|single-model|icon_global|precip_0830|L7|region=north-west|post-monsoon|all,B3,single-model,64.5,insufficient sample,0,"region: n >= 300, dates >= 60, points >= 3"
B3|single-model|icon_global|precip_0830|L7|region=north-west|pre-monsoon|all|T115.6,A3|single-model|icon_global|precip_0830|L7|region=north-west|pre-monsoon|all,B3,single-model,115.6,insufficient sample,0,"region: n >= 300, dates >= 60, points >= 3"
B3|single-model|icon_global|precip_0830|L7|region=north-west|pre-monsoon|all|T35.6,A3|single-model|icon_global|precip_0830|L7|region=north-west|pre-monsoon|all,B3,single-model,35.6,insufficient sample,0,"region: n >= 300, dates >= 60, points >= 3"
B3|single-model|icon_global|precip_0830|L7|region=north-west|pre-monsoon|all|T64.5,A3|single-model|icon_global|precip_0830|L7|region=north-west|pre-monsoon|all,B3,single-model,64.5,insufficient sample,0,"region: n >= 300, dates >= 60, points >= 3"
B3|single-model|icon_global|precip_0830|L7|region=north-west|winter|all|T115.6,A3|single-model|icon_global|precip_0830|L7|region=north-west|winter|all,B3,single-model,115.6,insufficient sample,0,"region: n >= 300, dates >= 60, points >= 3"
B3|single-model|icon_global|precip_0830|L7|region=north-west|winter|all|T35.6,A3|single-model|icon_global|precip_0830|L7|region=north-west|winter|all,B3,single-model,35.6,insufficient sample,0,"region: n >= 300, dates >= 60, points >= 3"
B3|single-model|icon_global|precip_0830|L7|region=north-west|winter|all|T64.5,A3|single-model|icon_global|precip_0830|L7|region=north-west|winter|all,B3,single-model,64.5,insufficient sample,0,"region: n >= 300, dates >= 60, points >= 3"
B3|single-model|icon_global|precip_0830|L7|region=south-peninsula|all|all|T115.6,A3|single-model|icon_global|precip_0830|L7|region=south-peninsula|all|all,B3,single-model,115.6,insufficient sample,0,"region: n >= 300, dates >= 60, points >= 3"
B3|single-model|icon_global|precip_0830|L7|region=south-peninsula|all|all|T35.6,A3|single-model|icon_global|precip_0830|L7|region=south-peninsula|all|all,B3,single-model,35.6,insufficient sample,0,"region: n >= 300, dates >= 60, points >= 3"
B3|single-model|icon_global|precip_0830|L7|region=south-peninsula|all|all|T64.5,A3|single-model|icon_global|precip_0830|L7|region=south-peninsula|all|all,B3,single-model,64.5,insufficient sample,0,"region: n >= 300, dates >= 60, points >= 3"
B3|single-model|icon_global|precip_0830|L7|region=south-peninsula|monsoon|all|T115.6,A3|single-model|icon_global|precip_0830|L7|region=south-peninsula|monsoon|all,B3,single-model,115.6,insufficient sample,0,"region: n >= 300, dates >= 60, points >= 3"
B3|single-model|icon_global|precip_0830|L7|region=south-peninsula|monsoon|all|T35.6,A3|single-model|icon_global|precip_0830|L7|region=south-peninsula|monsoon|all,B3,single-model,35.6,insufficient sample,0,"region: n >= 300, dates >= 60, points >= 3"
B3|single-model|icon_global|precip_0830|L7|region=south-peninsula|monsoon|all|T64.5,A3|single-model|icon_global|precip_0830|L7|region=south-peninsula|monsoon|all,B3,single-model,64.5,insufficient sample,0,"region: n >= 300, dates >= 60, points >= 3"
B3|single-model|icon_global|precip_0830|L7|region=south-peninsula|post-monsoon|all|T115.6,A3|single-model|icon_global|precip_0830|L7|region=south-peninsula|post-monsoon|all,B3,single-model,115.6,insufficient sample,0,"region: n >= 300, dates >= 60, points >= 3"
B3|single-model|icon_global|precip_0830|L7|region=south-peninsula|post-monsoon|all|T35.6,A3|single-model|icon_global|precip_0830|L7|region=south-peninsula|post-monsoon|all,B3,single-model,35.6,insufficient sample,0,"region: n >= 300, dates >= 60, points >= 3"
B3|single-model|icon_global|precip_0830|L7|region=south-peninsula|post-monsoon|all|T64.5,A3|single-model|icon_global|precip_0830|L7|region=south-peninsula|post-monsoon|all,B3,single-model,64.5,insufficient sample,0,"region: n >= 300, dates >= 60, points >= 3"
B3|single-model|icon_global|precip_0830|L7|region=south-peninsula|pre-monsoon|all|T115.6,A3|single-model|icon_global|precip_0830|L7|region=south-peninsula|pre-monsoon|all,B3,single-model,115.6,insufficient sample,0,"region: n >= 300, dates >= 60, points >= 3"
B3|single-model|icon_global|precip_0830|L7|region=south-peninsula|pre-monsoon|all|T35.6,A3|single-model|icon_global|precip_0830|L7|region=south-peninsula|pre-monsoon|all,B3,single-model,35.6,insufficient sample,0,"region: n >= 300, dates >= 60, points >= 3"
B3|single-model|icon_global|precip_0830|L7|region=south-peninsula|pre-monsoon|all|T64.5,A3|single-model|icon_global|precip_0830|L7|region=south-peninsula|pre-monsoon|all,B3,single-model,64.5,insufficient sample,0,"region: n >= 300, dates >= 60, points >= 3"
B3|single-model|icon_global|precip_0830|L7|region=south-peninsula|winter|all|T115.6,A3|single-model|icon_global|precip_0830|L7|region=south-peninsula|winter|all,B3,single-model,115.6,insufficient sample,0,"region: n >= 300, dates >= 60, points >= 3"
B3|single-model|icon_global|precip_0830|L7|region=south-peninsula|winter|all|T35.6,A3|single-model|icon_global|precip_0830|L7|region=south-peninsula|winter|all,B3,single-model,35.6,insufficient sample,0,"region: n >= 300, dates >= 60, points >= 3"
B3|single-model|icon_global|precip_0830|L7|region=south-peninsula|winter|all|T64.5,A3|single-model|icon_global|precip_0830|L7|region=south-peninsula|winter|all,B3,single-model,64.5,insufficient sample,0,"region: n >= 300, dates >= 60, points >= 3"
B4|shared-data:ecmwf_ifs025+gfs_global+icon_global|-|precip|L1|region=islands|all|all|T115.6,A4|shared-data:ecmwf_ifs025+gfs_global+icon_global|-|precip|L1|region=islands|all|all,B4,shared-data:ecmwf_ifs025+gfs_global+icon_global,115.6,insufficient sample,1870,"region: n >= 300, dates >= 60, points >= 3"
B4|shared-data:ecmwf_ifs025+gfs_global+icon_global|-|precip|L1|region=islands|all|all|T35.6,A4|shared-data:ecmwf_ifs025+gfs_global+icon_global|-|precip|L1|region=islands|all|all,B4,shared-data:ecmwf_ifs025+gfs_global+icon_global,35.6,insufficient sample,1870,"region: n >= 300, dates >= 60, points >= 3"
B4|shared-data:ecmwf_ifs025+gfs_global+icon_global|-|precip|L1|region=islands|all|all|T64.5,A4|shared-data:ecmwf_ifs025+gfs_global+icon_global|-|precip|L1|region=islands|all|all,B4,shared-data:ecmwf_ifs025+gfs_global+icon_global,64.5,insufficient sample,1870,"region: n >= 300, dates >= 60, points >= 3"
B4|shared-data:ecmwf_ifs025+gfs_global+icon_global|-|precip|L1|region=islands|monsoon|all|T115.6,A4|shared-data:ecmwf_ifs025+gfs_global+icon_global|-|precip|L1|region=islands|monsoon|all,B4,shared-data:ecmwf_ifs025+gfs_global+icon_global,115.6,insufficient sample,672,"region: n >= 300, dates >= 60, points >= 3"
B4|shared-data:ecmwf_ifs025+gfs_global+icon_global|-|precip|L1|region=islands|monsoon|all|T35.6,A4|shared-data:ecmwf_ifs025+gfs_global+icon_global|-|precip|L1|region=islands|monsoon|all,B4,shared-data:ecmwf_ifs025+gfs_global+icon_global,35.6,insufficient sample,672,"region: n >= 300, dates >= 60, points >= 3"
B4|shared-data:ecmwf_ifs025+gfs_global+icon_global|-|precip|L1|region=islands|monsoon|all|T64.5,A4|shared-data:ecmwf_ifs025+gfs_global+icon_global|-|precip|L1|region=islands|monsoon|all,B4,shared-data:ecmwf_ifs025+gfs_global+icon_global,64.5,insufficient sample,672,"region: n >= 300, dates >= 60, points >= 3"
B4|shared-data:ecmwf_ifs025+gfs_global+icon_global|-|precip|L1|region=islands|post-monsoon|all|T115.6,A4|shared-data:ecmwf_ifs025+gfs_global+icon_global|-|precip|L1|region=islands|post-monsoon|all,B4,shared-data:ecmwf_ifs025+gfs_global+icon_global,115.6,insufficient sample,368,"region: n >= 300, dates >= 60, points >= 3"
B4|shared-data:ecmwf_ifs025+gfs_global+icon_global|-|precip|L1|region=islands|post-monsoon|all|T35.6,A4|shared-data:ecmwf_ifs025+gfs_global+icon_global|-|precip|L1|region=islands|post-monsoon|all,B4,shared-data:ecmwf_ifs025+gfs_global+icon_global,35.6,insufficient sample,368,"region: n >= 300, dates >= 60, points >= 3"
B4|shared-data:ecmwf_ifs025+gfs_global+icon_global|-|precip|L1|region=islands|post-monsoon|all|T64.5,A4|shared-data:ecmwf_ifs025+gfs_global+icon_global|-|precip|L1|region=islands|post-monsoon|all,B4,shared-data:ecmwf_ifs025+gfs_global+icon_global,64.5,insufficient sample,368,"region: n >= 300, dates >= 60, points >= 3"
B4|shared-data:ecmwf_ifs025+gfs_global+icon_global|-|precip|L1|region=islands|pre-monsoon|all|T115.6,A4|shared-data:ecmwf_ifs025+gfs_global+icon_global|-|precip|L1|region=islands|pre-monsoon|all,B4,shared-data:ecmwf_ifs025+gfs_global+icon_global,115.6,insufficient sample,544,"region: n >= 300, dates >= 60, points >= 3"
B4|shared-data:ecmwf_ifs025+gfs_global+icon_global|-|precip|L1|region=islands|pre-monsoon|all|T35.6,A4|shared-data:ecmwf_ifs025+gfs_global+icon_global|-|precip|L1|region=islands|pre-monsoon|all,B4,shared-data:ecmwf_ifs025+gfs_global+icon_global,35.6,insufficient sample,544,"region: n >= 300, dates >= 60, points >= 3"
B4|shared-data:ecmwf_ifs025+gfs_global+icon_global|-|precip|L1|region=islands|pre-monsoon|all|T64.5,A4|shared-data:ecmwf_ifs025+gfs_global+icon_global|-|precip|L1|region=islands|pre-monsoon|all,B4,shared-data:ecmwf_ifs025+gfs_global+icon_global,64.5,insufficient sample,544,"region: n >= 300, dates >= 60, points >= 3"
B4|shared-data:ecmwf_ifs025+gfs_global+icon_global|-|precip|L1|region=islands|winter|all|T115.6,A4|shared-data:ecmwf_ifs025+gfs_global+icon_global|-|precip|L1|region=islands|winter|all,B4,shared-data:ecmwf_ifs025+gfs_global+icon_global,115.6,insufficient sample,286,"region: n >= 300, dates >= 60, points >= 3"
B4|shared-data:ecmwf_ifs025+gfs_global+icon_global|-|precip|L1|region=islands|winter|all|T35.6,A4|shared-data:ecmwf_ifs025+gfs_global+icon_global|-|precip|L1|region=islands|winter|all,B4,shared-data:ecmwf_ifs025+gfs_global+icon_global,35.6,insufficient sample,286,"region: n >= 300, dates >= 60, points >= 3"
B4|shared-data:ecmwf_ifs025+gfs_global+icon_global|-|precip|L1|region=islands|winter|all|T64.5,A4|shared-data:ecmwf_ifs025+gfs_global+icon_global|-|precip|L1|region=islands|winter|all,B4,shared-data:ecmwf_ifs025+gfs_global+icon_global,64.5,insufficient sample,286,"region: n >= 300, dates >= 60, points >= 3"
B4|shared-data:ecmwf_ifs025+gfs_global+icon_global|-|precip|L2|region=islands|all|all|T115.6,A4|shared-data:ecmwf_ifs025+gfs_global+icon_global|-|precip|L2|region=islands|all|all,B4,shared-data:ecmwf_ifs025+gfs_global+icon_global,115.6,insufficient sample,1868,"region: n >= 300, dates >= 60, points >= 3"
B4|shared-data:ecmwf_ifs025+gfs_global+icon_global|-|precip|L2|region=islands|all|all|T35.6,A4|shared-data:ecmwf_ifs025+gfs_global+icon_global|-|precip|L2|region=islands|all|all,B4,shared-data:ecmwf_ifs025+gfs_global+icon_global,35.6,insufficient sample,1868,"region: n >= 300, dates >= 60, points >= 3"
B4|shared-data:ecmwf_ifs025+gfs_global+icon_global|-|precip|L2|region=islands|all|all|T64.5,A4|shared-data:ecmwf_ifs025+gfs_global+icon_global|-|precip|L2|region=islands|all|all,B4,shared-data:ecmwf_ifs025+gfs_global+icon_global,64.5,insufficient sample,1868,"region: n >= 300, dates >= 60, points >= 3"
B4|shared-data:ecmwf_ifs025+gfs_global+icon_global|-|precip|L2|region=islands|monsoon|all|T115.6,A4|shared-data:ecmwf_ifs025+gfs_global+icon_global|-|precip|L2|region=islands|monsoon|all,B4,shared-data:ecmwf_ifs025+gfs_global+icon_global,115.6,insufficient sample,672,"region: n >= 300, dates >= 60, points >= 3"
B4|shared-data:ecmwf_ifs025+gfs_global+icon_global|-|precip|L2|region=islands|monsoon|all|T35.6,A4|shared-data:ecmwf_ifs025+gfs_global+icon_global|-|precip|L2|region=islands|monsoon|all,B4,shared-data:ecmwf_ifs025+gfs_global+icon_global,35.6,insufficient sample,672,"region: n >= 300, dates >= 60, points >= 3"
B4|shared-data:ecmwf_ifs025+gfs_global+icon_global|-|precip|L2|region=islands|monsoon|all|T64.5,A4|shared-data:ecmwf_ifs025+gfs_global+icon_global|-|precip|L2|region=islands|monsoon|all,B4,shared-data:ecmwf_ifs025+gfs_global+icon_global,64.5,insufficient sample,672,"region: n >= 300, dates >= 60, points >= 3"
B4|shared-data:ecmwf_ifs025+gfs_global+icon_global|-|precip|L2|region=islands|post-monsoon|all|T115.6,A4|shared-data:ecmwf_ifs025+gfs_global+icon_global|-|precip|L2|region=islands|post-monsoon|all,B4,shared-data:ecmwf_ifs025+gfs_global+icon_global,115.6,insufficient sample,368,"region: n >= 300, dates >= 60, points >= 3"
B4|shared-data:ecmwf_ifs025+gfs_global+icon_global|-|precip|L2|region=islands|post-monsoon|all|T35.6,A4|shared-data:ecmwf_ifs025+gfs_global+icon_global|-|precip|L2|region=islands|post-monsoon|all,B4,shared-data:ecmwf_ifs025+gfs_global+icon_global,35.6,insufficient sample,368,"region: n >= 300, dates >= 60, points >= 3"
B4|shared-data:ecmwf_ifs025+gfs_global+icon_global|-|precip|L2|region=islands|post-monsoon|all|T64.5,A4|shared-data:ecmwf_ifs025+gfs_global+icon_global|-|precip|L2|region=islands|post-monsoon|all,B4,shared-data:ecmwf_ifs025+gfs_global+icon_global,64.5,insufficient sample,368,"region: n >= 300, dates >= 60, points >= 3"
B4|shared-data:ecmwf_ifs025+gfs_global+icon_global|-|precip|L2|region=islands|pre-monsoon|all|T115.6,A4|shared-data:ecmwf_ifs025+gfs_global+icon_global|-|precip|L2|region=islands|pre-monsoon|all,B4,shared-data:ecmwf_ifs025+gfs_global+icon_global,115.6,insufficient sample,544,"region: n >= 300, dates >= 60, points >= 3"
B4|shared-data:ecmwf_ifs025+gfs_global+icon_global|-|precip|L2|region=islands|pre-monsoon|all|T35.6,A4|shared-data:ecmwf_ifs025+gfs_global+icon_global|-|precip|L2|region=islands|pre-monsoon|all,B4,shared-data:ecmwf_ifs025+gfs_global+icon_global,35.6,insufficient sample,544,"region: n >= 300, dates >= 60, points >= 3"
B4|shared-data:ecmwf_ifs025+gfs_global+icon_global|-|precip|L2|region=islands|pre-monsoon|all|T64.5,A4|shared-data:ecmwf_ifs025+gfs_global+icon_global|-|precip|L2|region=islands|pre-monsoon|all,B4,shared-data:ecmwf_ifs025+gfs_global+icon_global,64.5,insufficient sample,544,"region: n >= 300, dates >= 60, points >= 3"
B4|shared-data:ecmwf_ifs025+gfs_global+icon_global|-|precip|L2|region=islands|winter|all|T115.6,A4|shared-data:ecmwf_ifs025+gfs_global+icon_global|-|precip|L2|region=islands|winter|all,B4,shared-data:ecmwf_ifs025+gfs_global+icon_global,115.6,insufficient sample,284,"region: n >= 300, dates >= 60, points >= 3"
B4|shared-data:ecmwf_ifs025+gfs_global+icon_global|-|precip|L2|region=islands|winter|all|T35.6,A4|shared-data:ecmwf_ifs025+gfs_global+icon_global|-|precip|L2|region=islands|winter|all,B4,shared-data:ecmwf_ifs025+gfs_global+icon_global,35.6,insufficient sample,284,"region: n >= 300, dates >= 60, points >= 3"
B4|shared-data:ecmwf_ifs025+gfs_global+icon_global|-|precip|L2|region=islands|winter|all|T64.5,A4|shared-data:ecmwf_ifs025+gfs_global+icon_global|-|precip|L2|region=islands|winter|all,B4,shared-data:ecmwf_ifs025+gfs_global+icon_global,64.5,insufficient sample,284,"region: n >= 300, dates >= 60, points >= 3"
B4|shared-data:ecmwf_ifs025+gfs_global+icon_global|-|precip|L3|region=islands|all|all|T115.6,A4|shared-data:ecmwf_ifs025+gfs_global+icon_global|-|precip|L3|region=islands|all|all,B4,shared-data:ecmwf_ifs025+gfs_global+icon_global,115.6,insufficient sample,1874,"region: n >= 300, dates >= 60, points >= 3"
B4|shared-data:ecmwf_ifs025+gfs_global+icon_global|-|precip|L3|region=islands|all|all|T35.6,A4|shared-data:ecmwf_ifs025+gfs_global+icon_global|-|precip|L3|region=islands|all|all,B4,shared-data:ecmwf_ifs025+gfs_global+icon_global,35.6,insufficient sample,1874,"region: n >= 300, dates >= 60, points >= 3"
B4|shared-data:ecmwf_ifs025+gfs_global+icon_global|-|precip|L3|region=islands|all|all|T64.5,A4|shared-data:ecmwf_ifs025+gfs_global+icon_global|-|precip|L3|region=islands|all|all,B4,shared-data:ecmwf_ifs025+gfs_global+icon_global,64.5,insufficient sample,1874,"region: n >= 300, dates >= 60, points >= 3"
B4|shared-data:ecmwf_ifs025+gfs_global+icon_global|-|precip|L3|region=islands|monsoon|all|T115.6,A4|shared-data:ecmwf_ifs025+gfs_global+icon_global|-|precip|L3|region=islands|monsoon|all,B4,shared-data:ecmwf_ifs025+gfs_global+icon_global,115.6,insufficient sample,672,"region: n >= 300, dates >= 60, points >= 3"
B4|shared-data:ecmwf_ifs025+gfs_global+icon_global|-|precip|L3|region=islands|monsoon|all|T35.6,A4|shared-data:ecmwf_ifs025+gfs_global+icon_global|-|precip|L3|region=islands|monsoon|all,B4,shared-data:ecmwf_ifs025+gfs_global+icon_global,35.6,insufficient sample,672,"region: n >= 300, dates >= 60, points >= 3"
B4|shared-data:ecmwf_ifs025+gfs_global+icon_global|-|precip|L3|region=islands|monsoon|all|T64.5,A4|shared-data:ecmwf_ifs025+gfs_global+icon_global|-|precip|L3|region=islands|monsoon|all,B4,shared-data:ecmwf_ifs025+gfs_global+icon_global,64.5,insufficient sample,672,"region: n >= 300, dates >= 60, points >= 3"
B4|shared-data:ecmwf_ifs025+gfs_global+icon_global|-|precip|L3|region=islands|post-monsoon|all|T115.6,A4|shared-data:ecmwf_ifs025+gfs_global+icon_global|-|precip|L3|region=islands|post-monsoon|all,B4,shared-data:ecmwf_ifs025+gfs_global+icon_global,115.6,insufficient sample,368,"region: n >= 300, dates >= 60, points >= 3"
B4|shared-data:ecmwf_ifs025+gfs_global+icon_global|-|precip|L3|region=islands|post-monsoon|all|T35.6,A4|shared-data:ecmwf_ifs025+gfs_global+icon_global|-|precip|L3|region=islands|post-monsoon|all,B4,shared-data:ecmwf_ifs025+gfs_global+icon_global,35.6,insufficient sample,368,"region: n >= 300, dates >= 60, points >= 3"
B4|shared-data:ecmwf_ifs025+gfs_global+icon_global|-|precip|L3|region=islands|post-monsoon|all|T64.5,A4|shared-data:ecmwf_ifs025+gfs_global+icon_global|-|precip|L3|region=islands|post-monsoon|all,B4,shared-data:ecmwf_ifs025+gfs_global+icon_global,64.5,insufficient sample,368,"region: n >= 300, dates >= 60, points >= 3"
B4|shared-data:ecmwf_ifs025+gfs_global+icon_global|-|precip|L3|region=islands|pre-monsoon|all|T115.6,A4|shared-data:ecmwf_ifs025+gfs_global+icon_global|-|precip|L3|region=islands|pre-monsoon|all,B4,shared-data:ecmwf_ifs025+gfs_global+icon_global,115.6,insufficient sample,552,"region: n >= 300, dates >= 60, points >= 3"
B4|shared-data:ecmwf_ifs025+gfs_global+icon_global|-|precip|L3|region=islands|pre-monsoon|all|T35.6,A4|shared-data:ecmwf_ifs025+gfs_global+icon_global|-|precip|L3|region=islands|pre-monsoon|all,B4,shared-data:ecmwf_ifs025+gfs_global+icon_global,35.6,insufficient sample,552,"region: n >= 300, dates >= 60, points >= 3"
B4|shared-data:ecmwf_ifs025+gfs_global+icon_global|-|precip|L3|region=islands|pre-monsoon|all|T64.5,A4|shared-data:ecmwf_ifs025+gfs_global+icon_global|-|precip|L3|region=islands|pre-monsoon|all,B4,shared-data:ecmwf_ifs025+gfs_global+icon_global,64.5,insufficient sample,552,"region: n >= 300, dates >= 60, points >= 3"
B4|shared-data:ecmwf_ifs025+gfs_global+icon_global|-|precip|L3|region=islands|winter|all|T115.6,A4|shared-data:ecmwf_ifs025+gfs_global+icon_global|-|precip|L3|region=islands|winter|all,B4,shared-data:ecmwf_ifs025+gfs_global+icon_global,115.6,insufficient sample,282,"region: n >= 300, dates >= 60, points >= 3"
B4|shared-data:ecmwf_ifs025+gfs_global+icon_global|-|precip|L3|region=islands|winter|all|T35.6,A4|shared-data:ecmwf_ifs025+gfs_global+icon_global|-|precip|L3|region=islands|winter|all,B4,shared-data:ecmwf_ifs025+gfs_global+icon_global,35.6,insufficient sample,282,"region: n >= 300, dates >= 60, points >= 3"
B4|shared-data:ecmwf_ifs025+gfs_global+icon_global|-|precip|L3|region=islands|winter|all|T64.5,A4|shared-data:ecmwf_ifs025+gfs_global+icon_global|-|precip|L3|region=islands|winter|all,B4,shared-data:ecmwf_ifs025+gfs_global+icon_global,64.5,insufficient sample,282,"region: n >= 300, dates >= 60, points >= 3"
B4|shared-data:ecmwf_ifs025+gfs_global+icon_global|-|precip|L4|region=islands|all|all|T115.6,A4|shared-data:ecmwf_ifs025+gfs_global+icon_global|-|precip|L4|region=islands|all|all,B4,shared-data:ecmwf_ifs025+gfs_global+icon_global,115.6,insufficient sample,1872,"region: n >= 300, dates >= 60, points >= 3"
B4|shared-data:ecmwf_ifs025+gfs_global+icon_global|-|precip|L4|region=islands|all|all|T35.6,A4|shared-data:ecmwf_ifs025+gfs_global+icon_global|-|precip|L4|region=islands|all|all,B4,shared-data:ecmwf_ifs025+gfs_global+icon_global,35.6,insufficient sample,1872,"region: n >= 300, dates >= 60, points >= 3"
B4|shared-data:ecmwf_ifs025+gfs_global+icon_global|-|precip|L4|region=islands|all|all|T64.5,A4|shared-data:ecmwf_ifs025+gfs_global+icon_global|-|precip|L4|region=islands|all|all,B4,shared-data:ecmwf_ifs025+gfs_global+icon_global,64.5,insufficient sample,1872,"region: n >= 300, dates >= 60, points >= 3"
B4|shared-data:ecmwf_ifs025+gfs_global+icon_global|-|precip|L4|region=islands|monsoon|all|T115.6,A4|shared-data:ecmwf_ifs025+gfs_global+icon_global|-|precip|L4|region=islands|monsoon|all,B4,shared-data:ecmwf_ifs025+gfs_global+icon_global,115.6,insufficient sample,672,"region: n >= 300, dates >= 60, points >= 3"
B4|shared-data:ecmwf_ifs025+gfs_global+icon_global|-|precip|L4|region=islands|monsoon|all|T35.6,A4|shared-data:ecmwf_ifs025+gfs_global+icon_global|-|precip|L4|region=islands|monsoon|all,B4,shared-data:ecmwf_ifs025+gfs_global+icon_global,35.6,insufficient sample,672,"region: n >= 300, dates >= 60, points >= 3"
B4|shared-data:ecmwf_ifs025+gfs_global+icon_global|-|precip|L4|region=islands|monsoon|all|T64.5,A4|shared-data:ecmwf_ifs025+gfs_global+icon_global|-|precip|L4|region=islands|monsoon|all,B4,shared-data:ecmwf_ifs025+gfs_global+icon_global,64.5,insufficient sample,672,"region: n >= 300, dates >= 60, points >= 3"
B4|shared-data:ecmwf_ifs025+gfs_global+icon_global|-|precip|L4|region=islands|post-monsoon|all|T115.6,A4|shared-data:ecmwf_ifs025+gfs_global+icon_global|-|precip|L4|region=islands|post-monsoon|all,B4,shared-data:ecmwf_ifs025+gfs_global+icon_global,115.6,insufficient sample,368,"region: n >= 300, dates >= 60, points >= 3"
B4|shared-data:ecmwf_ifs025+gfs_global+icon_global|-|precip|L4|region=islands|post-monsoon|all|T35.6,A4|shared-data:ecmwf_ifs025+gfs_global+icon_global|-|precip|L4|region=islands|post-monsoon|all,B4,shared-data:ecmwf_ifs025+gfs_global+icon_global,35.6,insufficient sample,368,"region: n >= 300, dates >= 60, points >= 3"
B4|shared-data:ecmwf_ifs025+gfs_global+icon_global|-|precip|L4|region=islands|post-monsoon|all|T64.5,A4|shared-data:ecmwf_ifs025+gfs_global+icon_global|-|precip|L4|region=islands|post-monsoon|all,B4,shared-data:ecmwf_ifs025+gfs_global+icon_global,64.5,insufficient sample,368,"region: n >= 300, dates >= 60, points >= 3"
B4|shared-data:ecmwf_ifs025+gfs_global+icon_global|-|precip|L4|region=islands|pre-monsoon|all|T115.6,A4|shared-data:ecmwf_ifs025+gfs_global+icon_global|-|precip|L4|region=islands|pre-monsoon|all,B4,shared-data:ecmwf_ifs025+gfs_global+icon_global,115.6,insufficient sample,552,"region: n >= 300, dates >= 60, points >= 3"
B4|shared-data:ecmwf_ifs025+gfs_global+icon_global|-|precip|L4|region=islands|pre-monsoon|all|T35.6,A4|shared-data:ecmwf_ifs025+gfs_global+icon_global|-|precip|L4|region=islands|pre-monsoon|all,B4,shared-data:ecmwf_ifs025+gfs_global+icon_global,35.6,insufficient sample,552,"region: n >= 300, dates >= 60, points >= 3"
B4|shared-data:ecmwf_ifs025+gfs_global+icon_global|-|precip|L4|region=islands|pre-monsoon|all|T64.5,A4|shared-data:ecmwf_ifs025+gfs_global+icon_global|-|precip|L4|region=islands|pre-monsoon|all,B4,shared-data:ecmwf_ifs025+gfs_global+icon_global,64.5,insufficient sample,552,"region: n >= 300, dates >= 60, points >= 3"
B4|shared-data:ecmwf_ifs025+gfs_global+icon_global|-|precip|L4|region=islands|winter|all|T115.6,A4|shared-data:ecmwf_ifs025+gfs_global+icon_global|-|precip|L4|region=islands|winter|all,B4,shared-data:ecmwf_ifs025+gfs_global+icon_global,115.6,insufficient sample,280,"region: n >= 300, dates >= 60, points >= 3"
B4|shared-data:ecmwf_ifs025+gfs_global+icon_global|-|precip|L4|region=islands|winter|all|T35.6,A4|shared-data:ecmwf_ifs025+gfs_global+icon_global|-|precip|L4|region=islands|winter|all,B4,shared-data:ecmwf_ifs025+gfs_global+icon_global,35.6,insufficient sample,280,"region: n >= 300, dates >= 60, points >= 3"
B4|shared-data:ecmwf_ifs025+gfs_global+icon_global|-|precip|L4|region=islands|winter|all|T64.5,A4|shared-data:ecmwf_ifs025+gfs_global+icon_global|-|precip|L4|region=islands|winter|all,B4,shared-data:ecmwf_ifs025+gfs_global+icon_global,64.5,insufficient sample,280,"region: n >= 300, dates >= 60, points >= 3"
B4|shared-data:ecmwf_ifs025+gfs_global+icon_global|-|precip|L5|region=islands|all|all|T115.6,A4|shared-data:ecmwf_ifs025+gfs_global+icon_global|-|precip|L5|region=islands|all|all,B4,shared-data:ecmwf_ifs025+gfs_global+icon_global,115.6,insufficient sample,1856,"region: n >= 300, dates >= 60, points >= 3"
B4|shared-data:ecmwf_ifs025+gfs_global+icon_global|-|precip|L5|region=islands|all|all|T35.6,A4|shared-data:ecmwf_ifs025+gfs_global+icon_global|-|precip|L5|region=islands|all|all,B4,shared-data:ecmwf_ifs025+gfs_global+icon_global,35.6,insufficient sample,1856,"region: n >= 300, dates >= 60, points >= 3"
B4|shared-data:ecmwf_ifs025+gfs_global+icon_global|-|precip|L5|region=islands|all|all|T64.5,A4|shared-data:ecmwf_ifs025+gfs_global+icon_global|-|precip|L5|region=islands|all|all,B4,shared-data:ecmwf_ifs025+gfs_global+icon_global,64.5,insufficient sample,1856,"region: n >= 300, dates >= 60, points >= 3"
B4|shared-data:ecmwf_ifs025+gfs_global+icon_global|-|precip|L5|region=islands|monsoon|all|T115.6,A4|shared-data:ecmwf_ifs025+gfs_global+icon_global|-|precip|L5|region=islands|monsoon|all,B4,shared-data:ecmwf_ifs025+gfs_global+icon_global,115.6,insufficient sample,672,"region: n >= 300, dates >= 60, points >= 3"
B4|shared-data:ecmwf_ifs025+gfs_global+icon_global|-|precip|L5|region=islands|monsoon|all|T35.6,A4|shared-data:ecmwf_ifs025+gfs_global+icon_global|-|precip|L5|region=islands|monsoon|all,B4,shared-data:ecmwf_ifs025+gfs_global+icon_global,35.6,insufficient sample,672,"region: n >= 300, dates >= 60, points >= 3"
B4|shared-data:ecmwf_ifs025+gfs_global+icon_global|-|precip|L5|region=islands|monsoon|all|T64.5,A4|shared-data:ecmwf_ifs025+gfs_global+icon_global|-|precip|L5|region=islands|monsoon|all,B4,shared-data:ecmwf_ifs025+gfs_global+icon_global,64.5,insufficient sample,672,"region: n >= 300, dates >= 60, points >= 3"
B4|shared-data:ecmwf_ifs025+gfs_global+icon_global|-|precip|L5|region=islands|post-monsoon|all|T115.6,A4|shared-data:ecmwf_ifs025+gfs_global+icon_global|-|precip|L5|region=islands|post-monsoon|all,B4,shared-data:ecmwf_ifs025+gfs_global+icon_global,115.6,insufficient sample,368,"region: n >= 300, dates >= 60, points >= 3"
B4|shared-data:ecmwf_ifs025+gfs_global+icon_global|-|precip|L5|region=islands|post-monsoon|all|T35.6,A4|shared-data:ecmwf_ifs025+gfs_global+icon_global|-|precip|L5|region=islands|post-monsoon|all,B4,shared-data:ecmwf_ifs025+gfs_global+icon_global,35.6,insufficient sample,368,"region: n >= 300, dates >= 60, points >= 3"
B4|shared-data:ecmwf_ifs025+gfs_global+icon_global|-|precip|L5|region=islands|post-monsoon|all|T64.5,A4|shared-data:ecmwf_ifs025+gfs_global+icon_global|-|precip|L5|region=islands|post-monsoon|all,B4,shared-data:ecmwf_ifs025+gfs_global+icon_global,64.5,insufficient sample,368,"region: n >= 300, dates >= 60, points >= 3"
B4|shared-data:ecmwf_ifs025+gfs_global+icon_global|-|precip|L5|region=islands|pre-monsoon|all|T115.6,A4|shared-data:ecmwf_ifs025+gfs_global+icon_global|-|precip|L5|region=islands|pre-monsoon|all,B4,shared-data:ecmwf_ifs025+gfs_global+icon_global,115.6,insufficient sample,538,"region: n >= 300, dates >= 60, points >= 3"
B4|shared-data:ecmwf_ifs025+gfs_global+icon_global|-|precip|L5|region=islands|pre-monsoon|all|T35.6,A4|shared-data:ecmwf_ifs025+gfs_global+icon_global|-|precip|L5|region=islands|pre-monsoon|all,B4,shared-data:ecmwf_ifs025+gfs_global+icon_global,35.6,insufficient sample,538,"region: n >= 300, dates >= 60, points >= 3"
B4|shared-data:ecmwf_ifs025+gfs_global+icon_global|-|precip|L5|region=islands|pre-monsoon|all|T64.5,A4|shared-data:ecmwf_ifs025+gfs_global+icon_global|-|precip|L5|region=islands|pre-monsoon|all,B4,shared-data:ecmwf_ifs025+gfs_global+icon_global,64.5,insufficient sample,538,"region: n >= 300, dates >= 60, points >= 3"
B4|shared-data:ecmwf_ifs025+gfs_global+icon_global|-|precip|L5|region=islands|winter|all|T115.6,A4|shared-data:ecmwf_ifs025+gfs_global+icon_global|-|precip|L5|region=islands|winter|all,B4,shared-data:ecmwf_ifs025+gfs_global+icon_global,115.6,insufficient sample,278,"region: n >= 300, dates >= 60, points >= 3"
B4|shared-data:ecmwf_ifs025+gfs_global+icon_global|-|precip|L5|region=islands|winter|all|T35.6,A4|shared-data:ecmwf_ifs025+gfs_global+icon_global|-|precip|L5|region=islands|winter|all,B4,shared-data:ecmwf_ifs025+gfs_global+icon_global,35.6,insufficient sample,278,"region: n >= 300, dates >= 60, points >= 3"
B4|shared-data:ecmwf_ifs025+gfs_global+icon_global|-|precip|L5|region=islands|winter|all|T64.5,A4|shared-data:ecmwf_ifs025+gfs_global+icon_global|-|precip|L5|region=islands|winter|all,B4,shared-data:ecmwf_ifs025+gfs_global+icon_global,64.5,insufficient sample,278,"region: n >= 300, dates >= 60, points >= 3"
B4|shared-data:ecmwf_ifs025+gfs_global+icon_global|-|precip|L6|region=islands|all|all|T115.6,A4|shared-data:ecmwf_ifs025+gfs_global+icon_global|-|precip|L6|region=islands|all|all,B4,shared-data:ecmwf_ifs025+gfs_global+icon_global,115.6,insufficient sample,1860,"region: n >= 300, dates >= 60, points >= 3"
B4|shared-data:ecmwf_ifs025+gfs_global+icon_global|-|precip|L6|region=islands|all|all|T35.6,A4|shared-data:ecmwf_ifs025+gfs_global+icon_global|-|precip|L6|region=islands|all|all,B4,shared-data:ecmwf_ifs025+gfs_global+icon_global,35.6,insufficient sample,1860,"region: n >= 300, dates >= 60, points >= 3"
B4|shared-data:ecmwf_ifs025+gfs_global+icon_global|-|precip|L6|region=islands|all|all|T64.5,A4|shared-data:ecmwf_ifs025+gfs_global+icon_global|-|precip|L6|region=islands|all|all,B4,shared-data:ecmwf_ifs025+gfs_global+icon_global,64.5,insufficient sample,1860,"region: n >= 300, dates >= 60, points >= 3"
B4|shared-data:ecmwf_ifs025+gfs_global+icon_global|-|precip|L6|region=islands|monsoon|all|T115.6,A4|shared-data:ecmwf_ifs025+gfs_global+icon_global|-|precip|L6|region=islands|monsoon|all,B4,shared-data:ecmwf_ifs025+gfs_global+icon_global,115.6,insufficient sample,672,"region: n >= 300, dates >= 60, points >= 3"
B4|shared-data:ecmwf_ifs025+gfs_global+icon_global|-|precip|L6|region=islands|monsoon|all|T35.6,A4|shared-data:ecmwf_ifs025+gfs_global+icon_global|-|precip|L6|region=islands|monsoon|all,B4,shared-data:ecmwf_ifs025+gfs_global+icon_global,35.6,insufficient sample,672,"region: n >= 300, dates >= 60, points >= 3"
B4|shared-data:ecmwf_ifs025+gfs_global+icon_global|-|precip|L6|region=islands|monsoon|all|T64.5,A4|shared-data:ecmwf_ifs025+gfs_global+icon_global|-|precip|L6|region=islands|monsoon|all,B4,shared-data:ecmwf_ifs025+gfs_global+icon_global,64.5,insufficient sample,672,"region: n >= 300, dates >= 60, points >= 3"
B4|shared-data:ecmwf_ifs025+gfs_global+icon_global|-|precip|L6|region=islands|post-monsoon|all|T115.6,A4|shared-data:ecmwf_ifs025+gfs_global+icon_global|-|precip|L6|region=islands|post-monsoon|all,B4,shared-data:ecmwf_ifs025+gfs_global+icon_global,115.6,insufficient sample,368,"region: n >= 300, dates >= 60, points >= 3"
B4|shared-data:ecmwf_ifs025+gfs_global+icon_global|-|precip|L6|region=islands|post-monsoon|all|T35.6,A4|shared-data:ecmwf_ifs025+gfs_global+icon_global|-|precip|L6|region=islands|post-monsoon|all,B4,shared-data:ecmwf_ifs025+gfs_global+icon_global,35.6,insufficient sample,368,"region: n >= 300, dates >= 60, points >= 3"
B4|shared-data:ecmwf_ifs025+gfs_global+icon_global|-|precip|L6|region=islands|post-monsoon|all|T64.5,A4|shared-data:ecmwf_ifs025+gfs_global+icon_global|-|precip|L6|region=islands|post-monsoon|all,B4,shared-data:ecmwf_ifs025+gfs_global+icon_global,64.5,insufficient sample,368,"region: n >= 300, dates >= 60, points >= 3"
B4|shared-data:ecmwf_ifs025+gfs_global+icon_global|-|precip|L6|region=islands|pre-monsoon|all|T115.6,A4|shared-data:ecmwf_ifs025+gfs_global+icon_global|-|precip|L6|region=islands|pre-monsoon|all,B4,shared-data:ecmwf_ifs025+gfs_global+icon_global,115.6,insufficient sample,544,"region: n >= 300, dates >= 60, points >= 3"
B4|shared-data:ecmwf_ifs025+gfs_global+icon_global|-|precip|L6|region=islands|pre-monsoon|all|T35.6,A4|shared-data:ecmwf_ifs025+gfs_global+icon_global|-|precip|L6|region=islands|pre-monsoon|all,B4,shared-data:ecmwf_ifs025+gfs_global+icon_global,35.6,insufficient sample,544,"region: n >= 300, dates >= 60, points >= 3"
B4|shared-data:ecmwf_ifs025+gfs_global+icon_global|-|precip|L6|region=islands|pre-monsoon|all|T64.5,A4|shared-data:ecmwf_ifs025+gfs_global+icon_global|-|precip|L6|region=islands|pre-monsoon|all,B4,shared-data:ecmwf_ifs025+gfs_global+icon_global,64.5,insufficient sample,544,"region: n >= 300, dates >= 60, points >= 3"
B4|shared-data:ecmwf_ifs025+gfs_global+icon_global|-|precip|L6|region=islands|winter|all|T115.6,A4|shared-data:ecmwf_ifs025+gfs_global+icon_global|-|precip|L6|region=islands|winter|all,B4,shared-data:ecmwf_ifs025+gfs_global+icon_global,115.6,insufficient sample,276,"region: n >= 300, dates >= 60, points >= 3"
B4|shared-data:ecmwf_ifs025+gfs_global+icon_global|-|precip|L6|region=islands|winter|all|T35.6,A4|shared-data:ecmwf_ifs025+gfs_global+icon_global|-|precip|L6|region=islands|winter|all,B4,shared-data:ecmwf_ifs025+gfs_global+icon_global,35.6,insufficient sample,276,"region: n >= 300, dates >= 60, points >= 3"
B4|shared-data:ecmwf_ifs025+gfs_global+icon_global|-|precip|L6|region=islands|winter|all|T64.5,A4|shared-data:ecmwf_ifs025+gfs_global+icon_global|-|precip|L6|region=islands|winter|all,B4,shared-data:ecmwf_ifs025+gfs_global+icon_global,64.5,insufficient sample,276,"region: n >= 300, dates >= 60, points >= 3"
B4|shared-data:ecmwf_ifs025+gfs_global+icon_global|-|precip|L7|high_altitude=<1000m|all|all|T115.6,A4|shared-data:ecmwf_ifs025+gfs_global+icon_global|-|precip|L7|high_altitude=<1000m|all|all,B4,shared-data:ecmwf_ifs025+gfs_global+icon_global,115.6,not defined,0,"high_altitude: n >= 300, dates >= 60, points >= 3"
B4|shared-data:ecmwf_ifs025+gfs_global+icon_global|-|precip|L7|high_altitude=<1000m|all|all|T35.6,A4|shared-data:ecmwf_ifs025+gfs_global+icon_global|-|precip|L7|high_altitude=<1000m|all|all,B4,shared-data:ecmwf_ifs025+gfs_global+icon_global,35.6,not defined,0,"high_altitude: n >= 300, dates >= 60, points >= 3"
B4|shared-data:ecmwf_ifs025+gfs_global+icon_global|-|precip|L7|high_altitude=<1000m|all|all|T64.5,A4|shared-data:ecmwf_ifs025+gfs_global+icon_global|-|precip|L7|high_altitude=<1000m|all|all,B4,shared-data:ecmwf_ifs025+gfs_global+icon_global,64.5,not defined,0,"high_altitude: n >= 300, dates >= 60, points >= 3"
B4|shared-data:ecmwf_ifs025+gfs_global+icon_global|-|precip|L7|high_altitude=<1000m|monsoon|all|T115.6,A4|shared-data:ecmwf_ifs025+gfs_global+icon_global|-|precip|L7|high_altitude=<1000m|monsoon|all,B4,shared-data:ecmwf_ifs025+gfs_global+icon_global,115.6,not defined,0,"high_altitude: n >= 300, dates >= 60, points >= 3"
B4|shared-data:ecmwf_ifs025+gfs_global+icon_global|-|precip|L7|high_altitude=<1000m|monsoon|all|T35.6,A4|shared-data:ecmwf_ifs025+gfs_global+icon_global|-|precip|L7|high_altitude=<1000m|monsoon|all,B4,shared-data:ecmwf_ifs025+gfs_global+icon_global,35.6,not defined,0,"high_altitude: n >= 300, dates >= 60, points >= 3"
B4|shared-data:ecmwf_ifs025+gfs_global+icon_global|-|precip|L7|high_altitude=<1000m|monsoon|all|T64.5,A4|shared-data:ecmwf_ifs025+gfs_global+icon_global|-|precip|L7|high_altitude=<1000m|monsoon|all,B4,shared-data:ecmwf_ifs025+gfs_global+icon_global,64.5,not defined,0,"high_altitude: n >= 300, dates >= 60, points >= 3"
B4|shared-data:ecmwf_ifs025+gfs_global+icon_global|-|precip|L7|high_altitude=<1000m|post-monsoon|all|T115.6,A4|shared-data:ecmwf_ifs025+gfs_global+icon_global|-|precip|L7|high_altitude=<1000m|post-monsoon|all,B4,shared-data:ecmwf_ifs025+gfs_global+icon_global,115.6,not defined,0,"high_altitude: n >= 300, dates >= 60, points >= 3"
B4|shared-data:ecmwf_ifs025+gfs_global+icon_global|-|precip|L7|high_altitude=<1000m|post-monsoon|all|T35.6,A4|shared-data:ecmwf_ifs025+gfs_global+icon_global|-|precip|L7|high_altitude=<1000m|post-monsoon|all,B4,shared-data:ecmwf_ifs025+gfs_global+icon_global,35.6,not defined,0,"high_altitude: n >= 300, dates >= 60, points >= 3"
B4|shared-data:ecmwf_ifs025+gfs_global+icon_global|-|precip|L7|high_altitude=<1000m|post-monsoon|all|T64.5,A4|shared-data:ecmwf_ifs025+gfs_global+icon_global|-|precip|L7|high_altitude=<1000m|post-monsoon|all,B4,shared-data:ecmwf_ifs025+gfs_global+icon_global,64.5,not defined,0,"high_altitude: n >= 300, dates >= 60, points >= 3"
B4|shared-data:ecmwf_ifs025+gfs_global+icon_global|-|precip|L7|high_altitude=<1000m|pre-monsoon|all|T115.6,A4|shared-data:ecmwf_ifs025+gfs_global+icon_global|-|precip|L7|high_altitude=<1000m|pre-monsoon|all,B4,shared-data:ecmwf_ifs025+gfs_global+icon_global,115.6,not defined,0,"high_altitude: n >= 300, dates >= 60, points >= 3"
B4|shared-data:ecmwf_ifs025+gfs_global+icon_global|-|precip|L7|high_altitude=<1000m|pre-monsoon|all|T35.6,A4|shared-data:ecmwf_ifs025+gfs_global+icon_global|-|precip|L7|high_altitude=<1000m|pre-monsoon|all,B4,shared-data:ecmwf_ifs025+gfs_global+icon_global,35.6,not defined,0,"high_altitude: n >= 300, dates >= 60, points >= 3"
B4|shared-data:ecmwf_ifs025+gfs_global+icon_global|-|precip|L7|high_altitude=<1000m|pre-monsoon|all|T64.5,A4|shared-data:ecmwf_ifs025+gfs_global+icon_global|-|precip|L7|high_altitude=<1000m|pre-monsoon|all,B4,shared-data:ecmwf_ifs025+gfs_global+icon_global,64.5,not defined,0,"high_altitude: n >= 300, dates >= 60, points >= 3"
B4|shared-data:ecmwf_ifs025+gfs_global+icon_global|-|precip|L7|high_altitude=<1000m|winter|all|T115.6,A4|shared-data:ecmwf_ifs025+gfs_global+icon_global|-|precip|L7|high_altitude=<1000m|winter|all,B4,shared-data:ecmwf_ifs025+gfs_global+icon_global,115.6,not defined,0,"high_altitude: n >= 300, dates >= 60, points >= 3"
B4|shared-data:ecmwf_ifs025+gfs_global+icon_global|-|precip|L7|high_altitude=<1000m|winter|all|T35.6,A4|shared-data:ecmwf_ifs025+gfs_global+icon_global|-|precip|L7|high_altitude=<1000m|winter|all,B4,shared-data:ecmwf_ifs025+gfs_global+icon_global,35.6,not defined,0,"high_altitude: n >= 300, dates >= 60, points >= 3"
B4|shared-data:ecmwf_ifs025+gfs_global+icon_global|-|precip|L7|high_altitude=<1000m|winter|all|T64.5,A4|shared-data:ecmwf_ifs025+gfs_global+icon_global|-|precip|L7|high_altitude=<1000m|winter|all,B4,shared-data:ecmwf_ifs025+gfs_global+icon_global,64.5,not defined,0,"high_altitude: n >= 300, dates >= 60, points >= 3"
B4|shared-data:ecmwf_ifs025+gfs_global+icon_global|-|precip|L7|high_altitude=>=1000m|all|all|T115.6,A4|shared-data:ecmwf_ifs025+gfs_global+icon_global|-|precip|L7|high_altitude=>=1000m|all|all,B4,shared-data:ecmwf_ifs025+gfs_global+icon_global,115.6,not defined,0,"high_altitude: n >= 300, dates >= 60, points >= 3"
B4|shared-data:ecmwf_ifs025+gfs_global+icon_global|-|precip|L7|high_altitude=>=1000m|all|all|T35.6,A4|shared-data:ecmwf_ifs025+gfs_global+icon_global|-|precip|L7|high_altitude=>=1000m|all|all,B4,shared-data:ecmwf_ifs025+gfs_global+icon_global,35.6,not defined,0,"high_altitude: n >= 300, dates >= 60, points >= 3"
B4|shared-data:ecmwf_ifs025+gfs_global+icon_global|-|precip|L7|high_altitude=>=1000m|all|all|T64.5,A4|shared-data:ecmwf_ifs025+gfs_global+icon_global|-|precip|L7|high_altitude=>=1000m|all|all,B4,shared-data:ecmwf_ifs025+gfs_global+icon_global,64.5,not defined,0,"high_altitude: n >= 300, dates >= 60, points >= 3"
B4|shared-data:ecmwf_ifs025+gfs_global+icon_global|-|precip|L7|high_altitude=>=1000m|monsoon|all|T115.6,A4|shared-data:ecmwf_ifs025+gfs_global+icon_global|-|precip|L7|high_altitude=>=1000m|monsoon|all,B4,shared-data:ecmwf_ifs025+gfs_global+icon_global,115.6,not defined,0,"high_altitude: n >= 300, dates >= 60, points >= 3"
B4|shared-data:ecmwf_ifs025+gfs_global+icon_global|-|precip|L7|high_altitude=>=1000m|monsoon|all|T35.6,A4|shared-data:ecmwf_ifs025+gfs_global+icon_global|-|precip|L7|high_altitude=>=1000m|monsoon|all,B4,shared-data:ecmwf_ifs025+gfs_global+icon_global,35.6,not defined,0,"high_altitude: n >= 300, dates >= 60, points >= 3"
B4|shared-data:ecmwf_ifs025+gfs_global+icon_global|-|precip|L7|high_altitude=>=1000m|monsoon|all|T64.5,A4|shared-data:ecmwf_ifs025+gfs_global+icon_global|-|precip|L7|high_altitude=>=1000m|monsoon|all,B4,shared-data:ecmwf_ifs025+gfs_global+icon_global,64.5,not defined,0,"high_altitude: n >= 300, dates >= 60, points >= 3"
B4|shared-data:ecmwf_ifs025+gfs_global+icon_global|-|precip|L7|high_altitude=>=1000m|post-monsoon|all|T115.6,A4|shared-data:ecmwf_ifs025+gfs_global+icon_global|-|precip|L7|high_altitude=>=1000m|post-monsoon|all,B4,shared-data:ecmwf_ifs025+gfs_global+icon_global,115.6,not defined,0,"high_altitude: n >= 300, dates >= 60, points >= 3"
B4|shared-data:ecmwf_ifs025+gfs_global+icon_global|-|precip|L7|high_altitude=>=1000m|post-monsoon|all|T35.6,A4|shared-data:ecmwf_ifs025+gfs_global+icon_global|-|precip|L7|high_altitude=>=1000m|post-monsoon|all,B4,shared-data:ecmwf_ifs025+gfs_global+icon_global,35.6,not defined,0,"high_altitude: n >= 300, dates >= 60, points >= 3"
B4|shared-data:ecmwf_ifs025+gfs_global+icon_global|-|precip|L7|high_altitude=>=1000m|post-monsoon|all|T64.5,A4|shared-data:ecmwf_ifs025+gfs_global+icon_global|-|precip|L7|high_altitude=>=1000m|post-monsoon|all,B4,shared-data:ecmwf_ifs025+gfs_global+icon_global,64.5,not defined,0,"high_altitude: n >= 300, dates >= 60, points >= 3"
B4|shared-data:ecmwf_ifs025+gfs_global+icon_global|-|precip|L7|high_altitude=>=1000m|pre-monsoon|all|T115.6,A4|shared-data:ecmwf_ifs025+gfs_global+icon_global|-|precip|L7|high_altitude=>=1000m|pre-monsoon|all,B4,shared-data:ecmwf_ifs025+gfs_global+icon_global,115.6,not defined,0,"high_altitude: n >= 300, dates >= 60, points >= 3"
B4|shared-data:ecmwf_ifs025+gfs_global+icon_global|-|precip|L7|high_altitude=>=1000m|pre-monsoon|all|T35.6,A4|shared-data:ecmwf_ifs025+gfs_global+icon_global|-|precip|L7|high_altitude=>=1000m|pre-monsoon|all,B4,shared-data:ecmwf_ifs025+gfs_global+icon_global,35.6,not defined,0,"high_altitude: n >= 300, dates >= 60, points >= 3"
B4|shared-data:ecmwf_ifs025+gfs_global+icon_global|-|precip|L7|high_altitude=>=1000m|pre-monsoon|all|T64.5,A4|shared-data:ecmwf_ifs025+gfs_global+icon_global|-|precip|L7|high_altitude=>=1000m|pre-monsoon|all,B4,shared-data:ecmwf_ifs025+gfs_global+icon_global,64.5,not defined,0,"high_altitude: n >= 300, dates >= 60, points >= 3"
B4|shared-data:ecmwf_ifs025+gfs_global+icon_global|-|precip|L7|high_altitude=>=1000m|winter|all|T115.6,A4|shared-data:ecmwf_ifs025+gfs_global+icon_global|-|precip|L7|high_altitude=>=1000m|winter|all,B4,shared-data:ecmwf_ifs025+gfs_global+icon_global,115.6,not defined,0,"high_altitude: n >= 300, dates >= 60, points >= 3"
B4|shared-data:ecmwf_ifs025+gfs_global+icon_global|-|precip|L7|high_altitude=>=1000m|winter|all|T35.6,A4|shared-data:ecmwf_ifs025+gfs_global+icon_global|-|precip|L7|high_altitude=>=1000m|winter|all,B4,shared-data:ecmwf_ifs025+gfs_global+icon_global,35.6,not defined,0,"high_altitude: n >= 300, dates >= 60, points >= 3"
B4|shared-data:ecmwf_ifs025+gfs_global+icon_global|-|precip|L7|high_altitude=>=1000m|winter|all|T64.5,A4|shared-data:ecmwf_ifs025+gfs_global+icon_global|-|precip|L7|high_altitude=>=1000m|winter|all,B4,shared-data:ecmwf_ifs025+gfs_global+icon_global,64.5,not defined,0,"high_altitude: n >= 300, dates >= 60, points >= 3"
B4|shared-data:ecmwf_ifs025+gfs_global+icon_global|-|precip|L7|pooled=all-points|all|all|T115.6,A4|shared-data:ecmwf_ifs025+gfs_global+icon_global|-|precip|L7|pooled=all-points|all|all,B4,shared-data:ecmwf_ifs025+gfs_global+icon_global,115.6,not defined,0,"pooled: n >= 300, dates >= 60, points >= 10"
B4|shared-data:ecmwf_ifs025+gfs_global+icon_global|-|precip|L7|pooled=all-points|all|all|T35.6,A4|shared-data:ecmwf_ifs025+gfs_global+icon_global|-|precip|L7|pooled=all-points|all|all,B4,shared-data:ecmwf_ifs025+gfs_global+icon_global,35.6,not defined,0,"pooled: n >= 300, dates >= 60, points >= 10"
B4|shared-data:ecmwf_ifs025+gfs_global+icon_global|-|precip|L7|pooled=all-points|all|all|T64.5,A4|shared-data:ecmwf_ifs025+gfs_global+icon_global|-|precip|L7|pooled=all-points|all|all,B4,shared-data:ecmwf_ifs025+gfs_global+icon_global,64.5,not defined,0,"pooled: n >= 300, dates >= 60, points >= 10"
B4|shared-data:ecmwf_ifs025+gfs_global+icon_global|-|precip|L7|pooled=all-points|monsoon|all|T115.6,A4|shared-data:ecmwf_ifs025+gfs_global+icon_global|-|precip|L7|pooled=all-points|monsoon|all,B4,shared-data:ecmwf_ifs025+gfs_global+icon_global,115.6,not defined,0,"season: n >= 300, dates >= 60, points >= 10"
B4|shared-data:ecmwf_ifs025+gfs_global+icon_global|-|precip|L7|pooled=all-points|monsoon|all|T35.6,A4|shared-data:ecmwf_ifs025+gfs_global+icon_global|-|precip|L7|pooled=all-points|monsoon|all,B4,shared-data:ecmwf_ifs025+gfs_global+icon_global,35.6,not defined,0,"season: n >= 300, dates >= 60, points >= 10"
B4|shared-data:ecmwf_ifs025+gfs_global+icon_global|-|precip|L7|pooled=all-points|monsoon|all|T64.5,A4|shared-data:ecmwf_ifs025+gfs_global+icon_global|-|precip|L7|pooled=all-points|monsoon|all,B4,shared-data:ecmwf_ifs025+gfs_global+icon_global,64.5,not defined,0,"season: n >= 300, dates >= 60, points >= 10"
B4|shared-data:ecmwf_ifs025+gfs_global+icon_global|-|precip|L7|pooled=all-points|post-monsoon|all|T115.6,A4|shared-data:ecmwf_ifs025+gfs_global+icon_global|-|precip|L7|pooled=all-points|post-monsoon|all,B4,shared-data:ecmwf_ifs025+gfs_global+icon_global,115.6,not defined,0,"season: n >= 300, dates >= 60, points >= 10"
B4|shared-data:ecmwf_ifs025+gfs_global+icon_global|-|precip|L7|pooled=all-points|post-monsoon|all|T35.6,A4|shared-data:ecmwf_ifs025+gfs_global+icon_global|-|precip|L7|pooled=all-points|post-monsoon|all,B4,shared-data:ecmwf_ifs025+gfs_global+icon_global,35.6,not defined,0,"season: n >= 300, dates >= 60, points >= 10"
B4|shared-data:ecmwf_ifs025+gfs_global+icon_global|-|precip|L7|pooled=all-points|post-monsoon|all|T64.5,A4|shared-data:ecmwf_ifs025+gfs_global+icon_global|-|precip|L7|pooled=all-points|post-monsoon|all,B4,shared-data:ecmwf_ifs025+gfs_global+icon_global,64.5,not defined,0,"season: n >= 300, dates >= 60, points >= 10"
B4|shared-data:ecmwf_ifs025+gfs_global+icon_global|-|precip|L7|pooled=all-points|pre-monsoon|all|T115.6,A4|shared-data:ecmwf_ifs025+gfs_global+icon_global|-|precip|L7|pooled=all-points|pre-monsoon|all,B4,shared-data:ecmwf_ifs025+gfs_global+icon_global,115.6,not defined,0,"season: n >= 300, dates >= 60, points >= 10"
B4|shared-data:ecmwf_ifs025+gfs_global+icon_global|-|precip|L7|pooled=all-points|pre-monsoon|all|T35.6,A4|shared-data:ecmwf_ifs025+gfs_global+icon_global|-|precip|L7|pooled=all-points|pre-monsoon|all,B4,shared-data:ecmwf_ifs025+gfs_global+icon_global,35.6,not defined,0,"season: n >= 300, dates >= 60, points >= 10"
B4|shared-data:ecmwf_ifs025+gfs_global+icon_global|-|precip|L7|pooled=all-points|pre-monsoon|all|T64.5,A4|shared-data:ecmwf_ifs025+gfs_global+icon_global|-|precip|L7|pooled=all-points|pre-monsoon|all,B4,shared-data:ecmwf_ifs025+gfs_global+icon_global,64.5,not defined,0,"season: n >= 300, dates >= 60, points >= 10"
B4|shared-data:ecmwf_ifs025+gfs_global+icon_global|-|precip|L7|pooled=all-points|winter|all|T115.6,A4|shared-data:ecmwf_ifs025+gfs_global+icon_global|-|precip|L7|pooled=all-points|winter|all,B4,shared-data:ecmwf_ifs025+gfs_global+icon_global,115.6,not defined,0,"season: n >= 300, dates >= 60, points >= 10"
B4|shared-data:ecmwf_ifs025+gfs_global+icon_global|-|precip|L7|pooled=all-points|winter|all|T35.6,A4|shared-data:ecmwf_ifs025+gfs_global+icon_global|-|precip|L7|pooled=all-points|winter|all,B4,shared-data:ecmwf_ifs025+gfs_global+icon_global,35.6,not defined,0,"season: n >= 300, dates >= 60, points >= 10"
B4|shared-data:ecmwf_ifs025+gfs_global+icon_global|-|precip|L7|pooled=all-points|winter|all|T64.5,A4|shared-data:ecmwf_ifs025+gfs_global+icon_global|-|precip|L7|pooled=all-points|winter|all,B4,shared-data:ecmwf_ifs025+gfs_global+icon_global,64.5,not defined,0,"season: n >= 300, dates >= 60, points >= 10"
B4|shared-data:ecmwf_ifs025+gfs_global+icon_global|-|precip|L7|region=central|all|all|T115.6,A4|shared-data:ecmwf_ifs025+gfs_global+icon_global|-|precip|L7|region=central|all|all,B4,shared-data:ecmwf_ifs025+gfs_global+icon_global,115.6,not defined,0,"region: n >= 300, dates >= 60, points >= 3"
B4|shared-data:ecmwf_ifs025+gfs_global+icon_global|-|precip|L7|region=central|all|all|T35.6,A4|shared-data:ecmwf_ifs025+gfs_global+icon_global|-|precip|L7|region=central|all|all,B4,shared-data:ecmwf_ifs025+gfs_global+icon_global,35.6,not defined,0,"region: n >= 300, dates >= 60, points >= 3"
B4|shared-data:ecmwf_ifs025+gfs_global+icon_global|-|precip|L7|region=central|all|all|T64.5,A4|shared-data:ecmwf_ifs025+gfs_global+icon_global|-|precip|L7|region=central|all|all,B4,shared-data:ecmwf_ifs025+gfs_global+icon_global,64.5,not defined,0,"region: n >= 300, dates >= 60, points >= 3"
B4|shared-data:ecmwf_ifs025+gfs_global+icon_global|-|precip|L7|region=central|monsoon|all|T115.6,A4|shared-data:ecmwf_ifs025+gfs_global+icon_global|-|precip|L7|region=central|monsoon|all,B4,shared-data:ecmwf_ifs025+gfs_global+icon_global,115.6,not defined,0,"region: n >= 300, dates >= 60, points >= 3"
B4|shared-data:ecmwf_ifs025+gfs_global+icon_global|-|precip|L7|region=central|monsoon|all|T35.6,A4|shared-data:ecmwf_ifs025+gfs_global+icon_global|-|precip|L7|region=central|monsoon|all,B4,shared-data:ecmwf_ifs025+gfs_global+icon_global,35.6,not defined,0,"region: n >= 300, dates >= 60, points >= 3"
B4|shared-data:ecmwf_ifs025+gfs_global+icon_global|-|precip|L7|region=central|monsoon|all|T64.5,A4|shared-data:ecmwf_ifs025+gfs_global+icon_global|-|precip|L7|region=central|monsoon|all,B4,shared-data:ecmwf_ifs025+gfs_global+icon_global,64.5,not defined,0,"region: n >= 300, dates >= 60, points >= 3"
B4|shared-data:ecmwf_ifs025+gfs_global+icon_global|-|precip|L7|region=central|post-monsoon|all|T115.6,A4|shared-data:ecmwf_ifs025+gfs_global+icon_global|-|precip|L7|region=central|post-monsoon|all,B4,shared-data:ecmwf_ifs025+gfs_global+icon_global,115.6,not defined,0,"region: n >= 300, dates >= 60, points >= 3"
B4|shared-data:ecmwf_ifs025+gfs_global+icon_global|-|precip|L7|region=central|post-monsoon|all|T35.6,A4|shared-data:ecmwf_ifs025+gfs_global+icon_global|-|precip|L7|region=central|post-monsoon|all,B4,shared-data:ecmwf_ifs025+gfs_global+icon_global,35.6,not defined,0,"region: n >= 300, dates >= 60, points >= 3"
B4|shared-data:ecmwf_ifs025+gfs_global+icon_global|-|precip|L7|region=central|post-monsoon|all|T64.5,A4|shared-data:ecmwf_ifs025+gfs_global+icon_global|-|precip|L7|region=central|post-monsoon|all,B4,shared-data:ecmwf_ifs025+gfs_global+icon_global,64.5,not defined,0,"region: n >= 300, dates >= 60, points >= 3"
B4|shared-data:ecmwf_ifs025+gfs_global+icon_global|-|precip|L7|region=central|pre-monsoon|all|T115.6,A4|shared-data:ecmwf_ifs025+gfs_global+icon_global|-|precip|L7|region=central|pre-monsoon|all,B4,shared-data:ecmwf_ifs025+gfs_global+icon_global,115.6,not defined,0,"region: n >= 300, dates >= 60, points >= 3"
B4|shared-data:ecmwf_ifs025+gfs_global+icon_global|-|precip|L7|region=central|pre-monsoon|all|T35.6,A4|shared-data:ecmwf_ifs025+gfs_global+icon_global|-|precip|L7|region=central|pre-monsoon|all,B4,shared-data:ecmwf_ifs025+gfs_global+icon_global,35.6,not defined,0,"region: n >= 300, dates >= 60, points >= 3"
B4|shared-data:ecmwf_ifs025+gfs_global+icon_global|-|precip|L7|region=central|pre-monsoon|all|T64.5,A4|shared-data:ecmwf_ifs025+gfs_global+icon_global|-|precip|L7|region=central|pre-monsoon|all,B4,shared-data:ecmwf_ifs025+gfs_global+icon_global,64.5,not defined,0,"region: n >= 300, dates >= 60, points >= 3"
B4|shared-data:ecmwf_ifs025+gfs_global+icon_global|-|precip|L7|region=central|winter|all|T115.6,A4|shared-data:ecmwf_ifs025+gfs_global+icon_global|-|precip|L7|region=central|winter|all,B4,shared-data:ecmwf_ifs025+gfs_global+icon_global,115.6,not defined,0,"region: n >= 300, dates >= 60, points >= 3"
B4|shared-data:ecmwf_ifs025+gfs_global+icon_global|-|precip|L7|region=central|winter|all|T35.6,A4|shared-data:ecmwf_ifs025+gfs_global+icon_global|-|precip|L7|region=central|winter|all,B4,shared-data:ecmwf_ifs025+gfs_global+icon_global,35.6,not defined,0,"region: n >= 300, dates >= 60, points >= 3"
B4|shared-data:ecmwf_ifs025+gfs_global+icon_global|-|precip|L7|region=central|winter|all|T64.5,A4|shared-data:ecmwf_ifs025+gfs_global+icon_global|-|precip|L7|region=central|winter|all,B4,shared-data:ecmwf_ifs025+gfs_global+icon_global,64.5,not defined,0,"region: n >= 300, dates >= 60, points >= 3"
B4|shared-data:ecmwf_ifs025+gfs_global+icon_global|-|precip|L7|region=east-north-east|all|all|T115.6,A4|shared-data:ecmwf_ifs025+gfs_global+icon_global|-|precip|L7|region=east-north-east|all|all,B4,shared-data:ecmwf_ifs025+gfs_global+icon_global,115.6,not defined,0,"region: n >= 300, dates >= 60, points >= 3"
B4|shared-data:ecmwf_ifs025+gfs_global+icon_global|-|precip|L7|region=east-north-east|all|all|T35.6,A4|shared-data:ecmwf_ifs025+gfs_global+icon_global|-|precip|L7|region=east-north-east|all|all,B4,shared-data:ecmwf_ifs025+gfs_global+icon_global,35.6,not defined,0,"region: n >= 300, dates >= 60, points >= 3"
B4|shared-data:ecmwf_ifs025+gfs_global+icon_global|-|precip|L7|region=east-north-east|all|all|T64.5,A4|shared-data:ecmwf_ifs025+gfs_global+icon_global|-|precip|L7|region=east-north-east|all|all,B4,shared-data:ecmwf_ifs025+gfs_global+icon_global,64.5,not defined,0,"region: n >= 300, dates >= 60, points >= 3"
B4|shared-data:ecmwf_ifs025+gfs_global+icon_global|-|precip|L7|region=east-north-east|monsoon|all|T115.6,A4|shared-data:ecmwf_ifs025+gfs_global+icon_global|-|precip|L7|region=east-north-east|monsoon|all,B4,shared-data:ecmwf_ifs025+gfs_global+icon_global,115.6,not defined,0,"region: n >= 300, dates >= 60, points >= 3"
B4|shared-data:ecmwf_ifs025+gfs_global+icon_global|-|precip|L7|region=east-north-east|monsoon|all|T35.6,A4|shared-data:ecmwf_ifs025+gfs_global+icon_global|-|precip|L7|region=east-north-east|monsoon|all,B4,shared-data:ecmwf_ifs025+gfs_global+icon_global,35.6,not defined,0,"region: n >= 300, dates >= 60, points >= 3"
B4|shared-data:ecmwf_ifs025+gfs_global+icon_global|-|precip|L7|region=east-north-east|monsoon|all|T64.5,A4|shared-data:ecmwf_ifs025+gfs_global+icon_global|-|precip|L7|region=east-north-east|monsoon|all,B4,shared-data:ecmwf_ifs025+gfs_global+icon_global,64.5,not defined,0,"region: n >= 300, dates >= 60, points >= 3"
B4|shared-data:ecmwf_ifs025+gfs_global+icon_global|-|precip|L7|region=east-north-east|post-monsoon|all|T115.6,A4|shared-data:ecmwf_ifs025+gfs_global+icon_global|-|precip|L7|region=east-north-east|post-monsoon|all,B4,shared-data:ecmwf_ifs025+gfs_global+icon_global,115.6,not defined,0,"region: n >= 300, dates >= 60, points >= 3"
B4|shared-data:ecmwf_ifs025+gfs_global+icon_global|-|precip|L7|region=east-north-east|post-monsoon|all|T35.6,A4|shared-data:ecmwf_ifs025+gfs_global+icon_global|-|precip|L7|region=east-north-east|post-monsoon|all,B4,shared-data:ecmwf_ifs025+gfs_global+icon_global,35.6,not defined,0,"region: n >= 300, dates >= 60, points >= 3"
B4|shared-data:ecmwf_ifs025+gfs_global+icon_global|-|precip|L7|region=east-north-east|post-monsoon|all|T64.5,A4|shared-data:ecmwf_ifs025+gfs_global+icon_global|-|precip|L7|region=east-north-east|post-monsoon|all,B4,shared-data:ecmwf_ifs025+gfs_global+icon_global,64.5,not defined,0,"region: n >= 300, dates >= 60, points >= 3"
B4|shared-data:ecmwf_ifs025+gfs_global+icon_global|-|precip|L7|region=east-north-east|pre-monsoon|all|T115.6,A4|shared-data:ecmwf_ifs025+gfs_global+icon_global|-|precip|L7|region=east-north-east|pre-monsoon|all,B4,shared-data:ecmwf_ifs025+gfs_global+icon_global,115.6,not defined,0,"region: n >= 300, dates >= 60, points >= 3"
B4|shared-data:ecmwf_ifs025+gfs_global+icon_global|-|precip|L7|region=east-north-east|pre-monsoon|all|T35.6,A4|shared-data:ecmwf_ifs025+gfs_global+icon_global|-|precip|L7|region=east-north-east|pre-monsoon|all,B4,shared-data:ecmwf_ifs025+gfs_global+icon_global,35.6,not defined,0,"region: n >= 300, dates >= 60, points >= 3"
B4|shared-data:ecmwf_ifs025+gfs_global+icon_global|-|precip|L7|region=east-north-east|pre-monsoon|all|T64.5,A4|shared-data:ecmwf_ifs025+gfs_global+icon_global|-|precip|L7|region=east-north-east|pre-monsoon|all,B4,shared-data:ecmwf_ifs025+gfs_global+icon_global,64.5,not defined,0,"region: n >= 300, dates >= 60, points >= 3"
B4|shared-data:ecmwf_ifs025+gfs_global+icon_global|-|precip|L7|region=east-north-east|winter|all|T115.6,A4|shared-data:ecmwf_ifs025+gfs_global+icon_global|-|precip|L7|region=east-north-east|winter|all,B4,shared-data:ecmwf_ifs025+gfs_global+icon_global,115.6,not defined,0,"region: n >= 300, dates >= 60, points >= 3"
B4|shared-data:ecmwf_ifs025+gfs_global+icon_global|-|precip|L7|region=east-north-east|winter|all|T35.6,A4|shared-data:ecmwf_ifs025+gfs_global+icon_global|-|precip|L7|region=east-north-east|winter|all,B4,shared-data:ecmwf_ifs025+gfs_global+icon_global,35.6,not defined,0,"region: n >= 300, dates >= 60, points >= 3"
B4|shared-data:ecmwf_ifs025+gfs_global+icon_global|-|precip|L7|region=east-north-east|winter|all|T64.5,A4|shared-data:ecmwf_ifs025+gfs_global+icon_global|-|precip|L7|region=east-north-east|winter|all,B4,shared-data:ecmwf_ifs025+gfs_global+icon_global,64.5,not defined,0,"region: n >= 300, dates >= 60, points >= 3"
B4|shared-data:ecmwf_ifs025+gfs_global+icon_global|-|precip|L7|region=islands|all|all|T115.6,A4|shared-data:ecmwf_ifs025+gfs_global+icon_global|-|precip|L7|region=islands|all|all,B4,shared-data:ecmwf_ifs025+gfs_global+icon_global,115.6,not defined,0,"region: n >= 300, dates >= 60, points >= 3"
B4|shared-data:ecmwf_ifs025+gfs_global+icon_global|-|precip|L7|region=islands|all|all|T35.6,A4|shared-data:ecmwf_ifs025+gfs_global+icon_global|-|precip|L7|region=islands|all|all,B4,shared-data:ecmwf_ifs025+gfs_global+icon_global,35.6,not defined,0,"region: n >= 300, dates >= 60, points >= 3"
B4|shared-data:ecmwf_ifs025+gfs_global+icon_global|-|precip|L7|region=islands|all|all|T64.5,A4|shared-data:ecmwf_ifs025+gfs_global+icon_global|-|precip|L7|region=islands|all|all,B4,shared-data:ecmwf_ifs025+gfs_global+icon_global,64.5,not defined,0,"region: n >= 300, dates >= 60, points >= 3"
B4|shared-data:ecmwf_ifs025+gfs_global+icon_global|-|precip|L7|region=islands|monsoon|all|T115.6,A4|shared-data:ecmwf_ifs025+gfs_global+icon_global|-|precip|L7|region=islands|monsoon|all,B4,shared-data:ecmwf_ifs025+gfs_global+icon_global,115.6,not defined,0,"region: n >= 300, dates >= 60, points >= 3"
B4|shared-data:ecmwf_ifs025+gfs_global+icon_global|-|precip|L7|region=islands|monsoon|all|T35.6,A4|shared-data:ecmwf_ifs025+gfs_global+icon_global|-|precip|L7|region=islands|monsoon|all,B4,shared-data:ecmwf_ifs025+gfs_global+icon_global,35.6,not defined,0,"region: n >= 300, dates >= 60, points >= 3"
B4|shared-data:ecmwf_ifs025+gfs_global+icon_global|-|precip|L7|region=islands|monsoon|all|T64.5,A4|shared-data:ecmwf_ifs025+gfs_global+icon_global|-|precip|L7|region=islands|monsoon|all,B4,shared-data:ecmwf_ifs025+gfs_global+icon_global,64.5,not defined,0,"region: n >= 300, dates >= 60, points >= 3"
B4|shared-data:ecmwf_ifs025+gfs_global+icon_global|-|precip|L7|region=islands|post-monsoon|all|T115.6,A4|shared-data:ecmwf_ifs025+gfs_global+icon_global|-|precip|L7|region=islands|post-monsoon|all,B4,shared-data:ecmwf_ifs025+gfs_global+icon_global,115.6,not defined,0,"region: n >= 300, dates >= 60, points >= 3"
B4|shared-data:ecmwf_ifs025+gfs_global+icon_global|-|precip|L7|region=islands|post-monsoon|all|T35.6,A4|shared-data:ecmwf_ifs025+gfs_global+icon_global|-|precip|L7|region=islands|post-monsoon|all,B4,shared-data:ecmwf_ifs025+gfs_global+icon_global,35.6,not defined,0,"region: n >= 300, dates >= 60, points >= 3"
B4|shared-data:ecmwf_ifs025+gfs_global+icon_global|-|precip|L7|region=islands|post-monsoon|all|T64.5,A4|shared-data:ecmwf_ifs025+gfs_global+icon_global|-|precip|L7|region=islands|post-monsoon|all,B4,shared-data:ecmwf_ifs025+gfs_global+icon_global,64.5,not defined,0,"region: n >= 300, dates >= 60, points >= 3"
B4|shared-data:ecmwf_ifs025+gfs_global+icon_global|-|precip|L7|region=islands|pre-monsoon|all|T115.6,A4|shared-data:ecmwf_ifs025+gfs_global+icon_global|-|precip|L7|region=islands|pre-monsoon|all,B4,shared-data:ecmwf_ifs025+gfs_global+icon_global,115.6,not defined,0,"region: n >= 300, dates >= 60, points >= 3"
B4|shared-data:ecmwf_ifs025+gfs_global+icon_global|-|precip|L7|region=islands|pre-monsoon|all|T35.6,A4|shared-data:ecmwf_ifs025+gfs_global+icon_global|-|precip|L7|region=islands|pre-monsoon|all,B4,shared-data:ecmwf_ifs025+gfs_global+icon_global,35.6,not defined,0,"region: n >= 300, dates >= 60, points >= 3"
B4|shared-data:ecmwf_ifs025+gfs_global+icon_global|-|precip|L7|region=islands|pre-monsoon|all|T64.5,A4|shared-data:ecmwf_ifs025+gfs_global+icon_global|-|precip|L7|region=islands|pre-monsoon|all,B4,shared-data:ecmwf_ifs025+gfs_global+icon_global,64.5,not defined,0,"region: n >= 300, dates >= 60, points >= 3"
B4|shared-data:ecmwf_ifs025+gfs_global+icon_global|-|precip|L7|region=islands|winter|all|T115.6,A4|shared-data:ecmwf_ifs025+gfs_global+icon_global|-|precip|L7|region=islands|winter|all,B4,shared-data:ecmwf_ifs025+gfs_global+icon_global,115.6,not defined,0,"region: n >= 300, dates >= 60, points >= 3"
B4|shared-data:ecmwf_ifs025+gfs_global+icon_global|-|precip|L7|region=islands|winter|all|T35.6,A4|shared-data:ecmwf_ifs025+gfs_global+icon_global|-|precip|L7|region=islands|winter|all,B4,shared-data:ecmwf_ifs025+gfs_global+icon_global,35.6,not defined,0,"region: n >= 300, dates >= 60, points >= 3"
B4|shared-data:ecmwf_ifs025+gfs_global+icon_global|-|precip|L7|region=islands|winter|all|T64.5,A4|shared-data:ecmwf_ifs025+gfs_global+icon_global|-|precip|L7|region=islands|winter|all,B4,shared-data:ecmwf_ifs025+gfs_global+icon_global,64.5,not defined,0,"region: n >= 300, dates >= 60, points >= 3"
B4|shared-data:ecmwf_ifs025+gfs_global+icon_global|-|precip|L7|region=north-west|all|all|T115.6,A4|shared-data:ecmwf_ifs025+gfs_global+icon_global|-|precip|L7|region=north-west|all|all,B4,shared-data:ecmwf_ifs025+gfs_global+icon_global,115.6,not defined,0,"region: n >= 300, dates >= 60, points >= 3"
B4|shared-data:ecmwf_ifs025+gfs_global+icon_global|-|precip|L7|region=north-west|all|all|T35.6,A4|shared-data:ecmwf_ifs025+gfs_global+icon_global|-|precip|L7|region=north-west|all|all,B4,shared-data:ecmwf_ifs025+gfs_global+icon_global,35.6,not defined,0,"region: n >= 300, dates >= 60, points >= 3"
B4|shared-data:ecmwf_ifs025+gfs_global+icon_global|-|precip|L7|region=north-west|all|all|T64.5,A4|shared-data:ecmwf_ifs025+gfs_global+icon_global|-|precip|L7|region=north-west|all|all,B4,shared-data:ecmwf_ifs025+gfs_global+icon_global,64.5,not defined,0,"region: n >= 300, dates >= 60, points >= 3"
B4|shared-data:ecmwf_ifs025+gfs_global+icon_global|-|precip|L7|region=north-west|monsoon|all|T115.6,A4|shared-data:ecmwf_ifs025+gfs_global+icon_global|-|precip|L7|region=north-west|monsoon|all,B4,shared-data:ecmwf_ifs025+gfs_global+icon_global,115.6,not defined,0,"region: n >= 300, dates >= 60, points >= 3"
B4|shared-data:ecmwf_ifs025+gfs_global+icon_global|-|precip|L7|region=north-west|monsoon|all|T35.6,A4|shared-data:ecmwf_ifs025+gfs_global+icon_global|-|precip|L7|region=north-west|monsoon|all,B4,shared-data:ecmwf_ifs025+gfs_global+icon_global,35.6,not defined,0,"region: n >= 300, dates >= 60, points >= 3"
B4|shared-data:ecmwf_ifs025+gfs_global+icon_global|-|precip|L7|region=north-west|monsoon|all|T64.5,A4|shared-data:ecmwf_ifs025+gfs_global+icon_global|-|precip|L7|region=north-west|monsoon|all,B4,shared-data:ecmwf_ifs025+gfs_global+icon_global,64.5,not defined,0,"region: n >= 300, dates >= 60, points >= 3"
B4|shared-data:ecmwf_ifs025+gfs_global+icon_global|-|precip|L7|region=north-west|post-monsoon|all|T115.6,A4|shared-data:ecmwf_ifs025+gfs_global+icon_global|-|precip|L7|region=north-west|post-monsoon|all,B4,shared-data:ecmwf_ifs025+gfs_global+icon_global,115.6,not defined,0,"region: n >= 300, dates >= 60, points >= 3"
B4|shared-data:ecmwf_ifs025+gfs_global+icon_global|-|precip|L7|region=north-west|post-monsoon|all|T35.6,A4|shared-data:ecmwf_ifs025+gfs_global+icon_global|-|precip|L7|region=north-west|post-monsoon|all,B4,shared-data:ecmwf_ifs025+gfs_global+icon_global,35.6,not defined,0,"region: n >= 300, dates >= 60, points >= 3"
B4|shared-data:ecmwf_ifs025+gfs_global+icon_global|-|precip|L7|region=north-west|post-monsoon|all|T64.5,A4|shared-data:ecmwf_ifs025+gfs_global+icon_global|-|precip|L7|region=north-west|post-monsoon|all,B4,shared-data:ecmwf_ifs025+gfs_global+icon_global,64.5,not defined,0,"region: n >= 300, dates >= 60, points >= 3"
B4|shared-data:ecmwf_ifs025+gfs_global+icon_global|-|precip|L7|region=north-west|pre-monsoon|all|T115.6,A4|shared-data:ecmwf_ifs025+gfs_global+icon_global|-|precip|L7|region=north-west|pre-monsoon|all,B4,shared-data:ecmwf_ifs025+gfs_global+icon_global,115.6,not defined,0,"region: n >= 300, dates >= 60, points >= 3"
B4|shared-data:ecmwf_ifs025+gfs_global+icon_global|-|precip|L7|region=north-west|pre-monsoon|all|T35.6,A4|shared-data:ecmwf_ifs025+gfs_global+icon_global|-|precip|L7|region=north-west|pre-monsoon|all,B4,shared-data:ecmwf_ifs025+gfs_global+icon_global,35.6,not defined,0,"region: n >= 300, dates >= 60, points >= 3"
B4|shared-data:ecmwf_ifs025+gfs_global+icon_global|-|precip|L7|region=north-west|pre-monsoon|all|T64.5,A4|shared-data:ecmwf_ifs025+gfs_global+icon_global|-|precip|L7|region=north-west|pre-monsoon|all,B4,shared-data:ecmwf_ifs025+gfs_global+icon_global,64.5,not defined,0,"region: n >= 300, dates >= 60, points >= 3"
B4|shared-data:ecmwf_ifs025+gfs_global+icon_global|-|precip|L7|region=north-west|winter|all|T115.6,A4|shared-data:ecmwf_ifs025+gfs_global+icon_global|-|precip|L7|region=north-west|winter|all,B4,shared-data:ecmwf_ifs025+gfs_global+icon_global,115.6,not defined,0,"region: n >= 300, dates >= 60, points >= 3"
B4|shared-data:ecmwf_ifs025+gfs_global+icon_global|-|precip|L7|region=north-west|winter|all|T35.6,A4|shared-data:ecmwf_ifs025+gfs_global+icon_global|-|precip|L7|region=north-west|winter|all,B4,shared-data:ecmwf_ifs025+gfs_global+icon_global,35.6,not defined,0,"region: n >= 300, dates >= 60, points >= 3"
B4|shared-data:ecmwf_ifs025+gfs_global+icon_global|-|precip|L7|region=north-west|winter|all|T64.5,A4|shared-data:ecmwf_ifs025+gfs_global+icon_global|-|precip|L7|region=north-west|winter|all,B4,shared-data:ecmwf_ifs025+gfs_global+icon_global,64.5,not defined,0,"region: n >= 300, dates >= 60, points >= 3"
B4|shared-data:ecmwf_ifs025+gfs_global+icon_global|-|precip|L7|region=south-peninsula|all|all|T115.6,A4|shared-data:ecmwf_ifs025+gfs_global+icon_global|-|precip|L7|region=south-peninsula|all|all,B4,shared-data:ecmwf_ifs025+gfs_global+icon_global,115.6,not defined,0,"region: n >= 300, dates >= 60, points >= 3"
B4|shared-data:ecmwf_ifs025+gfs_global+icon_global|-|precip|L7|region=south-peninsula|all|all|T35.6,A4|shared-data:ecmwf_ifs025+gfs_global+icon_global|-|precip|L7|region=south-peninsula|all|all,B4,shared-data:ecmwf_ifs025+gfs_global+icon_global,35.6,not defined,0,"region: n >= 300, dates >= 60, points >= 3"
B4|shared-data:ecmwf_ifs025+gfs_global+icon_global|-|precip|L7|region=south-peninsula|all|all|T64.5,A4|shared-data:ecmwf_ifs025+gfs_global+icon_global|-|precip|L7|region=south-peninsula|all|all,B4,shared-data:ecmwf_ifs025+gfs_global+icon_global,64.5,not defined,0,"region: n >= 300, dates >= 60, points >= 3"
B4|shared-data:ecmwf_ifs025+gfs_global+icon_global|-|precip|L7|region=south-peninsula|monsoon|all|T115.6,A4|shared-data:ecmwf_ifs025+gfs_global+icon_global|-|precip|L7|region=south-peninsula|monsoon|all,B4,shared-data:ecmwf_ifs025+gfs_global+icon_global,115.6,not defined,0,"region: n >= 300, dates >= 60, points >= 3"
B4|shared-data:ecmwf_ifs025+gfs_global+icon_global|-|precip|L7|region=south-peninsula|monsoon|all|T35.6,A4|shared-data:ecmwf_ifs025+gfs_global+icon_global|-|precip|L7|region=south-peninsula|monsoon|all,B4,shared-data:ecmwf_ifs025+gfs_global+icon_global,35.6,not defined,0,"region: n >= 300, dates >= 60, points >= 3"
B4|shared-data:ecmwf_ifs025+gfs_global+icon_global|-|precip|L7|region=south-peninsula|monsoon|all|T64.5,A4|shared-data:ecmwf_ifs025+gfs_global+icon_global|-|precip|L7|region=south-peninsula|monsoon|all,B4,shared-data:ecmwf_ifs025+gfs_global+icon_global,64.5,not defined,0,"region: n >= 300, dates >= 60, points >= 3"
B4|shared-data:ecmwf_ifs025+gfs_global+icon_global|-|precip|L7|region=south-peninsula|post-monsoon|all|T115.6,A4|shared-data:ecmwf_ifs025+gfs_global+icon_global|-|precip|L7|region=south-peninsula|post-monsoon|all,B4,shared-data:ecmwf_ifs025+gfs_global+icon_global,115.6,not defined,0,"region: n >= 300, dates >= 60, points >= 3"
B4|shared-data:ecmwf_ifs025+gfs_global+icon_global|-|precip|L7|region=south-peninsula|post-monsoon|all|T35.6,A4|shared-data:ecmwf_ifs025+gfs_global+icon_global|-|precip|L7|region=south-peninsula|post-monsoon|all,B4,shared-data:ecmwf_ifs025+gfs_global+icon_global,35.6,not defined,0,"region: n >= 300, dates >= 60, points >= 3"
B4|shared-data:ecmwf_ifs025+gfs_global+icon_global|-|precip|L7|region=south-peninsula|post-monsoon|all|T64.5,A4|shared-data:ecmwf_ifs025+gfs_global+icon_global|-|precip|L7|region=south-peninsula|post-monsoon|all,B4,shared-data:ecmwf_ifs025+gfs_global+icon_global,64.5,not defined,0,"region: n >= 300, dates >= 60, points >= 3"
B4|shared-data:ecmwf_ifs025+gfs_global+icon_global|-|precip|L7|region=south-peninsula|pre-monsoon|all|T115.6,A4|shared-data:ecmwf_ifs025+gfs_global+icon_global|-|precip|L7|region=south-peninsula|pre-monsoon|all,B4,shared-data:ecmwf_ifs025+gfs_global+icon_global,115.6,not defined,0,"region: n >= 300, dates >= 60, points >= 3"
B4|shared-data:ecmwf_ifs025+gfs_global+icon_global|-|precip|L7|region=south-peninsula|pre-monsoon|all|T35.6,A4|shared-data:ecmwf_ifs025+gfs_global+icon_global|-|precip|L7|region=south-peninsula|pre-monsoon|all,B4,shared-data:ecmwf_ifs025+gfs_global+icon_global,35.6,not defined,0,"region: n >= 300, dates >= 60, points >= 3"
B4|shared-data:ecmwf_ifs025+gfs_global+icon_global|-|precip|L7|region=south-peninsula|pre-monsoon|all|T64.5,A4|shared-data:ecmwf_ifs025+gfs_global+icon_global|-|precip|L7|region=south-peninsula|pre-monsoon|all,B4,shared-data:ecmwf_ifs025+gfs_global+icon_global,64.5,not defined,0,"region: n >= 300, dates >= 60, points >= 3"
B4|shared-data:ecmwf_ifs025+gfs_global+icon_global|-|precip|L7|region=south-peninsula|winter|all|T115.6,A4|shared-data:ecmwf_ifs025+gfs_global+icon_global|-|precip|L7|region=south-peninsula|winter|all,B4,shared-data:ecmwf_ifs025+gfs_global+icon_global,115.6,not defined,0,"region: n >= 300, dates >= 60, points >= 3"
B4|shared-data:ecmwf_ifs025+gfs_global+icon_global|-|precip|L7|region=south-peninsula|winter|all|T35.6,A4|shared-data:ecmwf_ifs025+gfs_global+icon_global|-|precip|L7|region=south-peninsula|winter|all,B4,shared-data:ecmwf_ifs025+gfs_global+icon_global,35.6,not defined,0,"region: n >= 300, dates >= 60, points >= 3"
B4|shared-data:ecmwf_ifs025+gfs_global+icon_global|-|precip|L7|region=south-peninsula|winter|all|T64.5,A4|shared-data:ecmwf_ifs025+gfs_global+icon_global|-|precip|L7|region=south-peninsula|winter|all,B4,shared-data:ecmwf_ifs025+gfs_global+icon_global,64.5,not defined,0,"region: n >= 300, dates >= 60, points >= 3"
B4|shared-data:ecmwf_ifs025+gfs_global|-|precip|L1|region=islands|all|all|T115.6,A4|shared-data:ecmwf_ifs025+gfs_global|-|precip|L1|region=islands|all|all,B4,shared-data:ecmwf_ifs025+gfs_global,115.6,insufficient sample,1878,"region: n >= 300, dates >= 60, points >= 3"
B4|shared-data:ecmwf_ifs025+gfs_global|-|precip|L1|region=islands|all|all|T35.6,A4|shared-data:ecmwf_ifs025+gfs_global|-|precip|L1|region=islands|all|all,B4,shared-data:ecmwf_ifs025+gfs_global,35.6,insufficient sample,1878,"region: n >= 300, dates >= 60, points >= 3"
B4|shared-data:ecmwf_ifs025+gfs_global|-|precip|L1|region=islands|all|all|T64.5,A4|shared-data:ecmwf_ifs025+gfs_global|-|precip|L1|region=islands|all|all,B4,shared-data:ecmwf_ifs025+gfs_global,64.5,insufficient sample,1878,"region: n >= 300, dates >= 60, points >= 3"
B4|shared-data:ecmwf_ifs025+gfs_global|-|precip|L1|region=islands|monsoon|all|T115.6,A4|shared-data:ecmwf_ifs025+gfs_global|-|precip|L1|region=islands|monsoon|all,B4,shared-data:ecmwf_ifs025+gfs_global,115.6,insufficient sample,672,"region: n >= 300, dates >= 60, points >= 3"
B4|shared-data:ecmwf_ifs025+gfs_global|-|precip|L1|region=islands|monsoon|all|T35.6,A4|shared-data:ecmwf_ifs025+gfs_global|-|precip|L1|region=islands|monsoon|all,B4,shared-data:ecmwf_ifs025+gfs_global,35.6,insufficient sample,672,"region: n >= 300, dates >= 60, points >= 3"
B4|shared-data:ecmwf_ifs025+gfs_global|-|precip|L1|region=islands|monsoon|all|T64.5,A4|shared-data:ecmwf_ifs025+gfs_global|-|precip|L1|region=islands|monsoon|all,B4,shared-data:ecmwf_ifs025+gfs_global,64.5,insufficient sample,672,"region: n >= 300, dates >= 60, points >= 3"
B4|shared-data:ecmwf_ifs025+gfs_global|-|precip|L1|region=islands|post-monsoon|all|T115.6,A4|shared-data:ecmwf_ifs025+gfs_global|-|precip|L1|region=islands|post-monsoon|all,B4,shared-data:ecmwf_ifs025+gfs_global,115.6,insufficient sample,368,"region: n >= 300, dates >= 60, points >= 3"
B4|shared-data:ecmwf_ifs025+gfs_global|-|precip|L1|region=islands|post-monsoon|all|T35.6,A4|shared-data:ecmwf_ifs025+gfs_global|-|precip|L1|region=islands|post-monsoon|all,B4,shared-data:ecmwf_ifs025+gfs_global,35.6,insufficient sample,368,"region: n >= 300, dates >= 60, points >= 3"
B4|shared-data:ecmwf_ifs025+gfs_global|-|precip|L1|region=islands|post-monsoon|all|T64.5,A4|shared-data:ecmwf_ifs025+gfs_global|-|precip|L1|region=islands|post-monsoon|all,B4,shared-data:ecmwf_ifs025+gfs_global,64.5,insufficient sample,368,"region: n >= 300, dates >= 60, points >= 3"
B4|shared-data:ecmwf_ifs025+gfs_global|-|precip|L1|region=islands|pre-monsoon|all|T115.6,A4|shared-data:ecmwf_ifs025+gfs_global|-|precip|L1|region=islands|pre-monsoon|all,B4,shared-data:ecmwf_ifs025+gfs_global,115.6,insufficient sample,552,"region: n >= 300, dates >= 60, points >= 3"
B4|shared-data:ecmwf_ifs025+gfs_global|-|precip|L1|region=islands|pre-monsoon|all|T35.6,A4|shared-data:ecmwf_ifs025+gfs_global|-|precip|L1|region=islands|pre-monsoon|all,B4,shared-data:ecmwf_ifs025+gfs_global,35.6,insufficient sample,552,"region: n >= 300, dates >= 60, points >= 3"
B4|shared-data:ecmwf_ifs025+gfs_global|-|precip|L1|region=islands|pre-monsoon|all|T64.5,A4|shared-data:ecmwf_ifs025+gfs_global|-|precip|L1|region=islands|pre-monsoon|all,B4,shared-data:ecmwf_ifs025+gfs_global,64.5,insufficient sample,552,"region: n >= 300, dates >= 60, points >= 3"
B4|shared-data:ecmwf_ifs025+gfs_global|-|precip|L1|region=islands|winter|all|T115.6,A4|shared-data:ecmwf_ifs025+gfs_global|-|precip|L1|region=islands|winter|all,B4,shared-data:ecmwf_ifs025+gfs_global,115.6,insufficient sample,286,"region: n >= 300, dates >= 60, points >= 3"
B4|shared-data:ecmwf_ifs025+gfs_global|-|precip|L1|region=islands|winter|all|T35.6,A4|shared-data:ecmwf_ifs025+gfs_global|-|precip|L1|region=islands|winter|all,B4,shared-data:ecmwf_ifs025+gfs_global,35.6,insufficient sample,286,"region: n >= 300, dates >= 60, points >= 3"
B4|shared-data:ecmwf_ifs025+gfs_global|-|precip|L1|region=islands|winter|all|T64.5,A4|shared-data:ecmwf_ifs025+gfs_global|-|precip|L1|region=islands|winter|all,B4,shared-data:ecmwf_ifs025+gfs_global,64.5,insufficient sample,286,"region: n >= 300, dates >= 60, points >= 3"
B4|shared-data:ecmwf_ifs025+gfs_global|-|precip|L2|region=islands|all|all|T115.6,A4|shared-data:ecmwf_ifs025+gfs_global|-|precip|L2|region=islands|all|all,B4,shared-data:ecmwf_ifs025+gfs_global,115.6,insufficient sample,1876,"region: n >= 300, dates >= 60, points >= 3"
B4|shared-data:ecmwf_ifs025+gfs_global|-|precip|L2|region=islands|all|all|T35.6,A4|shared-data:ecmwf_ifs025+gfs_global|-|precip|L2|region=islands|all|all,B4,shared-data:ecmwf_ifs025+gfs_global,35.6,insufficient sample,1876,"region: n >= 300, dates >= 60, points >= 3"
B4|shared-data:ecmwf_ifs025+gfs_global|-|precip|L2|region=islands|all|all|T64.5,A4|shared-data:ecmwf_ifs025+gfs_global|-|precip|L2|region=islands|all|all,B4,shared-data:ecmwf_ifs025+gfs_global,64.5,insufficient sample,1876,"region: n >= 300, dates >= 60, points >= 3"
B4|shared-data:ecmwf_ifs025+gfs_global|-|precip|L2|region=islands|monsoon|all|T115.6,A4|shared-data:ecmwf_ifs025+gfs_global|-|precip|L2|region=islands|monsoon|all,B4,shared-data:ecmwf_ifs025+gfs_global,115.6,insufficient sample,672,"region: n >= 300, dates >= 60, points >= 3"
B4|shared-data:ecmwf_ifs025+gfs_global|-|precip|L2|region=islands|monsoon|all|T35.6,A4|shared-data:ecmwf_ifs025+gfs_global|-|precip|L2|region=islands|monsoon|all,B4,shared-data:ecmwf_ifs025+gfs_global,35.6,insufficient sample,672,"region: n >= 300, dates >= 60, points >= 3"
B4|shared-data:ecmwf_ifs025+gfs_global|-|precip|L2|region=islands|monsoon|all|T64.5,A4|shared-data:ecmwf_ifs025+gfs_global|-|precip|L2|region=islands|monsoon|all,B4,shared-data:ecmwf_ifs025+gfs_global,64.5,insufficient sample,672,"region: n >= 300, dates >= 60, points >= 3"
B4|shared-data:ecmwf_ifs025+gfs_global|-|precip|L2|region=islands|post-monsoon|all|T115.6,A4|shared-data:ecmwf_ifs025+gfs_global|-|precip|L2|region=islands|post-monsoon|all,B4,shared-data:ecmwf_ifs025+gfs_global,115.6,insufficient sample,368,"region: n >= 300, dates >= 60, points >= 3"
B4|shared-data:ecmwf_ifs025+gfs_global|-|precip|L2|region=islands|post-monsoon|all|T35.6,A4|shared-data:ecmwf_ifs025+gfs_global|-|precip|L2|region=islands|post-monsoon|all,B4,shared-data:ecmwf_ifs025+gfs_global,35.6,insufficient sample,368,"region: n >= 300, dates >= 60, points >= 3"
B4|shared-data:ecmwf_ifs025+gfs_global|-|precip|L2|region=islands|post-monsoon|all|T64.5,A4|shared-data:ecmwf_ifs025+gfs_global|-|precip|L2|region=islands|post-monsoon|all,B4,shared-data:ecmwf_ifs025+gfs_global,64.5,insufficient sample,368,"region: n >= 300, dates >= 60, points >= 3"
B4|shared-data:ecmwf_ifs025+gfs_global|-|precip|L2|region=islands|pre-monsoon|all|T115.6,A4|shared-data:ecmwf_ifs025+gfs_global|-|precip|L2|region=islands|pre-monsoon|all,B4,shared-data:ecmwf_ifs025+gfs_global,115.6,insufficient sample,552,"region: n >= 300, dates >= 60, points >= 3"
B4|shared-data:ecmwf_ifs025+gfs_global|-|precip|L2|region=islands|pre-monsoon|all|T35.6,A4|shared-data:ecmwf_ifs025+gfs_global|-|precip|L2|region=islands|pre-monsoon|all,B4,shared-data:ecmwf_ifs025+gfs_global,35.6,insufficient sample,552,"region: n >= 300, dates >= 60, points >= 3"
B4|shared-data:ecmwf_ifs025+gfs_global|-|precip|L2|region=islands|pre-monsoon|all|T64.5,A4|shared-data:ecmwf_ifs025+gfs_global|-|precip|L2|region=islands|pre-monsoon|all,B4,shared-data:ecmwf_ifs025+gfs_global,64.5,insufficient sample,552,"region: n >= 300, dates >= 60, points >= 3"
B4|shared-data:ecmwf_ifs025+gfs_global|-|precip|L2|region=islands|winter|all|T115.6,A4|shared-data:ecmwf_ifs025+gfs_global|-|precip|L2|region=islands|winter|all,B4,shared-data:ecmwf_ifs025+gfs_global,115.6,insufficient sample,284,"region: n >= 300, dates >= 60, points >= 3"
B4|shared-data:ecmwf_ifs025+gfs_global|-|precip|L2|region=islands|winter|all|T35.6,A4|shared-data:ecmwf_ifs025+gfs_global|-|precip|L2|region=islands|winter|all,B4,shared-data:ecmwf_ifs025+gfs_global,35.6,insufficient sample,284,"region: n >= 300, dates >= 60, points >= 3"
B4|shared-data:ecmwf_ifs025+gfs_global|-|precip|L2|region=islands|winter|all|T64.5,A4|shared-data:ecmwf_ifs025+gfs_global|-|precip|L2|region=islands|winter|all,B4,shared-data:ecmwf_ifs025+gfs_global,64.5,insufficient sample,284,"region: n >= 300, dates >= 60, points >= 3"
B4|shared-data:ecmwf_ifs025+gfs_global|-|precip|L3|region=islands|all|all|T115.6,A4|shared-data:ecmwf_ifs025+gfs_global|-|precip|L3|region=islands|all|all,B4,shared-data:ecmwf_ifs025+gfs_global,115.6,insufficient sample,1874,"region: n >= 300, dates >= 60, points >= 3"
B4|shared-data:ecmwf_ifs025+gfs_global|-|precip|L3|region=islands|all|all|T35.6,A4|shared-data:ecmwf_ifs025+gfs_global|-|precip|L3|region=islands|all|all,B4,shared-data:ecmwf_ifs025+gfs_global,35.6,insufficient sample,1874,"region: n >= 300, dates >= 60, points >= 3"
B4|shared-data:ecmwf_ifs025+gfs_global|-|precip|L3|region=islands|all|all|T64.5,A4|shared-data:ecmwf_ifs025+gfs_global|-|precip|L3|region=islands|all|all,B4,shared-data:ecmwf_ifs025+gfs_global,64.5,insufficient sample,1874,"region: n >= 300, dates >= 60, points >= 3"
B4|shared-data:ecmwf_ifs025+gfs_global|-|precip|L3|region=islands|monsoon|all|T115.6,A4|shared-data:ecmwf_ifs025+gfs_global|-|precip|L3|region=islands|monsoon|all,B4,shared-data:ecmwf_ifs025+gfs_global,115.6,insufficient sample,672,"region: n >= 300, dates >= 60, points >= 3"
B4|shared-data:ecmwf_ifs025+gfs_global|-|precip|L3|region=islands|monsoon|all|T35.6,A4|shared-data:ecmwf_ifs025+gfs_global|-|precip|L3|region=islands|monsoon|all,B4,shared-data:ecmwf_ifs025+gfs_global,35.6,insufficient sample,672,"region: n >= 300, dates >= 60, points >= 3"
B4|shared-data:ecmwf_ifs025+gfs_global|-|precip|L3|region=islands|monsoon|all|T64.5,A4|shared-data:ecmwf_ifs025+gfs_global|-|precip|L3|region=islands|monsoon|all,B4,shared-data:ecmwf_ifs025+gfs_global,64.5,insufficient sample,672,"region: n >= 300, dates >= 60, points >= 3"
B4|shared-data:ecmwf_ifs025+gfs_global|-|precip|L3|region=islands|post-monsoon|all|T115.6,A4|shared-data:ecmwf_ifs025+gfs_global|-|precip|L3|region=islands|post-monsoon|all,B4,shared-data:ecmwf_ifs025+gfs_global,115.6,insufficient sample,368,"region: n >= 300, dates >= 60, points >= 3"
B4|shared-data:ecmwf_ifs025+gfs_global|-|precip|L3|region=islands|post-monsoon|all|T35.6,A4|shared-data:ecmwf_ifs025+gfs_global|-|precip|L3|region=islands|post-monsoon|all,B4,shared-data:ecmwf_ifs025+gfs_global,35.6,insufficient sample,368,"region: n >= 300, dates >= 60, points >= 3"
B4|shared-data:ecmwf_ifs025+gfs_global|-|precip|L3|region=islands|post-monsoon|all|T64.5,A4|shared-data:ecmwf_ifs025+gfs_global|-|precip|L3|region=islands|post-monsoon|all,B4,shared-data:ecmwf_ifs025+gfs_global,64.5,insufficient sample,368,"region: n >= 300, dates >= 60, points >= 3"
B4|shared-data:ecmwf_ifs025+gfs_global|-|precip|L3|region=islands|pre-monsoon|all|T115.6,A4|shared-data:ecmwf_ifs025+gfs_global|-|precip|L3|region=islands|pre-monsoon|all,B4,shared-data:ecmwf_ifs025+gfs_global,115.6,insufficient sample,552,"region: n >= 300, dates >= 60, points >= 3"
B4|shared-data:ecmwf_ifs025+gfs_global|-|precip|L3|region=islands|pre-monsoon|all|T35.6,A4|shared-data:ecmwf_ifs025+gfs_global|-|precip|L3|region=islands|pre-monsoon|all,B4,shared-data:ecmwf_ifs025+gfs_global,35.6,insufficient sample,552,"region: n >= 300, dates >= 60, points >= 3"
B4|shared-data:ecmwf_ifs025+gfs_global|-|precip|L3|region=islands|pre-monsoon|all|T64.5,A4|shared-data:ecmwf_ifs025+gfs_global|-|precip|L3|region=islands|pre-monsoon|all,B4,shared-data:ecmwf_ifs025+gfs_global,64.5,insufficient sample,552,"region: n >= 300, dates >= 60, points >= 3"
B4|shared-data:ecmwf_ifs025+gfs_global|-|precip|L3|region=islands|winter|all|T115.6,A4|shared-data:ecmwf_ifs025+gfs_global|-|precip|L3|region=islands|winter|all,B4,shared-data:ecmwf_ifs025+gfs_global,115.6,insufficient sample,282,"region: n >= 300, dates >= 60, points >= 3"
B4|shared-data:ecmwf_ifs025+gfs_global|-|precip|L3|region=islands|winter|all|T35.6,A4|shared-data:ecmwf_ifs025+gfs_global|-|precip|L3|region=islands|winter|all,B4,shared-data:ecmwf_ifs025+gfs_global,35.6,insufficient sample,282,"region: n >= 300, dates >= 60, points >= 3"
B4|shared-data:ecmwf_ifs025+gfs_global|-|precip|L3|region=islands|winter|all|T64.5,A4|shared-data:ecmwf_ifs025+gfs_global|-|precip|L3|region=islands|winter|all,B4,shared-data:ecmwf_ifs025+gfs_global,64.5,insufficient sample,282,"region: n >= 300, dates >= 60, points >= 3"
B4|shared-data:ecmwf_ifs025+gfs_global|-|precip|L4|region=islands|all|all|T115.6,A4|shared-data:ecmwf_ifs025+gfs_global|-|precip|L4|region=islands|all|all,B4,shared-data:ecmwf_ifs025+gfs_global,115.6,insufficient sample,1872,"region: n >= 300, dates >= 60, points >= 3"
B4|shared-data:ecmwf_ifs025+gfs_global|-|precip|L4|region=islands|all|all|T35.6,A4|shared-data:ecmwf_ifs025+gfs_global|-|precip|L4|region=islands|all|all,B4,shared-data:ecmwf_ifs025+gfs_global,35.6,insufficient sample,1872,"region: n >= 300, dates >= 60, points >= 3"
B4|shared-data:ecmwf_ifs025+gfs_global|-|precip|L4|region=islands|all|all|T64.5,A4|shared-data:ecmwf_ifs025+gfs_global|-|precip|L4|region=islands|all|all,B4,shared-data:ecmwf_ifs025+gfs_global,64.5,insufficient sample,1872,"region: n >= 300, dates >= 60, points >= 3"
B4|shared-data:ecmwf_ifs025+gfs_global|-|precip|L4|region=islands|monsoon|all|T115.6,A4|shared-data:ecmwf_ifs025+gfs_global|-|precip|L4|region=islands|monsoon|all,B4,shared-data:ecmwf_ifs025+gfs_global,115.6,insufficient sample,672,"region: n >= 300, dates >= 60, points >= 3"
B4|shared-data:ecmwf_ifs025+gfs_global|-|precip|L4|region=islands|monsoon|all|T35.6,A4|shared-data:ecmwf_ifs025+gfs_global|-|precip|L4|region=islands|monsoon|all,B4,shared-data:ecmwf_ifs025+gfs_global,35.6,insufficient sample,672,"region: n >= 300, dates >= 60, points >= 3"
B4|shared-data:ecmwf_ifs025+gfs_global|-|precip|L4|region=islands|monsoon|all|T64.5,A4|shared-data:ecmwf_ifs025+gfs_global|-|precip|L4|region=islands|monsoon|all,B4,shared-data:ecmwf_ifs025+gfs_global,64.5,insufficient sample,672,"region: n >= 300, dates >= 60, points >= 3"
B4|shared-data:ecmwf_ifs025+gfs_global|-|precip|L4|region=islands|post-monsoon|all|T115.6,A4|shared-data:ecmwf_ifs025+gfs_global|-|precip|L4|region=islands|post-monsoon|all,B4,shared-data:ecmwf_ifs025+gfs_global,115.6,insufficient sample,368,"region: n >= 300, dates >= 60, points >= 3"
B4|shared-data:ecmwf_ifs025+gfs_global|-|precip|L4|region=islands|post-monsoon|all|T35.6,A4|shared-data:ecmwf_ifs025+gfs_global|-|precip|L4|region=islands|post-monsoon|all,B4,shared-data:ecmwf_ifs025+gfs_global,35.6,insufficient sample,368,"region: n >= 300, dates >= 60, points >= 3"
B4|shared-data:ecmwf_ifs025+gfs_global|-|precip|L4|region=islands|post-monsoon|all|T64.5,A4|shared-data:ecmwf_ifs025+gfs_global|-|precip|L4|region=islands|post-monsoon|all,B4,shared-data:ecmwf_ifs025+gfs_global,64.5,insufficient sample,368,"region: n >= 300, dates >= 60, points >= 3"
B4|shared-data:ecmwf_ifs025+gfs_global|-|precip|L4|region=islands|pre-monsoon|all|T115.6,A4|shared-data:ecmwf_ifs025+gfs_global|-|precip|L4|region=islands|pre-monsoon|all,B4,shared-data:ecmwf_ifs025+gfs_global,115.6,insufficient sample,552,"region: n >= 300, dates >= 60, points >= 3"
B4|shared-data:ecmwf_ifs025+gfs_global|-|precip|L4|region=islands|pre-monsoon|all|T35.6,A4|shared-data:ecmwf_ifs025+gfs_global|-|precip|L4|region=islands|pre-monsoon|all,B4,shared-data:ecmwf_ifs025+gfs_global,35.6,insufficient sample,552,"region: n >= 300, dates >= 60, points >= 3"
B4|shared-data:ecmwf_ifs025+gfs_global|-|precip|L4|region=islands|pre-monsoon|all|T64.5,A4|shared-data:ecmwf_ifs025+gfs_global|-|precip|L4|region=islands|pre-monsoon|all,B4,shared-data:ecmwf_ifs025+gfs_global,64.5,insufficient sample,552,"region: n >= 300, dates >= 60, points >= 3"
B4|shared-data:ecmwf_ifs025+gfs_global|-|precip|L4|region=islands|winter|all|T115.6,A4|shared-data:ecmwf_ifs025+gfs_global|-|precip|L4|region=islands|winter|all,B4,shared-data:ecmwf_ifs025+gfs_global,115.6,insufficient sample,280,"region: n >= 300, dates >= 60, points >= 3"
B4|shared-data:ecmwf_ifs025+gfs_global|-|precip|L4|region=islands|winter|all|T35.6,A4|shared-data:ecmwf_ifs025+gfs_global|-|precip|L4|region=islands|winter|all,B4,shared-data:ecmwf_ifs025+gfs_global,35.6,insufficient sample,280,"region: n >= 300, dates >= 60, points >= 3"
B4|shared-data:ecmwf_ifs025+gfs_global|-|precip|L4|region=islands|winter|all|T64.5,A4|shared-data:ecmwf_ifs025+gfs_global|-|precip|L4|region=islands|winter|all,B4,shared-data:ecmwf_ifs025+gfs_global,64.5,insufficient sample,280,"region: n >= 300, dates >= 60, points >= 3"
B4|shared-data:ecmwf_ifs025+gfs_global|-|precip|L5|region=islands|all|all|T115.6,A4|shared-data:ecmwf_ifs025+gfs_global|-|precip|L5|region=islands|all|all,B4,shared-data:ecmwf_ifs025+gfs_global,115.6,insufficient sample,1856,"region: n >= 300, dates >= 60, points >= 3"
B4|shared-data:ecmwf_ifs025+gfs_global|-|precip|L5|region=islands|all|all|T35.6,A4|shared-data:ecmwf_ifs025+gfs_global|-|precip|L5|region=islands|all|all,B4,shared-data:ecmwf_ifs025+gfs_global,35.6,insufficient sample,1856,"region: n >= 300, dates >= 60, points >= 3"
B4|shared-data:ecmwf_ifs025+gfs_global|-|precip|L5|region=islands|all|all|T64.5,A4|shared-data:ecmwf_ifs025+gfs_global|-|precip|L5|region=islands|all|all,B4,shared-data:ecmwf_ifs025+gfs_global,64.5,insufficient sample,1856,"region: n >= 300, dates >= 60, points >= 3"
B4|shared-data:ecmwf_ifs025+gfs_global|-|precip|L5|region=islands|monsoon|all|T115.6,A4|shared-data:ecmwf_ifs025+gfs_global|-|precip|L5|region=islands|monsoon|all,B4,shared-data:ecmwf_ifs025+gfs_global,115.6,insufficient sample,672,"region: n >= 300, dates >= 60, points >= 3"
B4|shared-data:ecmwf_ifs025+gfs_global|-|precip|L5|region=islands|monsoon|all|T35.6,A4|shared-data:ecmwf_ifs025+gfs_global|-|precip|L5|region=islands|monsoon|all,B4,shared-data:ecmwf_ifs025+gfs_global,35.6,insufficient sample,672,"region: n >= 300, dates >= 60, points >= 3"
B4|shared-data:ecmwf_ifs025+gfs_global|-|precip|L5|region=islands|monsoon|all|T64.5,A4|shared-data:ecmwf_ifs025+gfs_global|-|precip|L5|region=islands|monsoon|all,B4,shared-data:ecmwf_ifs025+gfs_global,64.5,insufficient sample,672,"region: n >= 300, dates >= 60, points >= 3"
B4|shared-data:ecmwf_ifs025+gfs_global|-|precip|L5|region=islands|post-monsoon|all|T115.6,A4|shared-data:ecmwf_ifs025+gfs_global|-|precip|L5|region=islands|post-monsoon|all,B4,shared-data:ecmwf_ifs025+gfs_global,115.6,insufficient sample,368,"region: n >= 300, dates >= 60, points >= 3"
B4|shared-data:ecmwf_ifs025+gfs_global|-|precip|L5|region=islands|post-monsoon|all|T35.6,A4|shared-data:ecmwf_ifs025+gfs_global|-|precip|L5|region=islands|post-monsoon|all,B4,shared-data:ecmwf_ifs025+gfs_global,35.6,insufficient sample,368,"region: n >= 300, dates >= 60, points >= 3"
B4|shared-data:ecmwf_ifs025+gfs_global|-|precip|L5|region=islands|post-monsoon|all|T64.5,A4|shared-data:ecmwf_ifs025+gfs_global|-|precip|L5|region=islands|post-monsoon|all,B4,shared-data:ecmwf_ifs025+gfs_global,64.5,insufficient sample,368,"region: n >= 300, dates >= 60, points >= 3"
B4|shared-data:ecmwf_ifs025+gfs_global|-|precip|L5|region=islands|pre-monsoon|all|T115.6,A4|shared-data:ecmwf_ifs025+gfs_global|-|precip|L5|region=islands|pre-monsoon|all,B4,shared-data:ecmwf_ifs025+gfs_global,115.6,insufficient sample,538,"region: n >= 300, dates >= 60, points >= 3"
B4|shared-data:ecmwf_ifs025+gfs_global|-|precip|L5|region=islands|pre-monsoon|all|T35.6,A4|shared-data:ecmwf_ifs025+gfs_global|-|precip|L5|region=islands|pre-monsoon|all,B4,shared-data:ecmwf_ifs025+gfs_global,35.6,insufficient sample,538,"region: n >= 300, dates >= 60, points >= 3"
B4|shared-data:ecmwf_ifs025+gfs_global|-|precip|L5|region=islands|pre-monsoon|all|T64.5,A4|shared-data:ecmwf_ifs025+gfs_global|-|precip|L5|region=islands|pre-monsoon|all,B4,shared-data:ecmwf_ifs025+gfs_global,64.5,insufficient sample,538,"region: n >= 300, dates >= 60, points >= 3"
B4|shared-data:ecmwf_ifs025+gfs_global|-|precip|L5|region=islands|winter|all|T115.6,A4|shared-data:ecmwf_ifs025+gfs_global|-|precip|L5|region=islands|winter|all,B4,shared-data:ecmwf_ifs025+gfs_global,115.6,insufficient sample,278,"region: n >= 300, dates >= 60, points >= 3"
B4|shared-data:ecmwf_ifs025+gfs_global|-|precip|L5|region=islands|winter|all|T35.6,A4|shared-data:ecmwf_ifs025+gfs_global|-|precip|L5|region=islands|winter|all,B4,shared-data:ecmwf_ifs025+gfs_global,35.6,insufficient sample,278,"region: n >= 300, dates >= 60, points >= 3"
B4|shared-data:ecmwf_ifs025+gfs_global|-|precip|L5|region=islands|winter|all|T64.5,A4|shared-data:ecmwf_ifs025+gfs_global|-|precip|L5|region=islands|winter|all,B4,shared-data:ecmwf_ifs025+gfs_global,64.5,insufficient sample,278,"region: n >= 300, dates >= 60, points >= 3"
B4|shared-data:ecmwf_ifs025+gfs_global|-|precip|L6|region=islands|all|all|T115.6,A4|shared-data:ecmwf_ifs025+gfs_global|-|precip|L6|region=islands|all|all,B4,shared-data:ecmwf_ifs025+gfs_global,115.6,insufficient sample,1868,"region: n >= 300, dates >= 60, points >= 3"
B4|shared-data:ecmwf_ifs025+gfs_global|-|precip|L6|region=islands|all|all|T35.6,A4|shared-data:ecmwf_ifs025+gfs_global|-|precip|L6|region=islands|all|all,B4,shared-data:ecmwf_ifs025+gfs_global,35.6,insufficient sample,1868,"region: n >= 300, dates >= 60, points >= 3"
B4|shared-data:ecmwf_ifs025+gfs_global|-|precip|L6|region=islands|all|all|T64.5,A4|shared-data:ecmwf_ifs025+gfs_global|-|precip|L6|region=islands|all|all,B4,shared-data:ecmwf_ifs025+gfs_global,64.5,insufficient sample,1868,"region: n >= 300, dates >= 60, points >= 3"
B4|shared-data:ecmwf_ifs025+gfs_global|-|precip|L6|region=islands|monsoon|all|T115.6,A4|shared-data:ecmwf_ifs025+gfs_global|-|precip|L6|region=islands|monsoon|all,B4,shared-data:ecmwf_ifs025+gfs_global,115.6,insufficient sample,672,"region: n >= 300, dates >= 60, points >= 3"
B4|shared-data:ecmwf_ifs025+gfs_global|-|precip|L6|region=islands|monsoon|all|T35.6,A4|shared-data:ecmwf_ifs025+gfs_global|-|precip|L6|region=islands|monsoon|all,B4,shared-data:ecmwf_ifs025+gfs_global,35.6,insufficient sample,672,"region: n >= 300, dates >= 60, points >= 3"
B4|shared-data:ecmwf_ifs025+gfs_global|-|precip|L6|region=islands|monsoon|all|T64.5,A4|shared-data:ecmwf_ifs025+gfs_global|-|precip|L6|region=islands|monsoon|all,B4,shared-data:ecmwf_ifs025+gfs_global,64.5,insufficient sample,672,"region: n >= 300, dates >= 60, points >= 3"
B4|shared-data:ecmwf_ifs025+gfs_global|-|precip|L6|region=islands|post-monsoon|all|T115.6,A4|shared-data:ecmwf_ifs025+gfs_global|-|precip|L6|region=islands|post-monsoon|all,B4,shared-data:ecmwf_ifs025+gfs_global,115.6,insufficient sample,368,"region: n >= 300, dates >= 60, points >= 3"
B4|shared-data:ecmwf_ifs025+gfs_global|-|precip|L6|region=islands|post-monsoon|all|T35.6,A4|shared-data:ecmwf_ifs025+gfs_global|-|precip|L6|region=islands|post-monsoon|all,B4,shared-data:ecmwf_ifs025+gfs_global,35.6,insufficient sample,368,"region: n >= 300, dates >= 60, points >= 3"
B4|shared-data:ecmwf_ifs025+gfs_global|-|precip|L6|region=islands|post-monsoon|all|T64.5,A4|shared-data:ecmwf_ifs025+gfs_global|-|precip|L6|region=islands|post-monsoon|all,B4,shared-data:ecmwf_ifs025+gfs_global,64.5,insufficient sample,368,"region: n >= 300, dates >= 60, points >= 3"
B4|shared-data:ecmwf_ifs025+gfs_global|-|precip|L6|region=islands|pre-monsoon|all|T115.6,A4|shared-data:ecmwf_ifs025+gfs_global|-|precip|L6|region=islands|pre-monsoon|all,B4,shared-data:ecmwf_ifs025+gfs_global,115.6,insufficient sample,552,"region: n >= 300, dates >= 60, points >= 3"
B4|shared-data:ecmwf_ifs025+gfs_global|-|precip|L6|region=islands|pre-monsoon|all|T35.6,A4|shared-data:ecmwf_ifs025+gfs_global|-|precip|L6|region=islands|pre-monsoon|all,B4,shared-data:ecmwf_ifs025+gfs_global,35.6,insufficient sample,552,"region: n >= 300, dates >= 60, points >= 3"
B4|shared-data:ecmwf_ifs025+gfs_global|-|precip|L6|region=islands|pre-monsoon|all|T64.5,A4|shared-data:ecmwf_ifs025+gfs_global|-|precip|L6|region=islands|pre-monsoon|all,B4,shared-data:ecmwf_ifs025+gfs_global,64.5,insufficient sample,552,"region: n >= 300, dates >= 60, points >= 3"
B4|shared-data:ecmwf_ifs025+gfs_global|-|precip|L6|region=islands|winter|all|T115.6,A4|shared-data:ecmwf_ifs025+gfs_global|-|precip|L6|region=islands|winter|all,B4,shared-data:ecmwf_ifs025+gfs_global,115.6,insufficient sample,276,"region: n >= 300, dates >= 60, points >= 3"
B4|shared-data:ecmwf_ifs025+gfs_global|-|precip|L6|region=islands|winter|all|T35.6,A4|shared-data:ecmwf_ifs025+gfs_global|-|precip|L6|region=islands|winter|all,B4,shared-data:ecmwf_ifs025+gfs_global,35.6,insufficient sample,276,"region: n >= 300, dates >= 60, points >= 3"
B4|shared-data:ecmwf_ifs025+gfs_global|-|precip|L6|region=islands|winter|all|T64.5,A4|shared-data:ecmwf_ifs025+gfs_global|-|precip|L6|region=islands|winter|all,B4,shared-data:ecmwf_ifs025+gfs_global,64.5,insufficient sample,276,"region: n >= 300, dates >= 60, points >= 3"
B4|shared-data:ecmwf_ifs025+gfs_global|-|precip|L7|region=islands|all|all|T115.6,A4|shared-data:ecmwf_ifs025+gfs_global|-|precip|L7|region=islands|all|all,B4,shared-data:ecmwf_ifs025+gfs_global,115.6,insufficient sample,1852,"region: n >= 300, dates >= 60, points >= 3"
B4|shared-data:ecmwf_ifs025+gfs_global|-|precip|L7|region=islands|all|all|T35.6,A4|shared-data:ecmwf_ifs025+gfs_global|-|precip|L7|region=islands|all|all,B4,shared-data:ecmwf_ifs025+gfs_global,35.6,insufficient sample,1852,"region: n >= 300, dates >= 60, points >= 3"
B4|shared-data:ecmwf_ifs025+gfs_global|-|precip|L7|region=islands|all|all|T64.5,A4|shared-data:ecmwf_ifs025+gfs_global|-|precip|L7|region=islands|all|all,B4,shared-data:ecmwf_ifs025+gfs_global,64.5,insufficient sample,1852,"region: n >= 300, dates >= 60, points >= 3"
B4|shared-data:ecmwf_ifs025+gfs_global|-|precip|L7|region=islands|monsoon|all|T115.6,A4|shared-data:ecmwf_ifs025+gfs_global|-|precip|L7|region=islands|monsoon|all,B4,shared-data:ecmwf_ifs025+gfs_global,115.6,insufficient sample,672,"region: n >= 300, dates >= 60, points >= 3"
B4|shared-data:ecmwf_ifs025+gfs_global|-|precip|L7|region=islands|monsoon|all|T35.6,A4|shared-data:ecmwf_ifs025+gfs_global|-|precip|L7|region=islands|monsoon|all,B4,shared-data:ecmwf_ifs025+gfs_global,35.6,insufficient sample,672,"region: n >= 300, dates >= 60, points >= 3"
B4|shared-data:ecmwf_ifs025+gfs_global|-|precip|L7|region=islands|monsoon|all|T64.5,A4|shared-data:ecmwf_ifs025+gfs_global|-|precip|L7|region=islands|monsoon|all,B4,shared-data:ecmwf_ifs025+gfs_global,64.5,insufficient sample,672,"region: n >= 300, dates >= 60, points >= 3"
B4|shared-data:ecmwf_ifs025+gfs_global|-|precip|L7|region=islands|post-monsoon|all|T115.6,A4|shared-data:ecmwf_ifs025+gfs_global|-|precip|L7|region=islands|post-monsoon|all,B4,shared-data:ecmwf_ifs025+gfs_global,115.6,insufficient sample,368,"region: n >= 300, dates >= 60, points >= 3"
B4|shared-data:ecmwf_ifs025+gfs_global|-|precip|L7|region=islands|post-monsoon|all|T35.6,A4|shared-data:ecmwf_ifs025+gfs_global|-|precip|L7|region=islands|post-monsoon|all,B4,shared-data:ecmwf_ifs025+gfs_global,35.6,insufficient sample,368,"region: n >= 300, dates >= 60, points >= 3"
B4|shared-data:ecmwf_ifs025+gfs_global|-|precip|L7|region=islands|post-monsoon|all|T64.5,A4|shared-data:ecmwf_ifs025+gfs_global|-|precip|L7|region=islands|post-monsoon|all,B4,shared-data:ecmwf_ifs025+gfs_global,64.5,insufficient sample,368,"region: n >= 300, dates >= 60, points >= 3"
B4|shared-data:ecmwf_ifs025+gfs_global|-|precip|L7|region=islands|pre-monsoon|all|T115.6,A4|shared-data:ecmwf_ifs025+gfs_global|-|precip|L7|region=islands|pre-monsoon|all,B4,shared-data:ecmwf_ifs025+gfs_global,115.6,insufficient sample,538,"region: n >= 300, dates >= 60, points >= 3"
B4|shared-data:ecmwf_ifs025+gfs_global|-|precip|L7|region=islands|pre-monsoon|all|T35.6,A4|shared-data:ecmwf_ifs025+gfs_global|-|precip|L7|region=islands|pre-monsoon|all,B4,shared-data:ecmwf_ifs025+gfs_global,35.6,insufficient sample,538,"region: n >= 300, dates >= 60, points >= 3"
B4|shared-data:ecmwf_ifs025+gfs_global|-|precip|L7|region=islands|pre-monsoon|all|T64.5,A4|shared-data:ecmwf_ifs025+gfs_global|-|precip|L7|region=islands|pre-monsoon|all,B4,shared-data:ecmwf_ifs025+gfs_global,64.5,insufficient sample,538,"region: n >= 300, dates >= 60, points >= 3"
B4|shared-data:ecmwf_ifs025+gfs_global|-|precip|L7|region=islands|winter|all|T115.6,A4|shared-data:ecmwf_ifs025+gfs_global|-|precip|L7|region=islands|winter|all,B4,shared-data:ecmwf_ifs025+gfs_global,115.6,insufficient sample,274,"region: n >= 300, dates >= 60, points >= 3"
B4|shared-data:ecmwf_ifs025+gfs_global|-|precip|L7|region=islands|winter|all|T35.6,A4|shared-data:ecmwf_ifs025+gfs_global|-|precip|L7|region=islands|winter|all,B4,shared-data:ecmwf_ifs025+gfs_global,35.6,insufficient sample,274,"region: n >= 300, dates >= 60, points >= 3"
B4|shared-data:ecmwf_ifs025+gfs_global|-|precip|L7|region=islands|winter|all|T64.5,A4|shared-data:ecmwf_ifs025+gfs_global|-|precip|L7|region=islands|winter|all,B4,shared-data:ecmwf_ifs025+gfs_global,64.5,insufficient sample,274,"region: n >= 300, dates >= 60, points >= 3"
B4|shared-data:ecmwf_ifs025+icon_global|-|precip|L1|region=islands|all|all|T115.6,A4|shared-data:ecmwf_ifs025+icon_global|-|precip|L1|region=islands|all|all,B4,shared-data:ecmwf_ifs025+icon_global,115.6,insufficient sample,1870,"region: n >= 300, dates >= 60, points >= 3"
B4|shared-data:ecmwf_ifs025+icon_global|-|precip|L1|region=islands|all|all|T35.6,A4|shared-data:ecmwf_ifs025+icon_global|-|precip|L1|region=islands|all|all,B4,shared-data:ecmwf_ifs025+icon_global,35.6,insufficient sample,1870,"region: n >= 300, dates >= 60, points >= 3"
B4|shared-data:ecmwf_ifs025+icon_global|-|precip|L1|region=islands|all|all|T64.5,A4|shared-data:ecmwf_ifs025+icon_global|-|precip|L1|region=islands|all|all,B4,shared-data:ecmwf_ifs025+icon_global,64.5,insufficient sample,1870,"region: n >= 300, dates >= 60, points >= 3"
B4|shared-data:ecmwf_ifs025+icon_global|-|precip|L1|region=islands|monsoon|all|T115.6,A4|shared-data:ecmwf_ifs025+icon_global|-|precip|L1|region=islands|monsoon|all,B4,shared-data:ecmwf_ifs025+icon_global,115.6,insufficient sample,672,"region: n >= 300, dates >= 60, points >= 3"
B4|shared-data:ecmwf_ifs025+icon_global|-|precip|L1|region=islands|monsoon|all|T35.6,A4|shared-data:ecmwf_ifs025+icon_global|-|precip|L1|region=islands|monsoon|all,B4,shared-data:ecmwf_ifs025+icon_global,35.6,insufficient sample,672,"region: n >= 300, dates >= 60, points >= 3"
B4|shared-data:ecmwf_ifs025+icon_global|-|precip|L1|region=islands|monsoon|all|T64.5,A4|shared-data:ecmwf_ifs025+icon_global|-|precip|L1|region=islands|monsoon|all,B4,shared-data:ecmwf_ifs025+icon_global,64.5,insufficient sample,672,"region: n >= 300, dates >= 60, points >= 3"
B4|shared-data:ecmwf_ifs025+icon_global|-|precip|L1|region=islands|post-monsoon|all|T115.6,A4|shared-data:ecmwf_ifs025+icon_global|-|precip|L1|region=islands|post-monsoon|all,B4,shared-data:ecmwf_ifs025+icon_global,115.6,insufficient sample,368,"region: n >= 300, dates >= 60, points >= 3"
B4|shared-data:ecmwf_ifs025+icon_global|-|precip|L1|region=islands|post-monsoon|all|T35.6,A4|shared-data:ecmwf_ifs025+icon_global|-|precip|L1|region=islands|post-monsoon|all,B4,shared-data:ecmwf_ifs025+icon_global,35.6,insufficient sample,368,"region: n >= 300, dates >= 60, points >= 3"
B4|shared-data:ecmwf_ifs025+icon_global|-|precip|L1|region=islands|post-monsoon|all|T64.5,A4|shared-data:ecmwf_ifs025+icon_global|-|precip|L1|region=islands|post-monsoon|all,B4,shared-data:ecmwf_ifs025+icon_global,64.5,insufficient sample,368,"region: n >= 300, dates >= 60, points >= 3"
B4|shared-data:ecmwf_ifs025+icon_global|-|precip|L1|region=islands|pre-monsoon|all|T115.6,A4|shared-data:ecmwf_ifs025+icon_global|-|precip|L1|region=islands|pre-monsoon|all,B4,shared-data:ecmwf_ifs025+icon_global,115.6,insufficient sample,544,"region: n >= 300, dates >= 60, points >= 3"
B4|shared-data:ecmwf_ifs025+icon_global|-|precip|L1|region=islands|pre-monsoon|all|T35.6,A4|shared-data:ecmwf_ifs025+icon_global|-|precip|L1|region=islands|pre-monsoon|all,B4,shared-data:ecmwf_ifs025+icon_global,35.6,insufficient sample,544,"region: n >= 300, dates >= 60, points >= 3"
B4|shared-data:ecmwf_ifs025+icon_global|-|precip|L1|region=islands|pre-monsoon|all|T64.5,A4|shared-data:ecmwf_ifs025+icon_global|-|precip|L1|region=islands|pre-monsoon|all,B4,shared-data:ecmwf_ifs025+icon_global,64.5,insufficient sample,544,"region: n >= 300, dates >= 60, points >= 3"
B4|shared-data:ecmwf_ifs025+icon_global|-|precip|L1|region=islands|winter|all|T115.6,A4|shared-data:ecmwf_ifs025+icon_global|-|precip|L1|region=islands|winter|all,B4,shared-data:ecmwf_ifs025+icon_global,115.6,insufficient sample,286,"region: n >= 300, dates >= 60, points >= 3"
B4|shared-data:ecmwf_ifs025+icon_global|-|precip|L1|region=islands|winter|all|T35.6,A4|shared-data:ecmwf_ifs025+icon_global|-|precip|L1|region=islands|winter|all,B4,shared-data:ecmwf_ifs025+icon_global,35.6,insufficient sample,286,"region: n >= 300, dates >= 60, points >= 3"
B4|shared-data:ecmwf_ifs025+icon_global|-|precip|L1|region=islands|winter|all|T64.5,A4|shared-data:ecmwf_ifs025+icon_global|-|precip|L1|region=islands|winter|all,B4,shared-data:ecmwf_ifs025+icon_global,64.5,insufficient sample,286,"region: n >= 300, dates >= 60, points >= 3"
B4|shared-data:ecmwf_ifs025+icon_global|-|precip|L2|region=islands|all|all|T115.6,A4|shared-data:ecmwf_ifs025+icon_global|-|precip|L2|region=islands|all|all,B4,shared-data:ecmwf_ifs025+icon_global,115.6,insufficient sample,1868,"region: n >= 300, dates >= 60, points >= 3"
B4|shared-data:ecmwf_ifs025+icon_global|-|precip|L2|region=islands|all|all|T35.6,A4|shared-data:ecmwf_ifs025+icon_global|-|precip|L2|region=islands|all|all,B4,shared-data:ecmwf_ifs025+icon_global,35.6,insufficient sample,1868,"region: n >= 300, dates >= 60, points >= 3"
B4|shared-data:ecmwf_ifs025+icon_global|-|precip|L2|region=islands|all|all|T64.5,A4|shared-data:ecmwf_ifs025+icon_global|-|precip|L2|region=islands|all|all,B4,shared-data:ecmwf_ifs025+icon_global,64.5,insufficient sample,1868,"region: n >= 300, dates >= 60, points >= 3"
B4|shared-data:ecmwf_ifs025+icon_global|-|precip|L2|region=islands|monsoon|all|T115.6,A4|shared-data:ecmwf_ifs025+icon_global|-|precip|L2|region=islands|monsoon|all,B4,shared-data:ecmwf_ifs025+icon_global,115.6,insufficient sample,672,"region: n >= 300, dates >= 60, points >= 3"
B4|shared-data:ecmwf_ifs025+icon_global|-|precip|L2|region=islands|monsoon|all|T35.6,A4|shared-data:ecmwf_ifs025+icon_global|-|precip|L2|region=islands|monsoon|all,B4,shared-data:ecmwf_ifs025+icon_global,35.6,insufficient sample,672,"region: n >= 300, dates >= 60, points >= 3"
B4|shared-data:ecmwf_ifs025+icon_global|-|precip|L2|region=islands|monsoon|all|T64.5,A4|shared-data:ecmwf_ifs025+icon_global|-|precip|L2|region=islands|monsoon|all,B4,shared-data:ecmwf_ifs025+icon_global,64.5,insufficient sample,672,"region: n >= 300, dates >= 60, points >= 3"
B4|shared-data:ecmwf_ifs025+icon_global|-|precip|L2|region=islands|post-monsoon|all|T115.6,A4|shared-data:ecmwf_ifs025+icon_global|-|precip|L2|region=islands|post-monsoon|all,B4,shared-data:ecmwf_ifs025+icon_global,115.6,insufficient sample,368,"region: n >= 300, dates >= 60, points >= 3"
B4|shared-data:ecmwf_ifs025+icon_global|-|precip|L2|region=islands|post-monsoon|all|T35.6,A4|shared-data:ecmwf_ifs025+icon_global|-|precip|L2|region=islands|post-monsoon|all,B4,shared-data:ecmwf_ifs025+icon_global,35.6,insufficient sample,368,"region: n >= 300, dates >= 60, points >= 3"
B4|shared-data:ecmwf_ifs025+icon_global|-|precip|L2|region=islands|post-monsoon|all|T64.5,A4|shared-data:ecmwf_ifs025+icon_global|-|precip|L2|region=islands|post-monsoon|all,B4,shared-data:ecmwf_ifs025+icon_global,64.5,insufficient sample,368,"region: n >= 300, dates >= 60, points >= 3"
B4|shared-data:ecmwf_ifs025+icon_global|-|precip|L2|region=islands|pre-monsoon|all|T115.6,A4|shared-data:ecmwf_ifs025+icon_global|-|precip|L2|region=islands|pre-monsoon|all,B4,shared-data:ecmwf_ifs025+icon_global,115.6,insufficient sample,544,"region: n >= 300, dates >= 60, points >= 3"
B4|shared-data:ecmwf_ifs025+icon_global|-|precip|L2|region=islands|pre-monsoon|all|T35.6,A4|shared-data:ecmwf_ifs025+icon_global|-|precip|L2|region=islands|pre-monsoon|all,B4,shared-data:ecmwf_ifs025+icon_global,35.6,insufficient sample,544,"region: n >= 300, dates >= 60, points >= 3"
B4|shared-data:ecmwf_ifs025+icon_global|-|precip|L2|region=islands|pre-monsoon|all|T64.5,A4|shared-data:ecmwf_ifs025+icon_global|-|precip|L2|region=islands|pre-monsoon|all,B4,shared-data:ecmwf_ifs025+icon_global,64.5,insufficient sample,544,"region: n >= 300, dates >= 60, points >= 3"
B4|shared-data:ecmwf_ifs025+icon_global|-|precip|L2|region=islands|winter|all|T115.6,A4|shared-data:ecmwf_ifs025+icon_global|-|precip|L2|region=islands|winter|all,B4,shared-data:ecmwf_ifs025+icon_global,115.6,insufficient sample,284,"region: n >= 300, dates >= 60, points >= 3"
B4|shared-data:ecmwf_ifs025+icon_global|-|precip|L2|region=islands|winter|all|T35.6,A4|shared-data:ecmwf_ifs025+icon_global|-|precip|L2|region=islands|winter|all,B4,shared-data:ecmwf_ifs025+icon_global,35.6,insufficient sample,284,"region: n >= 300, dates >= 60, points >= 3"
B4|shared-data:ecmwf_ifs025+icon_global|-|precip|L2|region=islands|winter|all|T64.5,A4|shared-data:ecmwf_ifs025+icon_global|-|precip|L2|region=islands|winter|all,B4,shared-data:ecmwf_ifs025+icon_global,64.5,insufficient sample,284,"region: n >= 300, dates >= 60, points >= 3"
B4|shared-data:ecmwf_ifs025+icon_global|-|precip|L3|region=islands|all|all|T115.6,A4|shared-data:ecmwf_ifs025+icon_global|-|precip|L3|region=islands|all|all,B4,shared-data:ecmwf_ifs025+icon_global,115.6,insufficient sample,1874,"region: n >= 300, dates >= 60, points >= 3"
B4|shared-data:ecmwf_ifs025+icon_global|-|precip|L3|region=islands|all|all|T35.6,A4|shared-data:ecmwf_ifs025+icon_global|-|precip|L3|region=islands|all|all,B4,shared-data:ecmwf_ifs025+icon_global,35.6,insufficient sample,1874,"region: n >= 300, dates >= 60, points >= 3"
B4|shared-data:ecmwf_ifs025+icon_global|-|precip|L3|region=islands|all|all|T64.5,A4|shared-data:ecmwf_ifs025+icon_global|-|precip|L3|region=islands|all|all,B4,shared-data:ecmwf_ifs025+icon_global,64.5,insufficient sample,1874,"region: n >= 300, dates >= 60, points >= 3"
B4|shared-data:ecmwf_ifs025+icon_global|-|precip|L3|region=islands|monsoon|all|T115.6,A4|shared-data:ecmwf_ifs025+icon_global|-|precip|L3|region=islands|monsoon|all,B4,shared-data:ecmwf_ifs025+icon_global,115.6,insufficient sample,672,"region: n >= 300, dates >= 60, points >= 3"
B4|shared-data:ecmwf_ifs025+icon_global|-|precip|L3|region=islands|monsoon|all|T35.6,A4|shared-data:ecmwf_ifs025+icon_global|-|precip|L3|region=islands|monsoon|all,B4,shared-data:ecmwf_ifs025+icon_global,35.6,insufficient sample,672,"region: n >= 300, dates >= 60, points >= 3"
B4|shared-data:ecmwf_ifs025+icon_global|-|precip|L3|region=islands|monsoon|all|T64.5,A4|shared-data:ecmwf_ifs025+icon_global|-|precip|L3|region=islands|monsoon|all,B4,shared-data:ecmwf_ifs025+icon_global,64.5,insufficient sample,672,"region: n >= 300, dates >= 60, points >= 3"
B4|shared-data:ecmwf_ifs025+icon_global|-|precip|L3|region=islands|post-monsoon|all|T115.6,A4|shared-data:ecmwf_ifs025+icon_global|-|precip|L3|region=islands|post-monsoon|all,B4,shared-data:ecmwf_ifs025+icon_global,115.6,insufficient sample,368,"region: n >= 300, dates >= 60, points >= 3"
B4|shared-data:ecmwf_ifs025+icon_global|-|precip|L3|region=islands|post-monsoon|all|T35.6,A4|shared-data:ecmwf_ifs025+icon_global|-|precip|L3|region=islands|post-monsoon|all,B4,shared-data:ecmwf_ifs025+icon_global,35.6,insufficient sample,368,"region: n >= 300, dates >= 60, points >= 3"
B4|shared-data:ecmwf_ifs025+icon_global|-|precip|L3|region=islands|post-monsoon|all|T64.5,A4|shared-data:ecmwf_ifs025+icon_global|-|precip|L3|region=islands|post-monsoon|all,B4,shared-data:ecmwf_ifs025+icon_global,64.5,insufficient sample,368,"region: n >= 300, dates >= 60, points >= 3"
B4|shared-data:ecmwf_ifs025+icon_global|-|precip|L3|region=islands|pre-monsoon|all|T115.6,A4|shared-data:ecmwf_ifs025+icon_global|-|precip|L3|region=islands|pre-monsoon|all,B4,shared-data:ecmwf_ifs025+icon_global,115.6,insufficient sample,552,"region: n >= 300, dates >= 60, points >= 3"
B4|shared-data:ecmwf_ifs025+icon_global|-|precip|L3|region=islands|pre-monsoon|all|T35.6,A4|shared-data:ecmwf_ifs025+icon_global|-|precip|L3|region=islands|pre-monsoon|all,B4,shared-data:ecmwf_ifs025+icon_global,35.6,insufficient sample,552,"region: n >= 300, dates >= 60, points >= 3"
B4|shared-data:ecmwf_ifs025+icon_global|-|precip|L3|region=islands|pre-monsoon|all|T64.5,A4|shared-data:ecmwf_ifs025+icon_global|-|precip|L3|region=islands|pre-monsoon|all,B4,shared-data:ecmwf_ifs025+icon_global,64.5,insufficient sample,552,"region: n >= 300, dates >= 60, points >= 3"
B4|shared-data:ecmwf_ifs025+icon_global|-|precip|L3|region=islands|winter|all|T115.6,A4|shared-data:ecmwf_ifs025+icon_global|-|precip|L3|region=islands|winter|all,B4,shared-data:ecmwf_ifs025+icon_global,115.6,insufficient sample,282,"region: n >= 300, dates >= 60, points >= 3"
B4|shared-data:ecmwf_ifs025+icon_global|-|precip|L3|region=islands|winter|all|T35.6,A4|shared-data:ecmwf_ifs025+icon_global|-|precip|L3|region=islands|winter|all,B4,shared-data:ecmwf_ifs025+icon_global,35.6,insufficient sample,282,"region: n >= 300, dates >= 60, points >= 3"
B4|shared-data:ecmwf_ifs025+icon_global|-|precip|L3|region=islands|winter|all|T64.5,A4|shared-data:ecmwf_ifs025+icon_global|-|precip|L3|region=islands|winter|all,B4,shared-data:ecmwf_ifs025+icon_global,64.5,insufficient sample,282,"region: n >= 300, dates >= 60, points >= 3"
B4|shared-data:ecmwf_ifs025+icon_global|-|precip|L4|region=islands|all|all|T115.6,A4|shared-data:ecmwf_ifs025+icon_global|-|precip|L4|region=islands|all|all,B4,shared-data:ecmwf_ifs025+icon_global,115.6,insufficient sample,1872,"region: n >= 300, dates >= 60, points >= 3"
B4|shared-data:ecmwf_ifs025+icon_global|-|precip|L4|region=islands|all|all|T35.6,A4|shared-data:ecmwf_ifs025+icon_global|-|precip|L4|region=islands|all|all,B4,shared-data:ecmwf_ifs025+icon_global,35.6,insufficient sample,1872,"region: n >= 300, dates >= 60, points >= 3"
B4|shared-data:ecmwf_ifs025+icon_global|-|precip|L4|region=islands|all|all|T64.5,A4|shared-data:ecmwf_ifs025+icon_global|-|precip|L4|region=islands|all|all,B4,shared-data:ecmwf_ifs025+icon_global,64.5,insufficient sample,1872,"region: n >= 300, dates >= 60, points >= 3"
B4|shared-data:ecmwf_ifs025+icon_global|-|precip|L4|region=islands|monsoon|all|T115.6,A4|shared-data:ecmwf_ifs025+icon_global|-|precip|L4|region=islands|monsoon|all,B4,shared-data:ecmwf_ifs025+icon_global,115.6,insufficient sample,672,"region: n >= 300, dates >= 60, points >= 3"
B4|shared-data:ecmwf_ifs025+icon_global|-|precip|L4|region=islands|monsoon|all|T35.6,A4|shared-data:ecmwf_ifs025+icon_global|-|precip|L4|region=islands|monsoon|all,B4,shared-data:ecmwf_ifs025+icon_global,35.6,insufficient sample,672,"region: n >= 300, dates >= 60, points >= 3"
B4|shared-data:ecmwf_ifs025+icon_global|-|precip|L4|region=islands|monsoon|all|T64.5,A4|shared-data:ecmwf_ifs025+icon_global|-|precip|L4|region=islands|monsoon|all,B4,shared-data:ecmwf_ifs025+icon_global,64.5,insufficient sample,672,"region: n >= 300, dates >= 60, points >= 3"
B4|shared-data:ecmwf_ifs025+icon_global|-|precip|L4|region=islands|post-monsoon|all|T115.6,A4|shared-data:ecmwf_ifs025+icon_global|-|precip|L4|region=islands|post-monsoon|all,B4,shared-data:ecmwf_ifs025+icon_global,115.6,insufficient sample,368,"region: n >= 300, dates >= 60, points >= 3"
B4|shared-data:ecmwf_ifs025+icon_global|-|precip|L4|region=islands|post-monsoon|all|T35.6,A4|shared-data:ecmwf_ifs025+icon_global|-|precip|L4|region=islands|post-monsoon|all,B4,shared-data:ecmwf_ifs025+icon_global,35.6,insufficient sample,368,"region: n >= 300, dates >= 60, points >= 3"
B4|shared-data:ecmwf_ifs025+icon_global|-|precip|L4|region=islands|post-monsoon|all|T64.5,A4|shared-data:ecmwf_ifs025+icon_global|-|precip|L4|region=islands|post-monsoon|all,B4,shared-data:ecmwf_ifs025+icon_global,64.5,insufficient sample,368,"region: n >= 300, dates >= 60, points >= 3"
B4|shared-data:ecmwf_ifs025+icon_global|-|precip|L4|region=islands|pre-monsoon|all|T115.6,A4|shared-data:ecmwf_ifs025+icon_global|-|precip|L4|region=islands|pre-monsoon|all,B4,shared-data:ecmwf_ifs025+icon_global,115.6,insufficient sample,552,"region: n >= 300, dates >= 60, points >= 3"
B4|shared-data:ecmwf_ifs025+icon_global|-|precip|L4|region=islands|pre-monsoon|all|T35.6,A4|shared-data:ecmwf_ifs025+icon_global|-|precip|L4|region=islands|pre-monsoon|all,B4,shared-data:ecmwf_ifs025+icon_global,35.6,insufficient sample,552,"region: n >= 300, dates >= 60, points >= 3"
B4|shared-data:ecmwf_ifs025+icon_global|-|precip|L4|region=islands|pre-monsoon|all|T64.5,A4|shared-data:ecmwf_ifs025+icon_global|-|precip|L4|region=islands|pre-monsoon|all,B4,shared-data:ecmwf_ifs025+icon_global,64.5,insufficient sample,552,"region: n >= 300, dates >= 60, points >= 3"
B4|shared-data:ecmwf_ifs025+icon_global|-|precip|L4|region=islands|winter|all|T115.6,A4|shared-data:ecmwf_ifs025+icon_global|-|precip|L4|region=islands|winter|all,B4,shared-data:ecmwf_ifs025+icon_global,115.6,insufficient sample,280,"region: n >= 300, dates >= 60, points >= 3"
B4|shared-data:ecmwf_ifs025+icon_global|-|precip|L4|region=islands|winter|all|T35.6,A4|shared-data:ecmwf_ifs025+icon_global|-|precip|L4|region=islands|winter|all,B4,shared-data:ecmwf_ifs025+icon_global,35.6,insufficient sample,280,"region: n >= 300, dates >= 60, points >= 3"
B4|shared-data:ecmwf_ifs025+icon_global|-|precip|L4|region=islands|winter|all|T64.5,A4|shared-data:ecmwf_ifs025+icon_global|-|precip|L4|region=islands|winter|all,B4,shared-data:ecmwf_ifs025+icon_global,64.5,insufficient sample,280,"region: n >= 300, dates >= 60, points >= 3"
B4|shared-data:ecmwf_ifs025+icon_global|-|precip|L5|region=islands|all|all|T115.6,A4|shared-data:ecmwf_ifs025+icon_global|-|precip|L5|region=islands|all|all,B4,shared-data:ecmwf_ifs025+icon_global,115.6,insufficient sample,1856,"region: n >= 300, dates >= 60, points >= 3"
B4|shared-data:ecmwf_ifs025+icon_global|-|precip|L5|region=islands|all|all|T35.6,A4|shared-data:ecmwf_ifs025+icon_global|-|precip|L5|region=islands|all|all,B4,shared-data:ecmwf_ifs025+icon_global,35.6,insufficient sample,1856,"region: n >= 300, dates >= 60, points >= 3"
B4|shared-data:ecmwf_ifs025+icon_global|-|precip|L5|region=islands|all|all|T64.5,A4|shared-data:ecmwf_ifs025+icon_global|-|precip|L5|region=islands|all|all,B4,shared-data:ecmwf_ifs025+icon_global,64.5,insufficient sample,1856,"region: n >= 300, dates >= 60, points >= 3"
B4|shared-data:ecmwf_ifs025+icon_global|-|precip|L5|region=islands|monsoon|all|T115.6,A4|shared-data:ecmwf_ifs025+icon_global|-|precip|L5|region=islands|monsoon|all,B4,shared-data:ecmwf_ifs025+icon_global,115.6,insufficient sample,672,"region: n >= 300, dates >= 60, points >= 3"
B4|shared-data:ecmwf_ifs025+icon_global|-|precip|L5|region=islands|monsoon|all|T35.6,A4|shared-data:ecmwf_ifs025+icon_global|-|precip|L5|region=islands|monsoon|all,B4,shared-data:ecmwf_ifs025+icon_global,35.6,insufficient sample,672,"region: n >= 300, dates >= 60, points >= 3"
B4|shared-data:ecmwf_ifs025+icon_global|-|precip|L5|region=islands|monsoon|all|T64.5,A4|shared-data:ecmwf_ifs025+icon_global|-|precip|L5|region=islands|monsoon|all,B4,shared-data:ecmwf_ifs025+icon_global,64.5,insufficient sample,672,"region: n >= 300, dates >= 60, points >= 3"
B4|shared-data:ecmwf_ifs025+icon_global|-|precip|L5|region=islands|post-monsoon|all|T115.6,A4|shared-data:ecmwf_ifs025+icon_global|-|precip|L5|region=islands|post-monsoon|all,B4,shared-data:ecmwf_ifs025+icon_global,115.6,insufficient sample,368,"region: n >= 300, dates >= 60, points >= 3"
B4|shared-data:ecmwf_ifs025+icon_global|-|precip|L5|region=islands|post-monsoon|all|T35.6,A4|shared-data:ecmwf_ifs025+icon_global|-|precip|L5|region=islands|post-monsoon|all,B4,shared-data:ecmwf_ifs025+icon_global,35.6,insufficient sample,368,"region: n >= 300, dates >= 60, points >= 3"
B4|shared-data:ecmwf_ifs025+icon_global|-|precip|L5|region=islands|post-monsoon|all|T64.5,A4|shared-data:ecmwf_ifs025+icon_global|-|precip|L5|region=islands|post-monsoon|all,B4,shared-data:ecmwf_ifs025+icon_global,64.5,insufficient sample,368,"region: n >= 300, dates >= 60, points >= 3"
B4|shared-data:ecmwf_ifs025+icon_global|-|precip|L5|region=islands|pre-monsoon|all|T115.6,A4|shared-data:ecmwf_ifs025+icon_global|-|precip|L5|region=islands|pre-monsoon|all,B4,shared-data:ecmwf_ifs025+icon_global,115.6,insufficient sample,538,"region: n >= 300, dates >= 60, points >= 3"
B4|shared-data:ecmwf_ifs025+icon_global|-|precip|L5|region=islands|pre-monsoon|all|T35.6,A4|shared-data:ecmwf_ifs025+icon_global|-|precip|L5|region=islands|pre-monsoon|all,B4,shared-data:ecmwf_ifs025+icon_global,35.6,insufficient sample,538,"region: n >= 300, dates >= 60, points >= 3"
B4|shared-data:ecmwf_ifs025+icon_global|-|precip|L5|region=islands|pre-monsoon|all|T64.5,A4|shared-data:ecmwf_ifs025+icon_global|-|precip|L5|region=islands|pre-monsoon|all,B4,shared-data:ecmwf_ifs025+icon_global,64.5,insufficient sample,538,"region: n >= 300, dates >= 60, points >= 3"
B4|shared-data:ecmwf_ifs025+icon_global|-|precip|L5|region=islands|winter|all|T115.6,A4|shared-data:ecmwf_ifs025+icon_global|-|precip|L5|region=islands|winter|all,B4,shared-data:ecmwf_ifs025+icon_global,115.6,insufficient sample,278,"region: n >= 300, dates >= 60, points >= 3"
B4|shared-data:ecmwf_ifs025+icon_global|-|precip|L5|region=islands|winter|all|T35.6,A4|shared-data:ecmwf_ifs025+icon_global|-|precip|L5|region=islands|winter|all,B4,shared-data:ecmwf_ifs025+icon_global,35.6,insufficient sample,278,"region: n >= 300, dates >= 60, points >= 3"
B4|shared-data:ecmwf_ifs025+icon_global|-|precip|L5|region=islands|winter|all|T64.5,A4|shared-data:ecmwf_ifs025+icon_global|-|precip|L5|region=islands|winter|all,B4,shared-data:ecmwf_ifs025+icon_global,64.5,insufficient sample,278,"region: n >= 300, dates >= 60, points >= 3"
B4|shared-data:ecmwf_ifs025+icon_global|-|precip|L6|region=islands|all|all|T115.6,A4|shared-data:ecmwf_ifs025+icon_global|-|precip|L6|region=islands|all|all,B4,shared-data:ecmwf_ifs025+icon_global,115.6,insufficient sample,1860,"region: n >= 300, dates >= 60, points >= 3"
B4|shared-data:ecmwf_ifs025+icon_global|-|precip|L6|region=islands|all|all|T35.6,A4|shared-data:ecmwf_ifs025+icon_global|-|precip|L6|region=islands|all|all,B4,shared-data:ecmwf_ifs025+icon_global,35.6,insufficient sample,1860,"region: n >= 300, dates >= 60, points >= 3"
B4|shared-data:ecmwf_ifs025+icon_global|-|precip|L6|region=islands|all|all|T64.5,A4|shared-data:ecmwf_ifs025+icon_global|-|precip|L6|region=islands|all|all,B4,shared-data:ecmwf_ifs025+icon_global,64.5,insufficient sample,1860,"region: n >= 300, dates >= 60, points >= 3"
B4|shared-data:ecmwf_ifs025+icon_global|-|precip|L6|region=islands|monsoon|all|T115.6,A4|shared-data:ecmwf_ifs025+icon_global|-|precip|L6|region=islands|monsoon|all,B4,shared-data:ecmwf_ifs025+icon_global,115.6,insufficient sample,672,"region: n >= 300, dates >= 60, points >= 3"
B4|shared-data:ecmwf_ifs025+icon_global|-|precip|L6|region=islands|monsoon|all|T35.6,A4|shared-data:ecmwf_ifs025+icon_global|-|precip|L6|region=islands|monsoon|all,B4,shared-data:ecmwf_ifs025+icon_global,35.6,insufficient sample,672,"region: n >= 300, dates >= 60, points >= 3"
B4|shared-data:ecmwf_ifs025+icon_global|-|precip|L6|region=islands|monsoon|all|T64.5,A4|shared-data:ecmwf_ifs025+icon_global|-|precip|L6|region=islands|monsoon|all,B4,shared-data:ecmwf_ifs025+icon_global,64.5,insufficient sample,672,"region: n >= 300, dates >= 60, points >= 3"
B4|shared-data:ecmwf_ifs025+icon_global|-|precip|L6|region=islands|post-monsoon|all|T115.6,A4|shared-data:ecmwf_ifs025+icon_global|-|precip|L6|region=islands|post-monsoon|all,B4,shared-data:ecmwf_ifs025+icon_global,115.6,insufficient sample,368,"region: n >= 300, dates >= 60, points >= 3"
B4|shared-data:ecmwf_ifs025+icon_global|-|precip|L6|region=islands|post-monsoon|all|T35.6,A4|shared-data:ecmwf_ifs025+icon_global|-|precip|L6|region=islands|post-monsoon|all,B4,shared-data:ecmwf_ifs025+icon_global,35.6,insufficient sample,368,"region: n >= 300, dates >= 60, points >= 3"
B4|shared-data:ecmwf_ifs025+icon_global|-|precip|L6|region=islands|post-monsoon|all|T64.5,A4|shared-data:ecmwf_ifs025+icon_global|-|precip|L6|region=islands|post-monsoon|all,B4,shared-data:ecmwf_ifs025+icon_global,64.5,insufficient sample,368,"region: n >= 300, dates >= 60, points >= 3"
B4|shared-data:ecmwf_ifs025+icon_global|-|precip|L6|region=islands|pre-monsoon|all|T115.6,A4|shared-data:ecmwf_ifs025+icon_global|-|precip|L6|region=islands|pre-monsoon|all,B4,shared-data:ecmwf_ifs025+icon_global,115.6,insufficient sample,544,"region: n >= 300, dates >= 60, points >= 3"
B4|shared-data:ecmwf_ifs025+icon_global|-|precip|L6|region=islands|pre-monsoon|all|T35.6,A4|shared-data:ecmwf_ifs025+icon_global|-|precip|L6|region=islands|pre-monsoon|all,B4,shared-data:ecmwf_ifs025+icon_global,35.6,insufficient sample,544,"region: n >= 300, dates >= 60, points >= 3"
B4|shared-data:ecmwf_ifs025+icon_global|-|precip|L6|region=islands|pre-monsoon|all|T64.5,A4|shared-data:ecmwf_ifs025+icon_global|-|precip|L6|region=islands|pre-monsoon|all,B4,shared-data:ecmwf_ifs025+icon_global,64.5,insufficient sample,544,"region: n >= 300, dates >= 60, points >= 3"
B4|shared-data:ecmwf_ifs025+icon_global|-|precip|L6|region=islands|winter|all|T115.6,A4|shared-data:ecmwf_ifs025+icon_global|-|precip|L6|region=islands|winter|all,B4,shared-data:ecmwf_ifs025+icon_global,115.6,insufficient sample,276,"region: n >= 300, dates >= 60, points >= 3"
B4|shared-data:ecmwf_ifs025+icon_global|-|precip|L6|region=islands|winter|all|T35.6,A4|shared-data:ecmwf_ifs025+icon_global|-|precip|L6|region=islands|winter|all,B4,shared-data:ecmwf_ifs025+icon_global,35.6,insufficient sample,276,"region: n >= 300, dates >= 60, points >= 3"
B4|shared-data:ecmwf_ifs025+icon_global|-|precip|L6|region=islands|winter|all|T64.5,A4|shared-data:ecmwf_ifs025+icon_global|-|precip|L6|region=islands|winter|all,B4,shared-data:ecmwf_ifs025+icon_global,64.5,insufficient sample,276,"region: n >= 300, dates >= 60, points >= 3"
B4|shared-data:ecmwf_ifs025+icon_global|-|precip|L7|high_altitude=<1000m|all|all|T115.6,A4|shared-data:ecmwf_ifs025+icon_global|-|precip|L7|high_altitude=<1000m|all|all,B4,shared-data:ecmwf_ifs025+icon_global,115.6,not defined,0,"high_altitude: n >= 300, dates >= 60, points >= 3"
B4|shared-data:ecmwf_ifs025+icon_global|-|precip|L7|high_altitude=<1000m|all|all|T35.6,A4|shared-data:ecmwf_ifs025+icon_global|-|precip|L7|high_altitude=<1000m|all|all,B4,shared-data:ecmwf_ifs025+icon_global,35.6,not defined,0,"high_altitude: n >= 300, dates >= 60, points >= 3"
B4|shared-data:ecmwf_ifs025+icon_global|-|precip|L7|high_altitude=<1000m|all|all|T64.5,A4|shared-data:ecmwf_ifs025+icon_global|-|precip|L7|high_altitude=<1000m|all|all,B4,shared-data:ecmwf_ifs025+icon_global,64.5,not defined,0,"high_altitude: n >= 300, dates >= 60, points >= 3"
B4|shared-data:ecmwf_ifs025+icon_global|-|precip|L7|high_altitude=<1000m|monsoon|all|T115.6,A4|shared-data:ecmwf_ifs025+icon_global|-|precip|L7|high_altitude=<1000m|monsoon|all,B4,shared-data:ecmwf_ifs025+icon_global,115.6,not defined,0,"high_altitude: n >= 300, dates >= 60, points >= 3"
B4|shared-data:ecmwf_ifs025+icon_global|-|precip|L7|high_altitude=<1000m|monsoon|all|T35.6,A4|shared-data:ecmwf_ifs025+icon_global|-|precip|L7|high_altitude=<1000m|monsoon|all,B4,shared-data:ecmwf_ifs025+icon_global,35.6,not defined,0,"high_altitude: n >= 300, dates >= 60, points >= 3"
B4|shared-data:ecmwf_ifs025+icon_global|-|precip|L7|high_altitude=<1000m|monsoon|all|T64.5,A4|shared-data:ecmwf_ifs025+icon_global|-|precip|L7|high_altitude=<1000m|monsoon|all,B4,shared-data:ecmwf_ifs025+icon_global,64.5,not defined,0,"high_altitude: n >= 300, dates >= 60, points >= 3"
B4|shared-data:ecmwf_ifs025+icon_global|-|precip|L7|high_altitude=<1000m|post-monsoon|all|T115.6,A4|shared-data:ecmwf_ifs025+icon_global|-|precip|L7|high_altitude=<1000m|post-monsoon|all,B4,shared-data:ecmwf_ifs025+icon_global,115.6,not defined,0,"high_altitude: n >= 300, dates >= 60, points >= 3"
B4|shared-data:ecmwf_ifs025+icon_global|-|precip|L7|high_altitude=<1000m|post-monsoon|all|T35.6,A4|shared-data:ecmwf_ifs025+icon_global|-|precip|L7|high_altitude=<1000m|post-monsoon|all,B4,shared-data:ecmwf_ifs025+icon_global,35.6,not defined,0,"high_altitude: n >= 300, dates >= 60, points >= 3"
B4|shared-data:ecmwf_ifs025+icon_global|-|precip|L7|high_altitude=<1000m|post-monsoon|all|T64.5,A4|shared-data:ecmwf_ifs025+icon_global|-|precip|L7|high_altitude=<1000m|post-monsoon|all,B4,shared-data:ecmwf_ifs025+icon_global,64.5,not defined,0,"high_altitude: n >= 300, dates >= 60, points >= 3"
B4|shared-data:ecmwf_ifs025+icon_global|-|precip|L7|high_altitude=<1000m|pre-monsoon|all|T115.6,A4|shared-data:ecmwf_ifs025+icon_global|-|precip|L7|high_altitude=<1000m|pre-monsoon|all,B4,shared-data:ecmwf_ifs025+icon_global,115.6,not defined,0,"high_altitude: n >= 300, dates >= 60, points >= 3"
B4|shared-data:ecmwf_ifs025+icon_global|-|precip|L7|high_altitude=<1000m|pre-monsoon|all|T35.6,A4|shared-data:ecmwf_ifs025+icon_global|-|precip|L7|high_altitude=<1000m|pre-monsoon|all,B4,shared-data:ecmwf_ifs025+icon_global,35.6,not defined,0,"high_altitude: n >= 300, dates >= 60, points >= 3"
B4|shared-data:ecmwf_ifs025+icon_global|-|precip|L7|high_altitude=<1000m|pre-monsoon|all|T64.5,A4|shared-data:ecmwf_ifs025+icon_global|-|precip|L7|high_altitude=<1000m|pre-monsoon|all,B4,shared-data:ecmwf_ifs025+icon_global,64.5,not defined,0,"high_altitude: n >= 300, dates >= 60, points >= 3"
B4|shared-data:ecmwf_ifs025+icon_global|-|precip|L7|high_altitude=<1000m|winter|all|T115.6,A4|shared-data:ecmwf_ifs025+icon_global|-|precip|L7|high_altitude=<1000m|winter|all,B4,shared-data:ecmwf_ifs025+icon_global,115.6,not defined,0,"high_altitude: n >= 300, dates >= 60, points >= 3"
B4|shared-data:ecmwf_ifs025+icon_global|-|precip|L7|high_altitude=<1000m|winter|all|T35.6,A4|shared-data:ecmwf_ifs025+icon_global|-|precip|L7|high_altitude=<1000m|winter|all,B4,shared-data:ecmwf_ifs025+icon_global,35.6,not defined,0,"high_altitude: n >= 300, dates >= 60, points >= 3"
B4|shared-data:ecmwf_ifs025+icon_global|-|precip|L7|high_altitude=<1000m|winter|all|T64.5,A4|shared-data:ecmwf_ifs025+icon_global|-|precip|L7|high_altitude=<1000m|winter|all,B4,shared-data:ecmwf_ifs025+icon_global,64.5,not defined,0,"high_altitude: n >= 300, dates >= 60, points >= 3"
B4|shared-data:ecmwf_ifs025+icon_global|-|precip|L7|high_altitude=>=1000m|all|all|T115.6,A4|shared-data:ecmwf_ifs025+icon_global|-|precip|L7|high_altitude=>=1000m|all|all,B4,shared-data:ecmwf_ifs025+icon_global,115.6,not defined,0,"high_altitude: n >= 300, dates >= 60, points >= 3"
B4|shared-data:ecmwf_ifs025+icon_global|-|precip|L7|high_altitude=>=1000m|all|all|T35.6,A4|shared-data:ecmwf_ifs025+icon_global|-|precip|L7|high_altitude=>=1000m|all|all,B4,shared-data:ecmwf_ifs025+icon_global,35.6,not defined,0,"high_altitude: n >= 300, dates >= 60, points >= 3"
B4|shared-data:ecmwf_ifs025+icon_global|-|precip|L7|high_altitude=>=1000m|all|all|T64.5,A4|shared-data:ecmwf_ifs025+icon_global|-|precip|L7|high_altitude=>=1000m|all|all,B4,shared-data:ecmwf_ifs025+icon_global,64.5,not defined,0,"high_altitude: n >= 300, dates >= 60, points >= 3"
B4|shared-data:ecmwf_ifs025+icon_global|-|precip|L7|high_altitude=>=1000m|monsoon|all|T115.6,A4|shared-data:ecmwf_ifs025+icon_global|-|precip|L7|high_altitude=>=1000m|monsoon|all,B4,shared-data:ecmwf_ifs025+icon_global,115.6,not defined,0,"high_altitude: n >= 300, dates >= 60, points >= 3"
B4|shared-data:ecmwf_ifs025+icon_global|-|precip|L7|high_altitude=>=1000m|monsoon|all|T35.6,A4|shared-data:ecmwf_ifs025+icon_global|-|precip|L7|high_altitude=>=1000m|monsoon|all,B4,shared-data:ecmwf_ifs025+icon_global,35.6,not defined,0,"high_altitude: n >= 300, dates >= 60, points >= 3"
B4|shared-data:ecmwf_ifs025+icon_global|-|precip|L7|high_altitude=>=1000m|monsoon|all|T64.5,A4|shared-data:ecmwf_ifs025+icon_global|-|precip|L7|high_altitude=>=1000m|monsoon|all,B4,shared-data:ecmwf_ifs025+icon_global,64.5,not defined,0,"high_altitude: n >= 300, dates >= 60, points >= 3"
B4|shared-data:ecmwf_ifs025+icon_global|-|precip|L7|high_altitude=>=1000m|post-monsoon|all|T115.6,A4|shared-data:ecmwf_ifs025+icon_global|-|precip|L7|high_altitude=>=1000m|post-monsoon|all,B4,shared-data:ecmwf_ifs025+icon_global,115.6,not defined,0,"high_altitude: n >= 300, dates >= 60, points >= 3"
B4|shared-data:ecmwf_ifs025+icon_global|-|precip|L7|high_altitude=>=1000m|post-monsoon|all|T35.6,A4|shared-data:ecmwf_ifs025+icon_global|-|precip|L7|high_altitude=>=1000m|post-monsoon|all,B4,shared-data:ecmwf_ifs025+icon_global,35.6,not defined,0,"high_altitude: n >= 300, dates >= 60, points >= 3"
B4|shared-data:ecmwf_ifs025+icon_global|-|precip|L7|high_altitude=>=1000m|post-monsoon|all|T64.5,A4|shared-data:ecmwf_ifs025+icon_global|-|precip|L7|high_altitude=>=1000m|post-monsoon|all,B4,shared-data:ecmwf_ifs025+icon_global,64.5,not defined,0,"high_altitude: n >= 300, dates >= 60, points >= 3"
B4|shared-data:ecmwf_ifs025+icon_global|-|precip|L7|high_altitude=>=1000m|pre-monsoon|all|T115.6,A4|shared-data:ecmwf_ifs025+icon_global|-|precip|L7|high_altitude=>=1000m|pre-monsoon|all,B4,shared-data:ecmwf_ifs025+icon_global,115.6,not defined,0,"high_altitude: n >= 300, dates >= 60, points >= 3"
B4|shared-data:ecmwf_ifs025+icon_global|-|precip|L7|high_altitude=>=1000m|pre-monsoon|all|T35.6,A4|shared-data:ecmwf_ifs025+icon_global|-|precip|L7|high_altitude=>=1000m|pre-monsoon|all,B4,shared-data:ecmwf_ifs025+icon_global,35.6,not defined,0,"high_altitude: n >= 300, dates >= 60, points >= 3"
B4|shared-data:ecmwf_ifs025+icon_global|-|precip|L7|high_altitude=>=1000m|pre-monsoon|all|T64.5,A4|shared-data:ecmwf_ifs025+icon_global|-|precip|L7|high_altitude=>=1000m|pre-monsoon|all,B4,shared-data:ecmwf_ifs025+icon_global,64.5,not defined,0,"high_altitude: n >= 300, dates >= 60, points >= 3"
B4|shared-data:ecmwf_ifs025+icon_global|-|precip|L7|high_altitude=>=1000m|winter|all|T115.6,A4|shared-data:ecmwf_ifs025+icon_global|-|precip|L7|high_altitude=>=1000m|winter|all,B4,shared-data:ecmwf_ifs025+icon_global,115.6,not defined,0,"high_altitude: n >= 300, dates >= 60, points >= 3"
B4|shared-data:ecmwf_ifs025+icon_global|-|precip|L7|high_altitude=>=1000m|winter|all|T35.6,A4|shared-data:ecmwf_ifs025+icon_global|-|precip|L7|high_altitude=>=1000m|winter|all,B4,shared-data:ecmwf_ifs025+icon_global,35.6,not defined,0,"high_altitude: n >= 300, dates >= 60, points >= 3"
B4|shared-data:ecmwf_ifs025+icon_global|-|precip|L7|high_altitude=>=1000m|winter|all|T64.5,A4|shared-data:ecmwf_ifs025+icon_global|-|precip|L7|high_altitude=>=1000m|winter|all,B4,shared-data:ecmwf_ifs025+icon_global,64.5,not defined,0,"high_altitude: n >= 300, dates >= 60, points >= 3"
B4|shared-data:ecmwf_ifs025+icon_global|-|precip|L7|pooled=all-points|all|all|T115.6,A4|shared-data:ecmwf_ifs025+icon_global|-|precip|L7|pooled=all-points|all|all,B4,shared-data:ecmwf_ifs025+icon_global,115.6,not defined,0,"pooled: n >= 300, dates >= 60, points >= 10"
B4|shared-data:ecmwf_ifs025+icon_global|-|precip|L7|pooled=all-points|all|all|T35.6,A4|shared-data:ecmwf_ifs025+icon_global|-|precip|L7|pooled=all-points|all|all,B4,shared-data:ecmwf_ifs025+icon_global,35.6,not defined,0,"pooled: n >= 300, dates >= 60, points >= 10"
B4|shared-data:ecmwf_ifs025+icon_global|-|precip|L7|pooled=all-points|all|all|T64.5,A4|shared-data:ecmwf_ifs025+icon_global|-|precip|L7|pooled=all-points|all|all,B4,shared-data:ecmwf_ifs025+icon_global,64.5,not defined,0,"pooled: n >= 300, dates >= 60, points >= 10"
B4|shared-data:ecmwf_ifs025+icon_global|-|precip|L7|pooled=all-points|monsoon|all|T115.6,A4|shared-data:ecmwf_ifs025+icon_global|-|precip|L7|pooled=all-points|monsoon|all,B4,shared-data:ecmwf_ifs025+icon_global,115.6,not defined,0,"season: n >= 300, dates >= 60, points >= 10"
B4|shared-data:ecmwf_ifs025+icon_global|-|precip|L7|pooled=all-points|monsoon|all|T35.6,A4|shared-data:ecmwf_ifs025+icon_global|-|precip|L7|pooled=all-points|monsoon|all,B4,shared-data:ecmwf_ifs025+icon_global,35.6,not defined,0,"season: n >= 300, dates >= 60, points >= 10"
B4|shared-data:ecmwf_ifs025+icon_global|-|precip|L7|pooled=all-points|monsoon|all|T64.5,A4|shared-data:ecmwf_ifs025+icon_global|-|precip|L7|pooled=all-points|monsoon|all,B4,shared-data:ecmwf_ifs025+icon_global,64.5,not defined,0,"season: n >= 300, dates >= 60, points >= 10"
B4|shared-data:ecmwf_ifs025+icon_global|-|precip|L7|pooled=all-points|post-monsoon|all|T115.6,A4|shared-data:ecmwf_ifs025+icon_global|-|precip|L7|pooled=all-points|post-monsoon|all,B4,shared-data:ecmwf_ifs025+icon_global,115.6,not defined,0,"season: n >= 300, dates >= 60, points >= 10"
B4|shared-data:ecmwf_ifs025+icon_global|-|precip|L7|pooled=all-points|post-monsoon|all|T35.6,A4|shared-data:ecmwf_ifs025+icon_global|-|precip|L7|pooled=all-points|post-monsoon|all,B4,shared-data:ecmwf_ifs025+icon_global,35.6,not defined,0,"season: n >= 300, dates >= 60, points >= 10"
B4|shared-data:ecmwf_ifs025+icon_global|-|precip|L7|pooled=all-points|post-monsoon|all|T64.5,A4|shared-data:ecmwf_ifs025+icon_global|-|precip|L7|pooled=all-points|post-monsoon|all,B4,shared-data:ecmwf_ifs025+icon_global,64.5,not defined,0,"season: n >= 300, dates >= 60, points >= 10"
B4|shared-data:ecmwf_ifs025+icon_global|-|precip|L7|pooled=all-points|pre-monsoon|all|T115.6,A4|shared-data:ecmwf_ifs025+icon_global|-|precip|L7|pooled=all-points|pre-monsoon|all,B4,shared-data:ecmwf_ifs025+icon_global,115.6,not defined,0,"season: n >= 300, dates >= 60, points >= 10"
B4|shared-data:ecmwf_ifs025+icon_global|-|precip|L7|pooled=all-points|pre-monsoon|all|T35.6,A4|shared-data:ecmwf_ifs025+icon_global|-|precip|L7|pooled=all-points|pre-monsoon|all,B4,shared-data:ecmwf_ifs025+icon_global,35.6,not defined,0,"season: n >= 300, dates >= 60, points >= 10"
B4|shared-data:ecmwf_ifs025+icon_global|-|precip|L7|pooled=all-points|pre-monsoon|all|T64.5,A4|shared-data:ecmwf_ifs025+icon_global|-|precip|L7|pooled=all-points|pre-monsoon|all,B4,shared-data:ecmwf_ifs025+icon_global,64.5,not defined,0,"season: n >= 300, dates >= 60, points >= 10"
B4|shared-data:ecmwf_ifs025+icon_global|-|precip|L7|pooled=all-points|winter|all|T115.6,A4|shared-data:ecmwf_ifs025+icon_global|-|precip|L7|pooled=all-points|winter|all,B4,shared-data:ecmwf_ifs025+icon_global,115.6,not defined,0,"season: n >= 300, dates >= 60, points >= 10"
B4|shared-data:ecmwf_ifs025+icon_global|-|precip|L7|pooled=all-points|winter|all|T35.6,A4|shared-data:ecmwf_ifs025+icon_global|-|precip|L7|pooled=all-points|winter|all,B4,shared-data:ecmwf_ifs025+icon_global,35.6,not defined,0,"season: n >= 300, dates >= 60, points >= 10"
B4|shared-data:ecmwf_ifs025+icon_global|-|precip|L7|pooled=all-points|winter|all|T64.5,A4|shared-data:ecmwf_ifs025+icon_global|-|precip|L7|pooled=all-points|winter|all,B4,shared-data:ecmwf_ifs025+icon_global,64.5,not defined,0,"season: n >= 300, dates >= 60, points >= 10"
B4|shared-data:ecmwf_ifs025+icon_global|-|precip|L7|region=central|all|all|T115.6,A4|shared-data:ecmwf_ifs025+icon_global|-|precip|L7|region=central|all|all,B4,shared-data:ecmwf_ifs025+icon_global,115.6,not defined,0,"region: n >= 300, dates >= 60, points >= 3"
B4|shared-data:ecmwf_ifs025+icon_global|-|precip|L7|region=central|all|all|T35.6,A4|shared-data:ecmwf_ifs025+icon_global|-|precip|L7|region=central|all|all,B4,shared-data:ecmwf_ifs025+icon_global,35.6,not defined,0,"region: n >= 300, dates >= 60, points >= 3"
B4|shared-data:ecmwf_ifs025+icon_global|-|precip|L7|region=central|all|all|T64.5,A4|shared-data:ecmwf_ifs025+icon_global|-|precip|L7|region=central|all|all,B4,shared-data:ecmwf_ifs025+icon_global,64.5,not defined,0,"region: n >= 300, dates >= 60, points >= 3"
B4|shared-data:ecmwf_ifs025+icon_global|-|precip|L7|region=central|monsoon|all|T115.6,A4|shared-data:ecmwf_ifs025+icon_global|-|precip|L7|region=central|monsoon|all,B4,shared-data:ecmwf_ifs025+icon_global,115.6,not defined,0,"region: n >= 300, dates >= 60, points >= 3"
B4|shared-data:ecmwf_ifs025+icon_global|-|precip|L7|region=central|monsoon|all|T35.6,A4|shared-data:ecmwf_ifs025+icon_global|-|precip|L7|region=central|monsoon|all,B4,shared-data:ecmwf_ifs025+icon_global,35.6,not defined,0,"region: n >= 300, dates >= 60, points >= 3"
B4|shared-data:ecmwf_ifs025+icon_global|-|precip|L7|region=central|monsoon|all|T64.5,A4|shared-data:ecmwf_ifs025+icon_global|-|precip|L7|region=central|monsoon|all,B4,shared-data:ecmwf_ifs025+icon_global,64.5,not defined,0,"region: n >= 300, dates >= 60, points >= 3"
B4|shared-data:ecmwf_ifs025+icon_global|-|precip|L7|region=central|post-monsoon|all|T115.6,A4|shared-data:ecmwf_ifs025+icon_global|-|precip|L7|region=central|post-monsoon|all,B4,shared-data:ecmwf_ifs025+icon_global,115.6,not defined,0,"region: n >= 300, dates >= 60, points >= 3"
B4|shared-data:ecmwf_ifs025+icon_global|-|precip|L7|region=central|post-monsoon|all|T35.6,A4|shared-data:ecmwf_ifs025+icon_global|-|precip|L7|region=central|post-monsoon|all,B4,shared-data:ecmwf_ifs025+icon_global,35.6,not defined,0,"region: n >= 300, dates >= 60, points >= 3"
B4|shared-data:ecmwf_ifs025+icon_global|-|precip|L7|region=central|post-monsoon|all|T64.5,A4|shared-data:ecmwf_ifs025+icon_global|-|precip|L7|region=central|post-monsoon|all,B4,shared-data:ecmwf_ifs025+icon_global,64.5,not defined,0,"region: n >= 300, dates >= 60, points >= 3"
B4|shared-data:ecmwf_ifs025+icon_global|-|precip|L7|region=central|pre-monsoon|all|T115.6,A4|shared-data:ecmwf_ifs025+icon_global|-|precip|L7|region=central|pre-monsoon|all,B4,shared-data:ecmwf_ifs025+icon_global,115.6,not defined,0,"region: n >= 300, dates >= 60, points >= 3"
B4|shared-data:ecmwf_ifs025+icon_global|-|precip|L7|region=central|pre-monsoon|all|T35.6,A4|shared-data:ecmwf_ifs025+icon_global|-|precip|L7|region=central|pre-monsoon|all,B4,shared-data:ecmwf_ifs025+icon_global,35.6,not defined,0,"region: n >= 300, dates >= 60, points >= 3"
B4|shared-data:ecmwf_ifs025+icon_global|-|precip|L7|region=central|pre-monsoon|all|T64.5,A4|shared-data:ecmwf_ifs025+icon_global|-|precip|L7|region=central|pre-monsoon|all,B4,shared-data:ecmwf_ifs025+icon_global,64.5,not defined,0,"region: n >= 300, dates >= 60, points >= 3"
B4|shared-data:ecmwf_ifs025+icon_global|-|precip|L7|region=central|winter|all|T115.6,A4|shared-data:ecmwf_ifs025+icon_global|-|precip|L7|region=central|winter|all,B4,shared-data:ecmwf_ifs025+icon_global,115.6,not defined,0,"region: n >= 300, dates >= 60, points >= 3"
B4|shared-data:ecmwf_ifs025+icon_global|-|precip|L7|region=central|winter|all|T35.6,A4|shared-data:ecmwf_ifs025+icon_global|-|precip|L7|region=central|winter|all,B4,shared-data:ecmwf_ifs025+icon_global,35.6,not defined,0,"region: n >= 300, dates >= 60, points >= 3"
B4|shared-data:ecmwf_ifs025+icon_global|-|precip|L7|region=central|winter|all|T64.5,A4|shared-data:ecmwf_ifs025+icon_global|-|precip|L7|region=central|winter|all,B4,shared-data:ecmwf_ifs025+icon_global,64.5,not defined,0,"region: n >= 300, dates >= 60, points >= 3"
B4|shared-data:ecmwf_ifs025+icon_global|-|precip|L7|region=east-north-east|all|all|T115.6,A4|shared-data:ecmwf_ifs025+icon_global|-|precip|L7|region=east-north-east|all|all,B4,shared-data:ecmwf_ifs025+icon_global,115.6,not defined,0,"region: n >= 300, dates >= 60, points >= 3"
B4|shared-data:ecmwf_ifs025+icon_global|-|precip|L7|region=east-north-east|all|all|T35.6,A4|shared-data:ecmwf_ifs025+icon_global|-|precip|L7|region=east-north-east|all|all,B4,shared-data:ecmwf_ifs025+icon_global,35.6,not defined,0,"region: n >= 300, dates >= 60, points >= 3"
B4|shared-data:ecmwf_ifs025+icon_global|-|precip|L7|region=east-north-east|all|all|T64.5,A4|shared-data:ecmwf_ifs025+icon_global|-|precip|L7|region=east-north-east|all|all,B4,shared-data:ecmwf_ifs025+icon_global,64.5,not defined,0,"region: n >= 300, dates >= 60, points >= 3"
B4|shared-data:ecmwf_ifs025+icon_global|-|precip|L7|region=east-north-east|monsoon|all|T115.6,A4|shared-data:ecmwf_ifs025+icon_global|-|precip|L7|region=east-north-east|monsoon|all,B4,shared-data:ecmwf_ifs025+icon_global,115.6,not defined,0,"region: n >= 300, dates >= 60, points >= 3"
B4|shared-data:ecmwf_ifs025+icon_global|-|precip|L7|region=east-north-east|monsoon|all|T35.6,A4|shared-data:ecmwf_ifs025+icon_global|-|precip|L7|region=east-north-east|monsoon|all,B4,shared-data:ecmwf_ifs025+icon_global,35.6,not defined,0,"region: n >= 300, dates >= 60, points >= 3"
B4|shared-data:ecmwf_ifs025+icon_global|-|precip|L7|region=east-north-east|monsoon|all|T64.5,A4|shared-data:ecmwf_ifs025+icon_global|-|precip|L7|region=east-north-east|monsoon|all,B4,shared-data:ecmwf_ifs025+icon_global,64.5,not defined,0,"region: n >= 300, dates >= 60, points >= 3"
B4|shared-data:ecmwf_ifs025+icon_global|-|precip|L7|region=east-north-east|post-monsoon|all|T115.6,A4|shared-data:ecmwf_ifs025+icon_global|-|precip|L7|region=east-north-east|post-monsoon|all,B4,shared-data:ecmwf_ifs025+icon_global,115.6,not defined,0,"region: n >= 300, dates >= 60, points >= 3"
B4|shared-data:ecmwf_ifs025+icon_global|-|precip|L7|region=east-north-east|post-monsoon|all|T35.6,A4|shared-data:ecmwf_ifs025+icon_global|-|precip|L7|region=east-north-east|post-monsoon|all,B4,shared-data:ecmwf_ifs025+icon_global,35.6,not defined,0,"region: n >= 300, dates >= 60, points >= 3"
B4|shared-data:ecmwf_ifs025+icon_global|-|precip|L7|region=east-north-east|post-monsoon|all|T64.5,A4|shared-data:ecmwf_ifs025+icon_global|-|precip|L7|region=east-north-east|post-monsoon|all,B4,shared-data:ecmwf_ifs025+icon_global,64.5,not defined,0,"region: n >= 300, dates >= 60, points >= 3"
B4|shared-data:ecmwf_ifs025+icon_global|-|precip|L7|region=east-north-east|pre-monsoon|all|T115.6,A4|shared-data:ecmwf_ifs025+icon_global|-|precip|L7|region=east-north-east|pre-monsoon|all,B4,shared-data:ecmwf_ifs025+icon_global,115.6,not defined,0,"region: n >= 300, dates >= 60, points >= 3"
B4|shared-data:ecmwf_ifs025+icon_global|-|precip|L7|region=east-north-east|pre-monsoon|all|T35.6,A4|shared-data:ecmwf_ifs025+icon_global|-|precip|L7|region=east-north-east|pre-monsoon|all,B4,shared-data:ecmwf_ifs025+icon_global,35.6,not defined,0,"region: n >= 300, dates >= 60, points >= 3"
B4|shared-data:ecmwf_ifs025+icon_global|-|precip|L7|region=east-north-east|pre-monsoon|all|T64.5,A4|shared-data:ecmwf_ifs025+icon_global|-|precip|L7|region=east-north-east|pre-monsoon|all,B4,shared-data:ecmwf_ifs025+icon_global,64.5,not defined,0,"region: n >= 300, dates >= 60, points >= 3"
B4|shared-data:ecmwf_ifs025+icon_global|-|precip|L7|region=east-north-east|winter|all|T115.6,A4|shared-data:ecmwf_ifs025+icon_global|-|precip|L7|region=east-north-east|winter|all,B4,shared-data:ecmwf_ifs025+icon_global,115.6,not defined,0,"region: n >= 300, dates >= 60, points >= 3"
B4|shared-data:ecmwf_ifs025+icon_global|-|precip|L7|region=east-north-east|winter|all|T35.6,A4|shared-data:ecmwf_ifs025+icon_global|-|precip|L7|region=east-north-east|winter|all,B4,shared-data:ecmwf_ifs025+icon_global,35.6,not defined,0,"region: n >= 300, dates >= 60, points >= 3"
B4|shared-data:ecmwf_ifs025+icon_global|-|precip|L7|region=east-north-east|winter|all|T64.5,A4|shared-data:ecmwf_ifs025+icon_global|-|precip|L7|region=east-north-east|winter|all,B4,shared-data:ecmwf_ifs025+icon_global,64.5,not defined,0,"region: n >= 300, dates >= 60, points >= 3"
B4|shared-data:ecmwf_ifs025+icon_global|-|precip|L7|region=islands|all|all|T115.6,A4|shared-data:ecmwf_ifs025+icon_global|-|precip|L7|region=islands|all|all,B4,shared-data:ecmwf_ifs025+icon_global,115.6,not defined,0,"region: n >= 300, dates >= 60, points >= 3"
B4|shared-data:ecmwf_ifs025+icon_global|-|precip|L7|region=islands|all|all|T35.6,A4|shared-data:ecmwf_ifs025+icon_global|-|precip|L7|region=islands|all|all,B4,shared-data:ecmwf_ifs025+icon_global,35.6,not defined,0,"region: n >= 300, dates >= 60, points >= 3"
B4|shared-data:ecmwf_ifs025+icon_global|-|precip|L7|region=islands|all|all|T64.5,A4|shared-data:ecmwf_ifs025+icon_global|-|precip|L7|region=islands|all|all,B4,shared-data:ecmwf_ifs025+icon_global,64.5,not defined,0,"region: n >= 300, dates >= 60, points >= 3"
B4|shared-data:ecmwf_ifs025+icon_global|-|precip|L7|region=islands|monsoon|all|T115.6,A4|shared-data:ecmwf_ifs025+icon_global|-|precip|L7|region=islands|monsoon|all,B4,shared-data:ecmwf_ifs025+icon_global,115.6,not defined,0,"region: n >= 300, dates >= 60, points >= 3"
B4|shared-data:ecmwf_ifs025+icon_global|-|precip|L7|region=islands|monsoon|all|T35.6,A4|shared-data:ecmwf_ifs025+icon_global|-|precip|L7|region=islands|monsoon|all,B4,shared-data:ecmwf_ifs025+icon_global,35.6,not defined,0,"region: n >= 300, dates >= 60, points >= 3"
B4|shared-data:ecmwf_ifs025+icon_global|-|precip|L7|region=islands|monsoon|all|T64.5,A4|shared-data:ecmwf_ifs025+icon_global|-|precip|L7|region=islands|monsoon|all,B4,shared-data:ecmwf_ifs025+icon_global,64.5,not defined,0,"region: n >= 300, dates >= 60, points >= 3"
B4|shared-data:ecmwf_ifs025+icon_global|-|precip|L7|region=islands|post-monsoon|all|T115.6,A4|shared-data:ecmwf_ifs025+icon_global|-|precip|L7|region=islands|post-monsoon|all,B4,shared-data:ecmwf_ifs025+icon_global,115.6,not defined,0,"region: n >= 300, dates >= 60, points >= 3"
B4|shared-data:ecmwf_ifs025+icon_global|-|precip|L7|region=islands|post-monsoon|all|T35.6,A4|shared-data:ecmwf_ifs025+icon_global|-|precip|L7|region=islands|post-monsoon|all,B4,shared-data:ecmwf_ifs025+icon_global,35.6,not defined,0,"region: n >= 300, dates >= 60, points >= 3"
B4|shared-data:ecmwf_ifs025+icon_global|-|precip|L7|region=islands|post-monsoon|all|T64.5,A4|shared-data:ecmwf_ifs025+icon_global|-|precip|L7|region=islands|post-monsoon|all,B4,shared-data:ecmwf_ifs025+icon_global,64.5,not defined,0,"region: n >= 300, dates >= 60, points >= 3"
B4|shared-data:ecmwf_ifs025+icon_global|-|precip|L7|region=islands|pre-monsoon|all|T115.6,A4|shared-data:ecmwf_ifs025+icon_global|-|precip|L7|region=islands|pre-monsoon|all,B4,shared-data:ecmwf_ifs025+icon_global,115.6,not defined,0,"region: n >= 300, dates >= 60, points >= 3"
B4|shared-data:ecmwf_ifs025+icon_global|-|precip|L7|region=islands|pre-monsoon|all|T35.6,A4|shared-data:ecmwf_ifs025+icon_global|-|precip|L7|region=islands|pre-monsoon|all,B4,shared-data:ecmwf_ifs025+icon_global,35.6,not defined,0,"region: n >= 300, dates >= 60, points >= 3"
B4|shared-data:ecmwf_ifs025+icon_global|-|precip|L7|region=islands|pre-monsoon|all|T64.5,A4|shared-data:ecmwf_ifs025+icon_global|-|precip|L7|region=islands|pre-monsoon|all,B4,shared-data:ecmwf_ifs025+icon_global,64.5,not defined,0,"region: n >= 300, dates >= 60, points >= 3"
B4|shared-data:ecmwf_ifs025+icon_global|-|precip|L7|region=islands|winter|all|T115.6,A4|shared-data:ecmwf_ifs025+icon_global|-|precip|L7|region=islands|winter|all,B4,shared-data:ecmwf_ifs025+icon_global,115.6,not defined,0,"region: n >= 300, dates >= 60, points >= 3"
B4|shared-data:ecmwf_ifs025+icon_global|-|precip|L7|region=islands|winter|all|T35.6,A4|shared-data:ecmwf_ifs025+icon_global|-|precip|L7|region=islands|winter|all,B4,shared-data:ecmwf_ifs025+icon_global,35.6,not defined,0,"region: n >= 300, dates >= 60, points >= 3"
B4|shared-data:ecmwf_ifs025+icon_global|-|precip|L7|region=islands|winter|all|T64.5,A4|shared-data:ecmwf_ifs025+icon_global|-|precip|L7|region=islands|winter|all,B4,shared-data:ecmwf_ifs025+icon_global,64.5,not defined,0,"region: n >= 300, dates >= 60, points >= 3"
B4|shared-data:ecmwf_ifs025+icon_global|-|precip|L7|region=north-west|all|all|T115.6,A4|shared-data:ecmwf_ifs025+icon_global|-|precip|L7|region=north-west|all|all,B4,shared-data:ecmwf_ifs025+icon_global,115.6,not defined,0,"region: n >= 300, dates >= 60, points >= 3"
B4|shared-data:ecmwf_ifs025+icon_global|-|precip|L7|region=north-west|all|all|T35.6,A4|shared-data:ecmwf_ifs025+icon_global|-|precip|L7|region=north-west|all|all,B4,shared-data:ecmwf_ifs025+icon_global,35.6,not defined,0,"region: n >= 300, dates >= 60, points >= 3"
B4|shared-data:ecmwf_ifs025+icon_global|-|precip|L7|region=north-west|all|all|T64.5,A4|shared-data:ecmwf_ifs025+icon_global|-|precip|L7|region=north-west|all|all,B4,shared-data:ecmwf_ifs025+icon_global,64.5,not defined,0,"region: n >= 300, dates >= 60, points >= 3"
B4|shared-data:ecmwf_ifs025+icon_global|-|precip|L7|region=north-west|monsoon|all|T115.6,A4|shared-data:ecmwf_ifs025+icon_global|-|precip|L7|region=north-west|monsoon|all,B4,shared-data:ecmwf_ifs025+icon_global,115.6,not defined,0,"region: n >= 300, dates >= 60, points >= 3"
B4|shared-data:ecmwf_ifs025+icon_global|-|precip|L7|region=north-west|monsoon|all|T35.6,A4|shared-data:ecmwf_ifs025+icon_global|-|precip|L7|region=north-west|monsoon|all,B4,shared-data:ecmwf_ifs025+icon_global,35.6,not defined,0,"region: n >= 300, dates >= 60, points >= 3"
B4|shared-data:ecmwf_ifs025+icon_global|-|precip|L7|region=north-west|monsoon|all|T64.5,A4|shared-data:ecmwf_ifs025+icon_global|-|precip|L7|region=north-west|monsoon|all,B4,shared-data:ecmwf_ifs025+icon_global,64.5,not defined,0,"region: n >= 300, dates >= 60, points >= 3"
B4|shared-data:ecmwf_ifs025+icon_global|-|precip|L7|region=north-west|post-monsoon|all|T115.6,A4|shared-data:ecmwf_ifs025+icon_global|-|precip|L7|region=north-west|post-monsoon|all,B4,shared-data:ecmwf_ifs025+icon_global,115.6,not defined,0,"region: n >= 300, dates >= 60, points >= 3"
B4|shared-data:ecmwf_ifs025+icon_global|-|precip|L7|region=north-west|post-monsoon|all|T35.6,A4|shared-data:ecmwf_ifs025+icon_global|-|precip|L7|region=north-west|post-monsoon|all,B4,shared-data:ecmwf_ifs025+icon_global,35.6,not defined,0,"region: n >= 300, dates >= 60, points >= 3"
B4|shared-data:ecmwf_ifs025+icon_global|-|precip|L7|region=north-west|post-monsoon|all|T64.5,A4|shared-data:ecmwf_ifs025+icon_global|-|precip|L7|region=north-west|post-monsoon|all,B4,shared-data:ecmwf_ifs025+icon_global,64.5,not defined,0,"region: n >= 300, dates >= 60, points >= 3"
B4|shared-data:ecmwf_ifs025+icon_global|-|precip|L7|region=north-west|pre-monsoon|all|T115.6,A4|shared-data:ecmwf_ifs025+icon_global|-|precip|L7|region=north-west|pre-monsoon|all,B4,shared-data:ecmwf_ifs025+icon_global,115.6,not defined,0,"region: n >= 300, dates >= 60, points >= 3"
B4|shared-data:ecmwf_ifs025+icon_global|-|precip|L7|region=north-west|pre-monsoon|all|T35.6,A4|shared-data:ecmwf_ifs025+icon_global|-|precip|L7|region=north-west|pre-monsoon|all,B4,shared-data:ecmwf_ifs025+icon_global,35.6,not defined,0,"region: n >= 300, dates >= 60, points >= 3"
B4|shared-data:ecmwf_ifs025+icon_global|-|precip|L7|region=north-west|pre-monsoon|all|T64.5,A4|shared-data:ecmwf_ifs025+icon_global|-|precip|L7|region=north-west|pre-monsoon|all,B4,shared-data:ecmwf_ifs025+icon_global,64.5,not defined,0,"region: n >= 300, dates >= 60, points >= 3"
B4|shared-data:ecmwf_ifs025+icon_global|-|precip|L7|region=north-west|winter|all|T115.6,A4|shared-data:ecmwf_ifs025+icon_global|-|precip|L7|region=north-west|winter|all,B4,shared-data:ecmwf_ifs025+icon_global,115.6,not defined,0,"region: n >= 300, dates >= 60, points >= 3"
B4|shared-data:ecmwf_ifs025+icon_global|-|precip|L7|region=north-west|winter|all|T35.6,A4|shared-data:ecmwf_ifs025+icon_global|-|precip|L7|region=north-west|winter|all,B4,shared-data:ecmwf_ifs025+icon_global,35.6,not defined,0,"region: n >= 300, dates >= 60, points >= 3"
B4|shared-data:ecmwf_ifs025+icon_global|-|precip|L7|region=north-west|winter|all|T64.5,A4|shared-data:ecmwf_ifs025+icon_global|-|precip|L7|region=north-west|winter|all,B4,shared-data:ecmwf_ifs025+icon_global,64.5,not defined,0,"region: n >= 300, dates >= 60, points >= 3"
B4|shared-data:ecmwf_ifs025+icon_global|-|precip|L7|region=south-peninsula|all|all|T115.6,A4|shared-data:ecmwf_ifs025+icon_global|-|precip|L7|region=south-peninsula|all|all,B4,shared-data:ecmwf_ifs025+icon_global,115.6,not defined,0,"region: n >= 300, dates >= 60, points >= 3"
B4|shared-data:ecmwf_ifs025+icon_global|-|precip|L7|region=south-peninsula|all|all|T35.6,A4|shared-data:ecmwf_ifs025+icon_global|-|precip|L7|region=south-peninsula|all|all,B4,shared-data:ecmwf_ifs025+icon_global,35.6,not defined,0,"region: n >= 300, dates >= 60, points >= 3"
B4|shared-data:ecmwf_ifs025+icon_global|-|precip|L7|region=south-peninsula|all|all|T64.5,A4|shared-data:ecmwf_ifs025+icon_global|-|precip|L7|region=south-peninsula|all|all,B4,shared-data:ecmwf_ifs025+icon_global,64.5,not defined,0,"region: n >= 300, dates >= 60, points >= 3"
B4|shared-data:ecmwf_ifs025+icon_global|-|precip|L7|region=south-peninsula|monsoon|all|T115.6,A4|shared-data:ecmwf_ifs025+icon_global|-|precip|L7|region=south-peninsula|monsoon|all,B4,shared-data:ecmwf_ifs025+icon_global,115.6,not defined,0,"region: n >= 300, dates >= 60, points >= 3"
B4|shared-data:ecmwf_ifs025+icon_global|-|precip|L7|region=south-peninsula|monsoon|all|T35.6,A4|shared-data:ecmwf_ifs025+icon_global|-|precip|L7|region=south-peninsula|monsoon|all,B4,shared-data:ecmwf_ifs025+icon_global,35.6,not defined,0,"region: n >= 300, dates >= 60, points >= 3"
B4|shared-data:ecmwf_ifs025+icon_global|-|precip|L7|region=south-peninsula|monsoon|all|T64.5,A4|shared-data:ecmwf_ifs025+icon_global|-|precip|L7|region=south-peninsula|monsoon|all,B4,shared-data:ecmwf_ifs025+icon_global,64.5,not defined,0,"region: n >= 300, dates >= 60, points >= 3"
B4|shared-data:ecmwf_ifs025+icon_global|-|precip|L7|region=south-peninsula|post-monsoon|all|T115.6,A4|shared-data:ecmwf_ifs025+icon_global|-|precip|L7|region=south-peninsula|post-monsoon|all,B4,shared-data:ecmwf_ifs025+icon_global,115.6,not defined,0,"region: n >= 300, dates >= 60, points >= 3"
B4|shared-data:ecmwf_ifs025+icon_global|-|precip|L7|region=south-peninsula|post-monsoon|all|T35.6,A4|shared-data:ecmwf_ifs025+icon_global|-|precip|L7|region=south-peninsula|post-monsoon|all,B4,shared-data:ecmwf_ifs025+icon_global,35.6,not defined,0,"region: n >= 300, dates >= 60, points >= 3"
B4|shared-data:ecmwf_ifs025+icon_global|-|precip|L7|region=south-peninsula|post-monsoon|all|T64.5,A4|shared-data:ecmwf_ifs025+icon_global|-|precip|L7|region=south-peninsula|post-monsoon|all,B4,shared-data:ecmwf_ifs025+icon_global,64.5,not defined,0,"region: n >= 300, dates >= 60, points >= 3"
B4|shared-data:ecmwf_ifs025+icon_global|-|precip|L7|region=south-peninsula|pre-monsoon|all|T115.6,A4|shared-data:ecmwf_ifs025+icon_global|-|precip|L7|region=south-peninsula|pre-monsoon|all,B4,shared-data:ecmwf_ifs025+icon_global,115.6,not defined,0,"region: n >= 300, dates >= 60, points >= 3"
B4|shared-data:ecmwf_ifs025+icon_global|-|precip|L7|region=south-peninsula|pre-monsoon|all|T35.6,A4|shared-data:ecmwf_ifs025+icon_global|-|precip|L7|region=south-peninsula|pre-monsoon|all,B4,shared-data:ecmwf_ifs025+icon_global,35.6,not defined,0,"region: n >= 300, dates >= 60, points >= 3"
B4|shared-data:ecmwf_ifs025+icon_global|-|precip|L7|region=south-peninsula|pre-monsoon|all|T64.5,A4|shared-data:ecmwf_ifs025+icon_global|-|precip|L7|region=south-peninsula|pre-monsoon|all,B4,shared-data:ecmwf_ifs025+icon_global,64.5,not defined,0,"region: n >= 300, dates >= 60, points >= 3"
B4|shared-data:ecmwf_ifs025+icon_global|-|precip|L7|region=south-peninsula|winter|all|T115.6,A4|shared-data:ecmwf_ifs025+icon_global|-|precip|L7|region=south-peninsula|winter|all,B4,shared-data:ecmwf_ifs025+icon_global,115.6,not defined,0,"region: n >= 300, dates >= 60, points >= 3"
B4|shared-data:ecmwf_ifs025+icon_global|-|precip|L7|region=south-peninsula|winter|all|T35.6,A4|shared-data:ecmwf_ifs025+icon_global|-|precip|L7|region=south-peninsula|winter|all,B4,shared-data:ecmwf_ifs025+icon_global,35.6,not defined,0,"region: n >= 300, dates >= 60, points >= 3"
B4|shared-data:ecmwf_ifs025+icon_global|-|precip|L7|region=south-peninsula|winter|all|T64.5,A4|shared-data:ecmwf_ifs025+icon_global|-|precip|L7|region=south-peninsula|winter|all,B4,shared-data:ecmwf_ifs025+icon_global,64.5,not defined,0,"region: n >= 300, dates >= 60, points >= 3"
B4|shared-data:gfs_global+icon_global|-|precip|L1|region=islands|all|all|T115.6,A4|shared-data:gfs_global+icon_global|-|precip|L1|region=islands|all|all,B4,shared-data:gfs_global+icon_global,115.6,insufficient sample,1878,"region: n >= 300, dates >= 60, points >= 3"
B4|shared-data:gfs_global+icon_global|-|precip|L1|region=islands|all|all|T35.6,A4|shared-data:gfs_global+icon_global|-|precip|L1|region=islands|all|all,B4,shared-data:gfs_global+icon_global,35.6,insufficient sample,1878,"region: n >= 300, dates >= 60, points >= 3"
B4|shared-data:gfs_global+icon_global|-|precip|L1|region=islands|all|all|T64.5,A4|shared-data:gfs_global+icon_global|-|precip|L1|region=islands|all|all,B4,shared-data:gfs_global+icon_global,64.5,insufficient sample,1878,"region: n >= 300, dates >= 60, points >= 3"
B4|shared-data:gfs_global+icon_global|-|precip|L1|region=islands|monsoon|all|T115.6,A4|shared-data:gfs_global+icon_global|-|precip|L1|region=islands|monsoon|all,B4,shared-data:gfs_global+icon_global,115.6,insufficient sample,672,"region: n >= 300, dates >= 60, points >= 3"
B4|shared-data:gfs_global+icon_global|-|precip|L1|region=islands|monsoon|all|T35.6,A4|shared-data:gfs_global+icon_global|-|precip|L1|region=islands|monsoon|all,B4,shared-data:gfs_global+icon_global,35.6,insufficient sample,672,"region: n >= 300, dates >= 60, points >= 3"
B4|shared-data:gfs_global+icon_global|-|precip|L1|region=islands|monsoon|all|T64.5,A4|shared-data:gfs_global+icon_global|-|precip|L1|region=islands|monsoon|all,B4,shared-data:gfs_global+icon_global,64.5,insufficient sample,672,"region: n >= 300, dates >= 60, points >= 3"
B4|shared-data:gfs_global+icon_global|-|precip|L1|region=islands|post-monsoon|all|T115.6,A4|shared-data:gfs_global+icon_global|-|precip|L1|region=islands|post-monsoon|all,B4,shared-data:gfs_global+icon_global,115.6,insufficient sample,368,"region: n >= 300, dates >= 60, points >= 3"
B4|shared-data:gfs_global+icon_global|-|precip|L1|region=islands|post-monsoon|all|T35.6,A4|shared-data:gfs_global+icon_global|-|precip|L1|region=islands|post-monsoon|all,B4,shared-data:gfs_global+icon_global,35.6,insufficient sample,368,"region: n >= 300, dates >= 60, points >= 3"
B4|shared-data:gfs_global+icon_global|-|precip|L1|region=islands|post-monsoon|all|T64.5,A4|shared-data:gfs_global+icon_global|-|precip|L1|region=islands|post-monsoon|all,B4,shared-data:gfs_global+icon_global,64.5,insufficient sample,368,"region: n >= 300, dates >= 60, points >= 3"
B4|shared-data:gfs_global+icon_global|-|precip|L1|region=islands|pre-monsoon|all|T115.6,A4|shared-data:gfs_global+icon_global|-|precip|L1|region=islands|pre-monsoon|all,B4,shared-data:gfs_global+icon_global,115.6,insufficient sample,544,"region: n >= 300, dates >= 60, points >= 3"
B4|shared-data:gfs_global+icon_global|-|precip|L1|region=islands|pre-monsoon|all|T35.6,A4|shared-data:gfs_global+icon_global|-|precip|L1|region=islands|pre-monsoon|all,B4,shared-data:gfs_global+icon_global,35.6,insufficient sample,544,"region: n >= 300, dates >= 60, points >= 3"
B4|shared-data:gfs_global+icon_global|-|precip|L1|region=islands|pre-monsoon|all|T64.5,A4|shared-data:gfs_global+icon_global|-|precip|L1|region=islands|pre-monsoon|all,B4,shared-data:gfs_global+icon_global,64.5,insufficient sample,544,"region: n >= 300, dates >= 60, points >= 3"
B4|shared-data:gfs_global+icon_global|-|precip|L1|region=islands|winter|all|T115.6,A4|shared-data:gfs_global+icon_global|-|precip|L1|region=islands|winter|all,B4,shared-data:gfs_global+icon_global,115.6,insufficient sample,294,"region: n >= 300, dates >= 60, points >= 3"
B4|shared-data:gfs_global+icon_global|-|precip|L1|region=islands|winter|all|T35.6,A4|shared-data:gfs_global+icon_global|-|precip|L1|region=islands|winter|all,B4,shared-data:gfs_global+icon_global,35.6,insufficient sample,294,"region: n >= 300, dates >= 60, points >= 3"
B4|shared-data:gfs_global+icon_global|-|precip|L1|region=islands|winter|all|T64.5,A4|shared-data:gfs_global+icon_global|-|precip|L1|region=islands|winter|all,B4,shared-data:gfs_global+icon_global,64.5,insufficient sample,294,"region: n >= 300, dates >= 60, points >= 3"
B4|shared-data:gfs_global+icon_global|-|precip|L2|region=islands|all|all|T115.6,A4|shared-data:gfs_global+icon_global|-|precip|L2|region=islands|all|all,B4,shared-data:gfs_global+icon_global,115.6,insufficient sample,1878,"region: n >= 300, dates >= 60, points >= 3"
B4|shared-data:gfs_global+icon_global|-|precip|L2|region=islands|all|all|T35.6,A4|shared-data:gfs_global+icon_global|-|precip|L2|region=islands|all|all,B4,shared-data:gfs_global+icon_global,35.6,insufficient sample,1878,"region: n >= 300, dates >= 60, points >= 3"
B4|shared-data:gfs_global+icon_global|-|precip|L2|region=islands|all|all|T64.5,A4|shared-data:gfs_global+icon_global|-|precip|L2|region=islands|all|all,B4,shared-data:gfs_global+icon_global,64.5,insufficient sample,1878,"region: n >= 300, dates >= 60, points >= 3"
B4|shared-data:gfs_global+icon_global|-|precip|L2|region=islands|monsoon|all|T115.6,A4|shared-data:gfs_global+icon_global|-|precip|L2|region=islands|monsoon|all,B4,shared-data:gfs_global+icon_global,115.6,insufficient sample,672,"region: n >= 300, dates >= 60, points >= 3"
B4|shared-data:gfs_global+icon_global|-|precip|L2|region=islands|monsoon|all|T35.6,A4|shared-data:gfs_global+icon_global|-|precip|L2|region=islands|monsoon|all,B4,shared-data:gfs_global+icon_global,35.6,insufficient sample,672,"region: n >= 300, dates >= 60, points >= 3"
B4|shared-data:gfs_global+icon_global|-|precip|L2|region=islands|monsoon|all|T64.5,A4|shared-data:gfs_global+icon_global|-|precip|L2|region=islands|monsoon|all,B4,shared-data:gfs_global+icon_global,64.5,insufficient sample,672,"region: n >= 300, dates >= 60, points >= 3"
B4|shared-data:gfs_global+icon_global|-|precip|L2|region=islands|post-monsoon|all|T115.6,A4|shared-data:gfs_global+icon_global|-|precip|L2|region=islands|post-monsoon|all,B4,shared-data:gfs_global+icon_global,115.6,insufficient sample,368,"region: n >= 300, dates >= 60, points >= 3"
B4|shared-data:gfs_global+icon_global|-|precip|L2|region=islands|post-monsoon|all|T35.6,A4|shared-data:gfs_global+icon_global|-|precip|L2|region=islands|post-monsoon|all,B4,shared-data:gfs_global+icon_global,35.6,insufficient sample,368,"region: n >= 300, dates >= 60, points >= 3"
B4|shared-data:gfs_global+icon_global|-|precip|L2|region=islands|post-monsoon|all|T64.5,A4|shared-data:gfs_global+icon_global|-|precip|L2|region=islands|post-monsoon|all,B4,shared-data:gfs_global+icon_global,64.5,insufficient sample,368,"region: n >= 300, dates >= 60, points >= 3"
B4|shared-data:gfs_global+icon_global|-|precip|L2|region=islands|pre-monsoon|all|T115.6,A4|shared-data:gfs_global+icon_global|-|precip|L2|region=islands|pre-monsoon|all,B4,shared-data:gfs_global+icon_global,115.6,insufficient sample,544,"region: n >= 300, dates >= 60, points >= 3"
B4|shared-data:gfs_global+icon_global|-|precip|L2|region=islands|pre-monsoon|all|T35.6,A4|shared-data:gfs_global+icon_global|-|precip|L2|region=islands|pre-monsoon|all,B4,shared-data:gfs_global+icon_global,35.6,insufficient sample,544,"region: n >= 300, dates >= 60, points >= 3"
B4|shared-data:gfs_global+icon_global|-|precip|L2|region=islands|pre-monsoon|all|T64.5,A4|shared-data:gfs_global+icon_global|-|precip|L2|region=islands|pre-monsoon|all,B4,shared-data:gfs_global+icon_global,64.5,insufficient sample,544,"region: n >= 300, dates >= 60, points >= 3"
B4|shared-data:gfs_global+icon_global|-|precip|L2|region=islands|winter|all|T115.6,A4|shared-data:gfs_global+icon_global|-|precip|L2|region=islands|winter|all,B4,shared-data:gfs_global+icon_global,115.6,insufficient sample,294,"region: n >= 300, dates >= 60, points >= 3"
B4|shared-data:gfs_global+icon_global|-|precip|L2|region=islands|winter|all|T35.6,A4|shared-data:gfs_global+icon_global|-|precip|L2|region=islands|winter|all,B4,shared-data:gfs_global+icon_global,35.6,insufficient sample,294,"region: n >= 300, dates >= 60, points >= 3"
B4|shared-data:gfs_global+icon_global|-|precip|L2|region=islands|winter|all|T64.5,A4|shared-data:gfs_global+icon_global|-|precip|L2|region=islands|winter|all,B4,shared-data:gfs_global+icon_global,64.5,insufficient sample,294,"region: n >= 300, dates >= 60, points >= 3"
B4|shared-data:gfs_global+icon_global|-|precip|L3|region=islands|all|all|T115.6,A4|shared-data:gfs_global+icon_global|-|precip|L3|region=islands|all|all,B4,shared-data:gfs_global+icon_global,115.6,insufficient sample,1886,"region: n >= 300, dates >= 60, points >= 3"
B4|shared-data:gfs_global+icon_global|-|precip|L3|region=islands|all|all|T35.6,A4|shared-data:gfs_global+icon_global|-|precip|L3|region=islands|all|all,B4,shared-data:gfs_global+icon_global,35.6,insufficient sample,1886,"region: n >= 300, dates >= 60, points >= 3"
B4|shared-data:gfs_global+icon_global|-|precip|L3|region=islands|all|all|T64.5,A4|shared-data:gfs_global+icon_global|-|precip|L3|region=islands|all|all,B4,shared-data:gfs_global+icon_global,64.5,insufficient sample,1886,"region: n >= 300, dates >= 60, points >= 3"
B4|shared-data:gfs_global+icon_global|-|precip|L3|region=islands|monsoon|all|T115.6,A4|shared-data:gfs_global+icon_global|-|precip|L3|region=islands|monsoon|all,B4,shared-data:gfs_global+icon_global,115.6,insufficient sample,672,"region: n >= 300, dates >= 60, points >= 3"
B4|shared-data:gfs_global+icon_global|-|precip|L3|region=islands|monsoon|all|T35.6,A4|shared-data:gfs_global+icon_global|-|precip|L3|region=islands|monsoon|all,B4,shared-data:gfs_global+icon_global,35.6,insufficient sample,672,"region: n >= 300, dates >= 60, points >= 3"
B4|shared-data:gfs_global+icon_global|-|precip|L3|region=islands|monsoon|all|T64.5,A4|shared-data:gfs_global+icon_global|-|precip|L3|region=islands|monsoon|all,B4,shared-data:gfs_global+icon_global,64.5,insufficient sample,672,"region: n >= 300, dates >= 60, points >= 3"
B4|shared-data:gfs_global+icon_global|-|precip|L3|region=islands|post-monsoon|all|T115.6,A4|shared-data:gfs_global+icon_global|-|precip|L3|region=islands|post-monsoon|all,B4,shared-data:gfs_global+icon_global,115.6,insufficient sample,368,"region: n >= 300, dates >= 60, points >= 3"
B4|shared-data:gfs_global+icon_global|-|precip|L3|region=islands|post-monsoon|all|T35.6,A4|shared-data:gfs_global+icon_global|-|precip|L3|region=islands|post-monsoon|all,B4,shared-data:gfs_global+icon_global,35.6,insufficient sample,368,"region: n >= 300, dates >= 60, points >= 3"
B4|shared-data:gfs_global+icon_global|-|precip|L3|region=islands|post-monsoon|all|T64.5,A4|shared-data:gfs_global+icon_global|-|precip|L3|region=islands|post-monsoon|all,B4,shared-data:gfs_global+icon_global,64.5,insufficient sample,368,"region: n >= 300, dates >= 60, points >= 3"
B4|shared-data:gfs_global+icon_global|-|precip|L3|region=islands|pre-monsoon|all|T115.6,A4|shared-data:gfs_global+icon_global|-|precip|L3|region=islands|pre-monsoon|all,B4,shared-data:gfs_global+icon_global,115.6,insufficient sample,552,"region: n >= 300, dates >= 60, points >= 3"
B4|shared-data:gfs_global+icon_global|-|precip|L3|region=islands|pre-monsoon|all|T35.6,A4|shared-data:gfs_global+icon_global|-|precip|L3|region=islands|pre-monsoon|all,B4,shared-data:gfs_global+icon_global,35.6,insufficient sample,552,"region: n >= 300, dates >= 60, points >= 3"
B4|shared-data:gfs_global+icon_global|-|precip|L3|region=islands|pre-monsoon|all|T64.5,A4|shared-data:gfs_global+icon_global|-|precip|L3|region=islands|pre-monsoon|all,B4,shared-data:gfs_global+icon_global,64.5,insufficient sample,552,"region: n >= 300, dates >= 60, points >= 3"
B4|shared-data:gfs_global+icon_global|-|precip|L3|region=islands|winter|all|T115.6,A4|shared-data:gfs_global+icon_global|-|precip|L3|region=islands|winter|all,B4,shared-data:gfs_global+icon_global,115.6,insufficient sample,294,"region: n >= 300, dates >= 60, points >= 3"
B4|shared-data:gfs_global+icon_global|-|precip|L3|region=islands|winter|all|T35.6,A4|shared-data:gfs_global+icon_global|-|precip|L3|region=islands|winter|all,B4,shared-data:gfs_global+icon_global,35.6,insufficient sample,294,"region: n >= 300, dates >= 60, points >= 3"
B4|shared-data:gfs_global+icon_global|-|precip|L3|region=islands|winter|all|T64.5,A4|shared-data:gfs_global+icon_global|-|precip|L3|region=islands|winter|all,B4,shared-data:gfs_global+icon_global,64.5,insufficient sample,294,"region: n >= 300, dates >= 60, points >= 3"
B4|shared-data:gfs_global+icon_global|-|precip|L4|region=islands|all|all|T115.6,A4|shared-data:gfs_global+icon_global|-|precip|L4|region=islands|all|all,B4,shared-data:gfs_global+icon_global,115.6,insufficient sample,1886,"region: n >= 300, dates >= 60, points >= 3"
B4|shared-data:gfs_global+icon_global|-|precip|L4|region=islands|all|all|T35.6,A4|shared-data:gfs_global+icon_global|-|precip|L4|region=islands|all|all,B4,shared-data:gfs_global+icon_global,35.6,insufficient sample,1886,"region: n >= 300, dates >= 60, points >= 3"
B4|shared-data:gfs_global+icon_global|-|precip|L4|region=islands|all|all|T64.5,A4|shared-data:gfs_global+icon_global|-|precip|L4|region=islands|all|all,B4,shared-data:gfs_global+icon_global,64.5,insufficient sample,1886,"region: n >= 300, dates >= 60, points >= 3"
B4|shared-data:gfs_global+icon_global|-|precip|L4|region=islands|monsoon|all|T115.6,A4|shared-data:gfs_global+icon_global|-|precip|L4|region=islands|monsoon|all,B4,shared-data:gfs_global+icon_global,115.6,insufficient sample,672,"region: n >= 300, dates >= 60, points >= 3"
B4|shared-data:gfs_global+icon_global|-|precip|L4|region=islands|monsoon|all|T35.6,A4|shared-data:gfs_global+icon_global|-|precip|L4|region=islands|monsoon|all,B4,shared-data:gfs_global+icon_global,35.6,insufficient sample,672,"region: n >= 300, dates >= 60, points >= 3"
B4|shared-data:gfs_global+icon_global|-|precip|L4|region=islands|monsoon|all|T64.5,A4|shared-data:gfs_global+icon_global|-|precip|L4|region=islands|monsoon|all,B4,shared-data:gfs_global+icon_global,64.5,insufficient sample,672,"region: n >= 300, dates >= 60, points >= 3"
B4|shared-data:gfs_global+icon_global|-|precip|L4|region=islands|post-monsoon|all|T115.6,A4|shared-data:gfs_global+icon_global|-|precip|L4|region=islands|post-monsoon|all,B4,shared-data:gfs_global+icon_global,115.6,insufficient sample,368,"region: n >= 300, dates >= 60, points >= 3"
B4|shared-data:gfs_global+icon_global|-|precip|L4|region=islands|post-monsoon|all|T35.6,A4|shared-data:gfs_global+icon_global|-|precip|L4|region=islands|post-monsoon|all,B4,shared-data:gfs_global+icon_global,35.6,insufficient sample,368,"region: n >= 300, dates >= 60, points >= 3"
B4|shared-data:gfs_global+icon_global|-|precip|L4|region=islands|post-monsoon|all|T64.5,A4|shared-data:gfs_global+icon_global|-|precip|L4|region=islands|post-monsoon|all,B4,shared-data:gfs_global+icon_global,64.5,insufficient sample,368,"region: n >= 300, dates >= 60, points >= 3"
B4|shared-data:gfs_global+icon_global|-|precip|L4|region=islands|pre-monsoon|all|T115.6,A4|shared-data:gfs_global+icon_global|-|precip|L4|region=islands|pre-monsoon|all,B4,shared-data:gfs_global+icon_global,115.6,insufficient sample,552,"region: n >= 300, dates >= 60, points >= 3"
B4|shared-data:gfs_global+icon_global|-|precip|L4|region=islands|pre-monsoon|all|T35.6,A4|shared-data:gfs_global+icon_global|-|precip|L4|region=islands|pre-monsoon|all,B4,shared-data:gfs_global+icon_global,35.6,insufficient sample,552,"region: n >= 300, dates >= 60, points >= 3"
B4|shared-data:gfs_global+icon_global|-|precip|L4|region=islands|pre-monsoon|all|T64.5,A4|shared-data:gfs_global+icon_global|-|precip|L4|region=islands|pre-monsoon|all,B4,shared-data:gfs_global+icon_global,64.5,insufficient sample,552,"region: n >= 300, dates >= 60, points >= 3"
B4|shared-data:gfs_global+icon_global|-|precip|L4|region=islands|winter|all|T115.6,A4|shared-data:gfs_global+icon_global|-|precip|L4|region=islands|winter|all,B4,shared-data:gfs_global+icon_global,115.6,insufficient sample,294,"region: n >= 300, dates >= 60, points >= 3"
B4|shared-data:gfs_global+icon_global|-|precip|L4|region=islands|winter|all|T35.6,A4|shared-data:gfs_global+icon_global|-|precip|L4|region=islands|winter|all,B4,shared-data:gfs_global+icon_global,35.6,insufficient sample,294,"region: n >= 300, dates >= 60, points >= 3"
B4|shared-data:gfs_global+icon_global|-|precip|L4|region=islands|winter|all|T64.5,A4|shared-data:gfs_global+icon_global|-|precip|L4|region=islands|winter|all,B4,shared-data:gfs_global+icon_global,64.5,insufficient sample,294,"region: n >= 300, dates >= 60, points >= 3"
B4|shared-data:gfs_global+icon_global|-|precip|L5|region=islands|all|all|T115.6,A4|shared-data:gfs_global+icon_global|-|precip|L5|region=islands|all|all,B4,shared-data:gfs_global+icon_global,115.6,insufficient sample,1886,"region: n >= 300, dates >= 60, points >= 3"
B4|shared-data:gfs_global+icon_global|-|precip|L5|region=islands|all|all|T35.6,A4|shared-data:gfs_global+icon_global|-|precip|L5|region=islands|all|all,B4,shared-data:gfs_global+icon_global,35.6,insufficient sample,1886,"region: n >= 300, dates >= 60, points >= 3"
B4|shared-data:gfs_global+icon_global|-|precip|L5|region=islands|all|all|T64.5,A4|shared-data:gfs_global+icon_global|-|precip|L5|region=islands|all|all,B4,shared-data:gfs_global+icon_global,64.5,insufficient sample,1886,"region: n >= 300, dates >= 60, points >= 3"
B4|shared-data:gfs_global+icon_global|-|precip|L5|region=islands|monsoon|all|T115.6,A4|shared-data:gfs_global+icon_global|-|precip|L5|region=islands|monsoon|all,B4,shared-data:gfs_global+icon_global,115.6,insufficient sample,672,"region: n >= 300, dates >= 60, points >= 3"
B4|shared-data:gfs_global+icon_global|-|precip|L5|region=islands|monsoon|all|T35.6,A4|shared-data:gfs_global+icon_global|-|precip|L5|region=islands|monsoon|all,B4,shared-data:gfs_global+icon_global,35.6,insufficient sample,672,"region: n >= 300, dates >= 60, points >= 3"
B4|shared-data:gfs_global+icon_global|-|precip|L5|region=islands|monsoon|all|T64.5,A4|shared-data:gfs_global+icon_global|-|precip|L5|region=islands|monsoon|all,B4,shared-data:gfs_global+icon_global,64.5,insufficient sample,672,"region: n >= 300, dates >= 60, points >= 3"
B4|shared-data:gfs_global+icon_global|-|precip|L5|region=islands|post-monsoon|all|T115.6,A4|shared-data:gfs_global+icon_global|-|precip|L5|region=islands|post-monsoon|all,B4,shared-data:gfs_global+icon_global,115.6,insufficient sample,368,"region: n >= 300, dates >= 60, points >= 3"
B4|shared-data:gfs_global+icon_global|-|precip|L5|region=islands|post-monsoon|all|T35.6,A4|shared-data:gfs_global+icon_global|-|precip|L5|region=islands|post-monsoon|all,B4,shared-data:gfs_global+icon_global,35.6,insufficient sample,368,"region: n >= 300, dates >= 60, points >= 3"
B4|shared-data:gfs_global+icon_global|-|precip|L5|region=islands|post-monsoon|all|T64.5,A4|shared-data:gfs_global+icon_global|-|precip|L5|region=islands|post-monsoon|all,B4,shared-data:gfs_global+icon_global,64.5,insufficient sample,368,"region: n >= 300, dates >= 60, points >= 3"
B4|shared-data:gfs_global+icon_global|-|precip|L5|region=islands|pre-monsoon|all|T115.6,A4|shared-data:gfs_global+icon_global|-|precip|L5|region=islands|pre-monsoon|all,B4,shared-data:gfs_global+icon_global,115.6,insufficient sample,552,"region: n >= 300, dates >= 60, points >= 3"
B4|shared-data:gfs_global+icon_global|-|precip|L5|region=islands|pre-monsoon|all|T35.6,A4|shared-data:gfs_global+icon_global|-|precip|L5|region=islands|pre-monsoon|all,B4,shared-data:gfs_global+icon_global,35.6,insufficient sample,552,"region: n >= 300, dates >= 60, points >= 3"
B4|shared-data:gfs_global+icon_global|-|precip|L5|region=islands|pre-monsoon|all|T64.5,A4|shared-data:gfs_global+icon_global|-|precip|L5|region=islands|pre-monsoon|all,B4,shared-data:gfs_global+icon_global,64.5,insufficient sample,552,"region: n >= 300, dates >= 60, points >= 3"
B4|shared-data:gfs_global+icon_global|-|precip|L5|region=islands|winter|all|T115.6,A4|shared-data:gfs_global+icon_global|-|precip|L5|region=islands|winter|all,B4,shared-data:gfs_global+icon_global,115.6,insufficient sample,294,"region: n >= 300, dates >= 60, points >= 3"
B4|shared-data:gfs_global+icon_global|-|precip|L5|region=islands|winter|all|T35.6,A4|shared-data:gfs_global+icon_global|-|precip|L5|region=islands|winter|all,B4,shared-data:gfs_global+icon_global,35.6,insufficient sample,294,"region: n >= 300, dates >= 60, points >= 3"
B4|shared-data:gfs_global+icon_global|-|precip|L5|region=islands|winter|all|T64.5,A4|shared-data:gfs_global+icon_global|-|precip|L5|region=islands|winter|all,B4,shared-data:gfs_global+icon_global,64.5,insufficient sample,294,"region: n >= 300, dates >= 60, points >= 3"
B4|shared-data:gfs_global+icon_global|-|precip|L6|region=islands|all|all|T115.6,A4|shared-data:gfs_global+icon_global|-|precip|L6|region=islands|all|all,B4,shared-data:gfs_global+icon_global,115.6,insufficient sample,1878,"region: n >= 300, dates >= 60, points >= 3"
B4|shared-data:gfs_global+icon_global|-|precip|L6|region=islands|all|all|T35.6,A4|shared-data:gfs_global+icon_global|-|precip|L6|region=islands|all|all,B4,shared-data:gfs_global+icon_global,35.6,insufficient sample,1878,"region: n >= 300, dates >= 60, points >= 3"
B4|shared-data:gfs_global+icon_global|-|precip|L6|region=islands|all|all|T64.5,A4|shared-data:gfs_global+icon_global|-|precip|L6|region=islands|all|all,B4,shared-data:gfs_global+icon_global,64.5,insufficient sample,1878,"region: n >= 300, dates >= 60, points >= 3"
B4|shared-data:gfs_global+icon_global|-|precip|L6|region=islands|monsoon|all|T115.6,A4|shared-data:gfs_global+icon_global|-|precip|L6|region=islands|monsoon|all,B4,shared-data:gfs_global+icon_global,115.6,insufficient sample,672,"region: n >= 300, dates >= 60, points >= 3"
B4|shared-data:gfs_global+icon_global|-|precip|L6|region=islands|monsoon|all|T35.6,A4|shared-data:gfs_global+icon_global|-|precip|L6|region=islands|monsoon|all,B4,shared-data:gfs_global+icon_global,35.6,insufficient sample,672,"region: n >= 300, dates >= 60, points >= 3"
B4|shared-data:gfs_global+icon_global|-|precip|L6|region=islands|monsoon|all|T64.5,A4|shared-data:gfs_global+icon_global|-|precip|L6|region=islands|monsoon|all,B4,shared-data:gfs_global+icon_global,64.5,insufficient sample,672,"region: n >= 300, dates >= 60, points >= 3"
B4|shared-data:gfs_global+icon_global|-|precip|L6|region=islands|post-monsoon|all|T115.6,A4|shared-data:gfs_global+icon_global|-|precip|L6|region=islands|post-monsoon|all,B4,shared-data:gfs_global+icon_global,115.6,insufficient sample,368,"region: n >= 300, dates >= 60, points >= 3"
B4|shared-data:gfs_global+icon_global|-|precip|L6|region=islands|post-monsoon|all|T35.6,A4|shared-data:gfs_global+icon_global|-|precip|L6|region=islands|post-monsoon|all,B4,shared-data:gfs_global+icon_global,35.6,insufficient sample,368,"region: n >= 300, dates >= 60, points >= 3"
B4|shared-data:gfs_global+icon_global|-|precip|L6|region=islands|post-monsoon|all|T64.5,A4|shared-data:gfs_global+icon_global|-|precip|L6|region=islands|post-monsoon|all,B4,shared-data:gfs_global+icon_global,64.5,insufficient sample,368,"region: n >= 300, dates >= 60, points >= 3"
B4|shared-data:gfs_global+icon_global|-|precip|L6|region=islands|pre-monsoon|all|T115.6,A4|shared-data:gfs_global+icon_global|-|precip|L6|region=islands|pre-monsoon|all,B4,shared-data:gfs_global+icon_global,115.6,insufficient sample,544,"region: n >= 300, dates >= 60, points >= 3"
B4|shared-data:gfs_global+icon_global|-|precip|L6|region=islands|pre-monsoon|all|T35.6,A4|shared-data:gfs_global+icon_global|-|precip|L6|region=islands|pre-monsoon|all,B4,shared-data:gfs_global+icon_global,35.6,insufficient sample,544,"region: n >= 300, dates >= 60, points >= 3"
B4|shared-data:gfs_global+icon_global|-|precip|L6|region=islands|pre-monsoon|all|T64.5,A4|shared-data:gfs_global+icon_global|-|precip|L6|region=islands|pre-monsoon|all,B4,shared-data:gfs_global+icon_global,64.5,insufficient sample,544,"region: n >= 300, dates >= 60, points >= 3"
B4|shared-data:gfs_global+icon_global|-|precip|L6|region=islands|winter|all|T115.6,A4|shared-data:gfs_global+icon_global|-|precip|L6|region=islands|winter|all,B4,shared-data:gfs_global+icon_global,115.6,insufficient sample,294,"region: n >= 300, dates >= 60, points >= 3"
B4|shared-data:gfs_global+icon_global|-|precip|L6|region=islands|winter|all|T35.6,A4|shared-data:gfs_global+icon_global|-|precip|L6|region=islands|winter|all,B4,shared-data:gfs_global+icon_global,35.6,insufficient sample,294,"region: n >= 300, dates >= 60, points >= 3"
B4|shared-data:gfs_global+icon_global|-|precip|L6|region=islands|winter|all|T64.5,A4|shared-data:gfs_global+icon_global|-|precip|L6|region=islands|winter|all,B4,shared-data:gfs_global+icon_global,64.5,insufficient sample,294,"region: n >= 300, dates >= 60, points >= 3"
B4|shared-data:gfs_global+icon_global|-|precip|L7|high_altitude=<1000m|all|all|T115.6,A4|shared-data:gfs_global+icon_global|-|precip|L7|high_altitude=<1000m|all|all,B4,shared-data:gfs_global+icon_global,115.6,not defined,0,"high_altitude: n >= 300, dates >= 60, points >= 3"
B4|shared-data:gfs_global+icon_global|-|precip|L7|high_altitude=<1000m|all|all|T35.6,A4|shared-data:gfs_global+icon_global|-|precip|L7|high_altitude=<1000m|all|all,B4,shared-data:gfs_global+icon_global,35.6,not defined,0,"high_altitude: n >= 300, dates >= 60, points >= 3"
B4|shared-data:gfs_global+icon_global|-|precip|L7|high_altitude=<1000m|all|all|T64.5,A4|shared-data:gfs_global+icon_global|-|precip|L7|high_altitude=<1000m|all|all,B4,shared-data:gfs_global+icon_global,64.5,not defined,0,"high_altitude: n >= 300, dates >= 60, points >= 3"
B4|shared-data:gfs_global+icon_global|-|precip|L7|high_altitude=<1000m|monsoon|all|T115.6,A4|shared-data:gfs_global+icon_global|-|precip|L7|high_altitude=<1000m|monsoon|all,B4,shared-data:gfs_global+icon_global,115.6,not defined,0,"high_altitude: n >= 300, dates >= 60, points >= 3"
B4|shared-data:gfs_global+icon_global|-|precip|L7|high_altitude=<1000m|monsoon|all|T35.6,A4|shared-data:gfs_global+icon_global|-|precip|L7|high_altitude=<1000m|monsoon|all,B4,shared-data:gfs_global+icon_global,35.6,not defined,0,"high_altitude: n >= 300, dates >= 60, points >= 3"
B4|shared-data:gfs_global+icon_global|-|precip|L7|high_altitude=<1000m|monsoon|all|T64.5,A4|shared-data:gfs_global+icon_global|-|precip|L7|high_altitude=<1000m|monsoon|all,B4,shared-data:gfs_global+icon_global,64.5,not defined,0,"high_altitude: n >= 300, dates >= 60, points >= 3"
B4|shared-data:gfs_global+icon_global|-|precip|L7|high_altitude=<1000m|post-monsoon|all|T115.6,A4|shared-data:gfs_global+icon_global|-|precip|L7|high_altitude=<1000m|post-monsoon|all,B4,shared-data:gfs_global+icon_global,115.6,not defined,0,"high_altitude: n >= 300, dates >= 60, points >= 3"
B4|shared-data:gfs_global+icon_global|-|precip|L7|high_altitude=<1000m|post-monsoon|all|T35.6,A4|shared-data:gfs_global+icon_global|-|precip|L7|high_altitude=<1000m|post-monsoon|all,B4,shared-data:gfs_global+icon_global,35.6,not defined,0,"high_altitude: n >= 300, dates >= 60, points >= 3"
B4|shared-data:gfs_global+icon_global|-|precip|L7|high_altitude=<1000m|post-monsoon|all|T64.5,A4|shared-data:gfs_global+icon_global|-|precip|L7|high_altitude=<1000m|post-monsoon|all,B4,shared-data:gfs_global+icon_global,64.5,not defined,0,"high_altitude: n >= 300, dates >= 60, points >= 3"
B4|shared-data:gfs_global+icon_global|-|precip|L7|high_altitude=<1000m|pre-monsoon|all|T115.6,A4|shared-data:gfs_global+icon_global|-|precip|L7|high_altitude=<1000m|pre-monsoon|all,B4,shared-data:gfs_global+icon_global,115.6,not defined,0,"high_altitude: n >= 300, dates >= 60, points >= 3"
B4|shared-data:gfs_global+icon_global|-|precip|L7|high_altitude=<1000m|pre-monsoon|all|T35.6,A4|shared-data:gfs_global+icon_global|-|precip|L7|high_altitude=<1000m|pre-monsoon|all,B4,shared-data:gfs_global+icon_global,35.6,not defined,0,"high_altitude: n >= 300, dates >= 60, points >= 3"
B4|shared-data:gfs_global+icon_global|-|precip|L7|high_altitude=<1000m|pre-monsoon|all|T64.5,A4|shared-data:gfs_global+icon_global|-|precip|L7|high_altitude=<1000m|pre-monsoon|all,B4,shared-data:gfs_global+icon_global,64.5,not defined,0,"high_altitude: n >= 300, dates >= 60, points >= 3"
B4|shared-data:gfs_global+icon_global|-|precip|L7|high_altitude=<1000m|winter|all|T115.6,A4|shared-data:gfs_global+icon_global|-|precip|L7|high_altitude=<1000m|winter|all,B4,shared-data:gfs_global+icon_global,115.6,not defined,0,"high_altitude: n >= 300, dates >= 60, points >= 3"
B4|shared-data:gfs_global+icon_global|-|precip|L7|high_altitude=<1000m|winter|all|T35.6,A4|shared-data:gfs_global+icon_global|-|precip|L7|high_altitude=<1000m|winter|all,B4,shared-data:gfs_global+icon_global,35.6,not defined,0,"high_altitude: n >= 300, dates >= 60, points >= 3"
B4|shared-data:gfs_global+icon_global|-|precip|L7|high_altitude=<1000m|winter|all|T64.5,A4|shared-data:gfs_global+icon_global|-|precip|L7|high_altitude=<1000m|winter|all,B4,shared-data:gfs_global+icon_global,64.5,not defined,0,"high_altitude: n >= 300, dates >= 60, points >= 3"
B4|shared-data:gfs_global+icon_global|-|precip|L7|high_altitude=>=1000m|all|all|T115.6,A4|shared-data:gfs_global+icon_global|-|precip|L7|high_altitude=>=1000m|all|all,B4,shared-data:gfs_global+icon_global,115.6,not defined,0,"high_altitude: n >= 300, dates >= 60, points >= 3"
B4|shared-data:gfs_global+icon_global|-|precip|L7|high_altitude=>=1000m|all|all|T35.6,A4|shared-data:gfs_global+icon_global|-|precip|L7|high_altitude=>=1000m|all|all,B4,shared-data:gfs_global+icon_global,35.6,not defined,0,"high_altitude: n >= 300, dates >= 60, points >= 3"
B4|shared-data:gfs_global+icon_global|-|precip|L7|high_altitude=>=1000m|all|all|T64.5,A4|shared-data:gfs_global+icon_global|-|precip|L7|high_altitude=>=1000m|all|all,B4,shared-data:gfs_global+icon_global,64.5,not defined,0,"high_altitude: n >= 300, dates >= 60, points >= 3"
B4|shared-data:gfs_global+icon_global|-|precip|L7|high_altitude=>=1000m|monsoon|all|T115.6,A4|shared-data:gfs_global+icon_global|-|precip|L7|high_altitude=>=1000m|monsoon|all,B4,shared-data:gfs_global+icon_global,115.6,not defined,0,"high_altitude: n >= 300, dates >= 60, points >= 3"
B4|shared-data:gfs_global+icon_global|-|precip|L7|high_altitude=>=1000m|monsoon|all|T35.6,A4|shared-data:gfs_global+icon_global|-|precip|L7|high_altitude=>=1000m|monsoon|all,B4,shared-data:gfs_global+icon_global,35.6,not defined,0,"high_altitude: n >= 300, dates >= 60, points >= 3"
B4|shared-data:gfs_global+icon_global|-|precip|L7|high_altitude=>=1000m|monsoon|all|T64.5,A4|shared-data:gfs_global+icon_global|-|precip|L7|high_altitude=>=1000m|monsoon|all,B4,shared-data:gfs_global+icon_global,64.5,not defined,0,"high_altitude: n >= 300, dates >= 60, points >= 3"
B4|shared-data:gfs_global+icon_global|-|precip|L7|high_altitude=>=1000m|post-monsoon|all|T115.6,A4|shared-data:gfs_global+icon_global|-|precip|L7|high_altitude=>=1000m|post-monsoon|all,B4,shared-data:gfs_global+icon_global,115.6,not defined,0,"high_altitude: n >= 300, dates >= 60, points >= 3"
B4|shared-data:gfs_global+icon_global|-|precip|L7|high_altitude=>=1000m|post-monsoon|all|T35.6,A4|shared-data:gfs_global+icon_global|-|precip|L7|high_altitude=>=1000m|post-monsoon|all,B4,shared-data:gfs_global+icon_global,35.6,not defined,0,"high_altitude: n >= 300, dates >= 60, points >= 3"
B4|shared-data:gfs_global+icon_global|-|precip|L7|high_altitude=>=1000m|post-monsoon|all|T64.5,A4|shared-data:gfs_global+icon_global|-|precip|L7|high_altitude=>=1000m|post-monsoon|all,B4,shared-data:gfs_global+icon_global,64.5,not defined,0,"high_altitude: n >= 300, dates >= 60, points >= 3"
B4|shared-data:gfs_global+icon_global|-|precip|L7|high_altitude=>=1000m|pre-monsoon|all|T115.6,A4|shared-data:gfs_global+icon_global|-|precip|L7|high_altitude=>=1000m|pre-monsoon|all,B4,shared-data:gfs_global+icon_global,115.6,not defined,0,"high_altitude: n >= 300, dates >= 60, points >= 3"
B4|shared-data:gfs_global+icon_global|-|precip|L7|high_altitude=>=1000m|pre-monsoon|all|T35.6,A4|shared-data:gfs_global+icon_global|-|precip|L7|high_altitude=>=1000m|pre-monsoon|all,B4,shared-data:gfs_global+icon_global,35.6,not defined,0,"high_altitude: n >= 300, dates >= 60, points >= 3"
B4|shared-data:gfs_global+icon_global|-|precip|L7|high_altitude=>=1000m|pre-monsoon|all|T64.5,A4|shared-data:gfs_global+icon_global|-|precip|L7|high_altitude=>=1000m|pre-monsoon|all,B4,shared-data:gfs_global+icon_global,64.5,not defined,0,"high_altitude: n >= 300, dates >= 60, points >= 3"
B4|shared-data:gfs_global+icon_global|-|precip|L7|high_altitude=>=1000m|winter|all|T115.6,A4|shared-data:gfs_global+icon_global|-|precip|L7|high_altitude=>=1000m|winter|all,B4,shared-data:gfs_global+icon_global,115.6,not defined,0,"high_altitude: n >= 300, dates >= 60, points >= 3"
B4|shared-data:gfs_global+icon_global|-|precip|L7|high_altitude=>=1000m|winter|all|T35.6,A4|shared-data:gfs_global+icon_global|-|precip|L7|high_altitude=>=1000m|winter|all,B4,shared-data:gfs_global+icon_global,35.6,not defined,0,"high_altitude: n >= 300, dates >= 60, points >= 3"
B4|shared-data:gfs_global+icon_global|-|precip|L7|high_altitude=>=1000m|winter|all|T64.5,A4|shared-data:gfs_global+icon_global|-|precip|L7|high_altitude=>=1000m|winter|all,B4,shared-data:gfs_global+icon_global,64.5,not defined,0,"high_altitude: n >= 300, dates >= 60, points >= 3"
B4|shared-data:gfs_global+icon_global|-|precip|L7|pooled=all-points|all|all|T115.6,A4|shared-data:gfs_global+icon_global|-|precip|L7|pooled=all-points|all|all,B4,shared-data:gfs_global+icon_global,115.6,not defined,0,"pooled: n >= 300, dates >= 60, points >= 10"
B4|shared-data:gfs_global+icon_global|-|precip|L7|pooled=all-points|all|all|T35.6,A4|shared-data:gfs_global+icon_global|-|precip|L7|pooled=all-points|all|all,B4,shared-data:gfs_global+icon_global,35.6,not defined,0,"pooled: n >= 300, dates >= 60, points >= 10"
B4|shared-data:gfs_global+icon_global|-|precip|L7|pooled=all-points|all|all|T64.5,A4|shared-data:gfs_global+icon_global|-|precip|L7|pooled=all-points|all|all,B4,shared-data:gfs_global+icon_global,64.5,not defined,0,"pooled: n >= 300, dates >= 60, points >= 10"
B4|shared-data:gfs_global+icon_global|-|precip|L7|pooled=all-points|monsoon|all|T115.6,A4|shared-data:gfs_global+icon_global|-|precip|L7|pooled=all-points|monsoon|all,B4,shared-data:gfs_global+icon_global,115.6,not defined,0,"season: n >= 300, dates >= 60, points >= 10"
B4|shared-data:gfs_global+icon_global|-|precip|L7|pooled=all-points|monsoon|all|T35.6,A4|shared-data:gfs_global+icon_global|-|precip|L7|pooled=all-points|monsoon|all,B4,shared-data:gfs_global+icon_global,35.6,not defined,0,"season: n >= 300, dates >= 60, points >= 10"
B4|shared-data:gfs_global+icon_global|-|precip|L7|pooled=all-points|monsoon|all|T64.5,A4|shared-data:gfs_global+icon_global|-|precip|L7|pooled=all-points|monsoon|all,B4,shared-data:gfs_global+icon_global,64.5,not defined,0,"season: n >= 300, dates >= 60, points >= 10"
B4|shared-data:gfs_global+icon_global|-|precip|L7|pooled=all-points|post-monsoon|all|T115.6,A4|shared-data:gfs_global+icon_global|-|precip|L7|pooled=all-points|post-monsoon|all,B4,shared-data:gfs_global+icon_global,115.6,not defined,0,"season: n >= 300, dates >= 60, points >= 10"
B4|shared-data:gfs_global+icon_global|-|precip|L7|pooled=all-points|post-monsoon|all|T35.6,A4|shared-data:gfs_global+icon_global|-|precip|L7|pooled=all-points|post-monsoon|all,B4,shared-data:gfs_global+icon_global,35.6,not defined,0,"season: n >= 300, dates >= 60, points >= 10"
B4|shared-data:gfs_global+icon_global|-|precip|L7|pooled=all-points|post-monsoon|all|T64.5,A4|shared-data:gfs_global+icon_global|-|precip|L7|pooled=all-points|post-monsoon|all,B4,shared-data:gfs_global+icon_global,64.5,not defined,0,"season: n >= 300, dates >= 60, points >= 10"
B4|shared-data:gfs_global+icon_global|-|precip|L7|pooled=all-points|pre-monsoon|all|T115.6,A4|shared-data:gfs_global+icon_global|-|precip|L7|pooled=all-points|pre-monsoon|all,B4,shared-data:gfs_global+icon_global,115.6,not defined,0,"season: n >= 300, dates >= 60, points >= 10"
B4|shared-data:gfs_global+icon_global|-|precip|L7|pooled=all-points|pre-monsoon|all|T35.6,A4|shared-data:gfs_global+icon_global|-|precip|L7|pooled=all-points|pre-monsoon|all,B4,shared-data:gfs_global+icon_global,35.6,not defined,0,"season: n >= 300, dates >= 60, points >= 10"
B4|shared-data:gfs_global+icon_global|-|precip|L7|pooled=all-points|pre-monsoon|all|T64.5,A4|shared-data:gfs_global+icon_global|-|precip|L7|pooled=all-points|pre-monsoon|all,B4,shared-data:gfs_global+icon_global,64.5,not defined,0,"season: n >= 300, dates >= 60, points >= 10"
B4|shared-data:gfs_global+icon_global|-|precip|L7|pooled=all-points|winter|all|T115.6,A4|shared-data:gfs_global+icon_global|-|precip|L7|pooled=all-points|winter|all,B4,shared-data:gfs_global+icon_global,115.6,not defined,0,"season: n >= 300, dates >= 60, points >= 10"
B4|shared-data:gfs_global+icon_global|-|precip|L7|pooled=all-points|winter|all|T35.6,A4|shared-data:gfs_global+icon_global|-|precip|L7|pooled=all-points|winter|all,B4,shared-data:gfs_global+icon_global,35.6,not defined,0,"season: n >= 300, dates >= 60, points >= 10"
B4|shared-data:gfs_global+icon_global|-|precip|L7|pooled=all-points|winter|all|T64.5,A4|shared-data:gfs_global+icon_global|-|precip|L7|pooled=all-points|winter|all,B4,shared-data:gfs_global+icon_global,64.5,not defined,0,"season: n >= 300, dates >= 60, points >= 10"
B4|shared-data:gfs_global+icon_global|-|precip|L7|region=central|all|all|T115.6,A4|shared-data:gfs_global+icon_global|-|precip|L7|region=central|all|all,B4,shared-data:gfs_global+icon_global,115.6,not defined,0,"region: n >= 300, dates >= 60, points >= 3"
B4|shared-data:gfs_global+icon_global|-|precip|L7|region=central|all|all|T35.6,A4|shared-data:gfs_global+icon_global|-|precip|L7|region=central|all|all,B4,shared-data:gfs_global+icon_global,35.6,not defined,0,"region: n >= 300, dates >= 60, points >= 3"
B4|shared-data:gfs_global+icon_global|-|precip|L7|region=central|all|all|T64.5,A4|shared-data:gfs_global+icon_global|-|precip|L7|region=central|all|all,B4,shared-data:gfs_global+icon_global,64.5,not defined,0,"region: n >= 300, dates >= 60, points >= 3"
B4|shared-data:gfs_global+icon_global|-|precip|L7|region=central|monsoon|all|T115.6,A4|shared-data:gfs_global+icon_global|-|precip|L7|region=central|monsoon|all,B4,shared-data:gfs_global+icon_global,115.6,not defined,0,"region: n >= 300, dates >= 60, points >= 3"
B4|shared-data:gfs_global+icon_global|-|precip|L7|region=central|monsoon|all|T35.6,A4|shared-data:gfs_global+icon_global|-|precip|L7|region=central|monsoon|all,B4,shared-data:gfs_global+icon_global,35.6,not defined,0,"region: n >= 300, dates >= 60, points >= 3"
B4|shared-data:gfs_global+icon_global|-|precip|L7|region=central|monsoon|all|T64.5,A4|shared-data:gfs_global+icon_global|-|precip|L7|region=central|monsoon|all,B4,shared-data:gfs_global+icon_global,64.5,not defined,0,"region: n >= 300, dates >= 60, points >= 3"
B4|shared-data:gfs_global+icon_global|-|precip|L7|region=central|post-monsoon|all|T115.6,A4|shared-data:gfs_global+icon_global|-|precip|L7|region=central|post-monsoon|all,B4,shared-data:gfs_global+icon_global,115.6,not defined,0,"region: n >= 300, dates >= 60, points >= 3"
B4|shared-data:gfs_global+icon_global|-|precip|L7|region=central|post-monsoon|all|T35.6,A4|shared-data:gfs_global+icon_global|-|precip|L7|region=central|post-monsoon|all,B4,shared-data:gfs_global+icon_global,35.6,not defined,0,"region: n >= 300, dates >= 60, points >= 3"
B4|shared-data:gfs_global+icon_global|-|precip|L7|region=central|post-monsoon|all|T64.5,A4|shared-data:gfs_global+icon_global|-|precip|L7|region=central|post-monsoon|all,B4,shared-data:gfs_global+icon_global,64.5,not defined,0,"region: n >= 300, dates >= 60, points >= 3"
B4|shared-data:gfs_global+icon_global|-|precip|L7|region=central|pre-monsoon|all|T115.6,A4|shared-data:gfs_global+icon_global|-|precip|L7|region=central|pre-monsoon|all,B4,shared-data:gfs_global+icon_global,115.6,not defined,0,"region: n >= 300, dates >= 60, points >= 3"
B4|shared-data:gfs_global+icon_global|-|precip|L7|region=central|pre-monsoon|all|T35.6,A4|shared-data:gfs_global+icon_global|-|precip|L7|region=central|pre-monsoon|all,B4,shared-data:gfs_global+icon_global,35.6,not defined,0,"region: n >= 300, dates >= 60, points >= 3"
B4|shared-data:gfs_global+icon_global|-|precip|L7|region=central|pre-monsoon|all|T64.5,A4|shared-data:gfs_global+icon_global|-|precip|L7|region=central|pre-monsoon|all,B4,shared-data:gfs_global+icon_global,64.5,not defined,0,"region: n >= 300, dates >= 60, points >= 3"
B4|shared-data:gfs_global+icon_global|-|precip|L7|region=central|winter|all|T115.6,A4|shared-data:gfs_global+icon_global|-|precip|L7|region=central|winter|all,B4,shared-data:gfs_global+icon_global,115.6,not defined,0,"region: n >= 300, dates >= 60, points >= 3"
B4|shared-data:gfs_global+icon_global|-|precip|L7|region=central|winter|all|T35.6,A4|shared-data:gfs_global+icon_global|-|precip|L7|region=central|winter|all,B4,shared-data:gfs_global+icon_global,35.6,not defined,0,"region: n >= 300, dates >= 60, points >= 3"
B4|shared-data:gfs_global+icon_global|-|precip|L7|region=central|winter|all|T64.5,A4|shared-data:gfs_global+icon_global|-|precip|L7|region=central|winter|all,B4,shared-data:gfs_global+icon_global,64.5,not defined,0,"region: n >= 300, dates >= 60, points >= 3"
B4|shared-data:gfs_global+icon_global|-|precip|L7|region=east-north-east|all|all|T115.6,A4|shared-data:gfs_global+icon_global|-|precip|L7|region=east-north-east|all|all,B4,shared-data:gfs_global+icon_global,115.6,not defined,0,"region: n >= 300, dates >= 60, points >= 3"
B4|shared-data:gfs_global+icon_global|-|precip|L7|region=east-north-east|all|all|T35.6,A4|shared-data:gfs_global+icon_global|-|precip|L7|region=east-north-east|all|all,B4,shared-data:gfs_global+icon_global,35.6,not defined,0,"region: n >= 300, dates >= 60, points >= 3"
B4|shared-data:gfs_global+icon_global|-|precip|L7|region=east-north-east|all|all|T64.5,A4|shared-data:gfs_global+icon_global|-|precip|L7|region=east-north-east|all|all,B4,shared-data:gfs_global+icon_global,64.5,not defined,0,"region: n >= 300, dates >= 60, points >= 3"
B4|shared-data:gfs_global+icon_global|-|precip|L7|region=east-north-east|monsoon|all|T115.6,A4|shared-data:gfs_global+icon_global|-|precip|L7|region=east-north-east|monsoon|all,B4,shared-data:gfs_global+icon_global,115.6,not defined,0,"region: n >= 300, dates >= 60, points >= 3"
B4|shared-data:gfs_global+icon_global|-|precip|L7|region=east-north-east|monsoon|all|T35.6,A4|shared-data:gfs_global+icon_global|-|precip|L7|region=east-north-east|monsoon|all,B4,shared-data:gfs_global+icon_global,35.6,not defined,0,"region: n >= 300, dates >= 60, points >= 3"
B4|shared-data:gfs_global+icon_global|-|precip|L7|region=east-north-east|monsoon|all|T64.5,A4|shared-data:gfs_global+icon_global|-|precip|L7|region=east-north-east|monsoon|all,B4,shared-data:gfs_global+icon_global,64.5,not defined,0,"region: n >= 300, dates >= 60, points >= 3"
B4|shared-data:gfs_global+icon_global|-|precip|L7|region=east-north-east|post-monsoon|all|T115.6,A4|shared-data:gfs_global+icon_global|-|precip|L7|region=east-north-east|post-monsoon|all,B4,shared-data:gfs_global+icon_global,115.6,not defined,0,"region: n >= 300, dates >= 60, points >= 3"
B4|shared-data:gfs_global+icon_global|-|precip|L7|region=east-north-east|post-monsoon|all|T35.6,A4|shared-data:gfs_global+icon_global|-|precip|L7|region=east-north-east|post-monsoon|all,B4,shared-data:gfs_global+icon_global,35.6,not defined,0,"region: n >= 300, dates >= 60, points >= 3"
B4|shared-data:gfs_global+icon_global|-|precip|L7|region=east-north-east|post-monsoon|all|T64.5,A4|shared-data:gfs_global+icon_global|-|precip|L7|region=east-north-east|post-monsoon|all,B4,shared-data:gfs_global+icon_global,64.5,not defined,0,"region: n >= 300, dates >= 60, points >= 3"
B4|shared-data:gfs_global+icon_global|-|precip|L7|region=east-north-east|pre-monsoon|all|T115.6,A4|shared-data:gfs_global+icon_global|-|precip|L7|region=east-north-east|pre-monsoon|all,B4,shared-data:gfs_global+icon_global,115.6,not defined,0,"region: n >= 300, dates >= 60, points >= 3"
B4|shared-data:gfs_global+icon_global|-|precip|L7|region=east-north-east|pre-monsoon|all|T35.6,A4|shared-data:gfs_global+icon_global|-|precip|L7|region=east-north-east|pre-monsoon|all,B4,shared-data:gfs_global+icon_global,35.6,not defined,0,"region: n >= 300, dates >= 60, points >= 3"
B4|shared-data:gfs_global+icon_global|-|precip|L7|region=east-north-east|pre-monsoon|all|T64.5,A4|shared-data:gfs_global+icon_global|-|precip|L7|region=east-north-east|pre-monsoon|all,B4,shared-data:gfs_global+icon_global,64.5,not defined,0,"region: n >= 300, dates >= 60, points >= 3"
B4|shared-data:gfs_global+icon_global|-|precip|L7|region=east-north-east|winter|all|T115.6,A4|shared-data:gfs_global+icon_global|-|precip|L7|region=east-north-east|winter|all,B4,shared-data:gfs_global+icon_global,115.6,not defined,0,"region: n >= 300, dates >= 60, points >= 3"
B4|shared-data:gfs_global+icon_global|-|precip|L7|region=east-north-east|winter|all|T35.6,A4|shared-data:gfs_global+icon_global|-|precip|L7|region=east-north-east|winter|all,B4,shared-data:gfs_global+icon_global,35.6,not defined,0,"region: n >= 300, dates >= 60, points >= 3"
B4|shared-data:gfs_global+icon_global|-|precip|L7|region=east-north-east|winter|all|T64.5,A4|shared-data:gfs_global+icon_global|-|precip|L7|region=east-north-east|winter|all,B4,shared-data:gfs_global+icon_global,64.5,not defined,0,"region: n >= 300, dates >= 60, points >= 3"
B4|shared-data:gfs_global+icon_global|-|precip|L7|region=islands|all|all|T115.6,A4|shared-data:gfs_global+icon_global|-|precip|L7|region=islands|all|all,B4,shared-data:gfs_global+icon_global,115.6,not defined,0,"region: n >= 300, dates >= 60, points >= 3"
B4|shared-data:gfs_global+icon_global|-|precip|L7|region=islands|all|all|T35.6,A4|shared-data:gfs_global+icon_global|-|precip|L7|region=islands|all|all,B4,shared-data:gfs_global+icon_global,35.6,not defined,0,"region: n >= 300, dates >= 60, points >= 3"
B4|shared-data:gfs_global+icon_global|-|precip|L7|region=islands|all|all|T64.5,A4|shared-data:gfs_global+icon_global|-|precip|L7|region=islands|all|all,B4,shared-data:gfs_global+icon_global,64.5,not defined,0,"region: n >= 300, dates >= 60, points >= 3"
B4|shared-data:gfs_global+icon_global|-|precip|L7|region=islands|monsoon|all|T115.6,A4|shared-data:gfs_global+icon_global|-|precip|L7|region=islands|monsoon|all,B4,shared-data:gfs_global+icon_global,115.6,not defined,0,"region: n >= 300, dates >= 60, points >= 3"
B4|shared-data:gfs_global+icon_global|-|precip|L7|region=islands|monsoon|all|T35.6,A4|shared-data:gfs_global+icon_global|-|precip|L7|region=islands|monsoon|all,B4,shared-data:gfs_global+icon_global,35.6,not defined,0,"region: n >= 300, dates >= 60, points >= 3"
B4|shared-data:gfs_global+icon_global|-|precip|L7|region=islands|monsoon|all|T64.5,A4|shared-data:gfs_global+icon_global|-|precip|L7|region=islands|monsoon|all,B4,shared-data:gfs_global+icon_global,64.5,not defined,0,"region: n >= 300, dates >= 60, points >= 3"
B4|shared-data:gfs_global+icon_global|-|precip|L7|region=islands|post-monsoon|all|T115.6,A4|shared-data:gfs_global+icon_global|-|precip|L7|region=islands|post-monsoon|all,B4,shared-data:gfs_global+icon_global,115.6,not defined,0,"region: n >= 300, dates >= 60, points >= 3"
B4|shared-data:gfs_global+icon_global|-|precip|L7|region=islands|post-monsoon|all|T35.6,A4|shared-data:gfs_global+icon_global|-|precip|L7|region=islands|post-monsoon|all,B4,shared-data:gfs_global+icon_global,35.6,not defined,0,"region: n >= 300, dates >= 60, points >= 3"
B4|shared-data:gfs_global+icon_global|-|precip|L7|region=islands|post-monsoon|all|T64.5,A4|shared-data:gfs_global+icon_global|-|precip|L7|region=islands|post-monsoon|all,B4,shared-data:gfs_global+icon_global,64.5,not defined,0,"region: n >= 300, dates >= 60, points >= 3"
B4|shared-data:gfs_global+icon_global|-|precip|L7|region=islands|pre-monsoon|all|T115.6,A4|shared-data:gfs_global+icon_global|-|precip|L7|region=islands|pre-monsoon|all,B4,shared-data:gfs_global+icon_global,115.6,not defined,0,"region: n >= 300, dates >= 60, points >= 3"
B4|shared-data:gfs_global+icon_global|-|precip|L7|region=islands|pre-monsoon|all|T35.6,A4|shared-data:gfs_global+icon_global|-|precip|L7|region=islands|pre-monsoon|all,B4,shared-data:gfs_global+icon_global,35.6,not defined,0,"region: n >= 300, dates >= 60, points >= 3"
B4|shared-data:gfs_global+icon_global|-|precip|L7|region=islands|pre-monsoon|all|T64.5,A4|shared-data:gfs_global+icon_global|-|precip|L7|region=islands|pre-monsoon|all,B4,shared-data:gfs_global+icon_global,64.5,not defined,0,"region: n >= 300, dates >= 60, points >= 3"
B4|shared-data:gfs_global+icon_global|-|precip|L7|region=islands|winter|all|T115.6,A4|shared-data:gfs_global+icon_global|-|precip|L7|region=islands|winter|all,B4,shared-data:gfs_global+icon_global,115.6,not defined,0,"region: n >= 300, dates >= 60, points >= 3"
B4|shared-data:gfs_global+icon_global|-|precip|L7|region=islands|winter|all|T35.6,A4|shared-data:gfs_global+icon_global|-|precip|L7|region=islands|winter|all,B4,shared-data:gfs_global+icon_global,35.6,not defined,0,"region: n >= 300, dates >= 60, points >= 3"
B4|shared-data:gfs_global+icon_global|-|precip|L7|region=islands|winter|all|T64.5,A4|shared-data:gfs_global+icon_global|-|precip|L7|region=islands|winter|all,B4,shared-data:gfs_global+icon_global,64.5,not defined,0,"region: n >= 300, dates >= 60, points >= 3"
B4|shared-data:gfs_global+icon_global|-|precip|L7|region=north-west|all|all|T115.6,A4|shared-data:gfs_global+icon_global|-|precip|L7|region=north-west|all|all,B4,shared-data:gfs_global+icon_global,115.6,not defined,0,"region: n >= 300, dates >= 60, points >= 3"
B4|shared-data:gfs_global+icon_global|-|precip|L7|region=north-west|all|all|T35.6,A4|shared-data:gfs_global+icon_global|-|precip|L7|region=north-west|all|all,B4,shared-data:gfs_global+icon_global,35.6,not defined,0,"region: n >= 300, dates >= 60, points >= 3"
B4|shared-data:gfs_global+icon_global|-|precip|L7|region=north-west|all|all|T64.5,A4|shared-data:gfs_global+icon_global|-|precip|L7|region=north-west|all|all,B4,shared-data:gfs_global+icon_global,64.5,not defined,0,"region: n >= 300, dates >= 60, points >= 3"
B4|shared-data:gfs_global+icon_global|-|precip|L7|region=north-west|monsoon|all|T115.6,A4|shared-data:gfs_global+icon_global|-|precip|L7|region=north-west|monsoon|all,B4,shared-data:gfs_global+icon_global,115.6,not defined,0,"region: n >= 300, dates >= 60, points >= 3"
B4|shared-data:gfs_global+icon_global|-|precip|L7|region=north-west|monsoon|all|T35.6,A4|shared-data:gfs_global+icon_global|-|precip|L7|region=north-west|monsoon|all,B4,shared-data:gfs_global+icon_global,35.6,not defined,0,"region: n >= 300, dates >= 60, points >= 3"
B4|shared-data:gfs_global+icon_global|-|precip|L7|region=north-west|monsoon|all|T64.5,A4|shared-data:gfs_global+icon_global|-|precip|L7|region=north-west|monsoon|all,B4,shared-data:gfs_global+icon_global,64.5,not defined,0,"region: n >= 300, dates >= 60, points >= 3"
B4|shared-data:gfs_global+icon_global|-|precip|L7|region=north-west|post-monsoon|all|T115.6,A4|shared-data:gfs_global+icon_global|-|precip|L7|region=north-west|post-monsoon|all,B4,shared-data:gfs_global+icon_global,115.6,not defined,0,"region: n >= 300, dates >= 60, points >= 3"
B4|shared-data:gfs_global+icon_global|-|precip|L7|region=north-west|post-monsoon|all|T35.6,A4|shared-data:gfs_global+icon_global|-|precip|L7|region=north-west|post-monsoon|all,B4,shared-data:gfs_global+icon_global,35.6,not defined,0,"region: n >= 300, dates >= 60, points >= 3"
B4|shared-data:gfs_global+icon_global|-|precip|L7|region=north-west|post-monsoon|all|T64.5,A4|shared-data:gfs_global+icon_global|-|precip|L7|region=north-west|post-monsoon|all,B4,shared-data:gfs_global+icon_global,64.5,not defined,0,"region: n >= 300, dates >= 60, points >= 3"
B4|shared-data:gfs_global+icon_global|-|precip|L7|region=north-west|pre-monsoon|all|T115.6,A4|shared-data:gfs_global+icon_global|-|precip|L7|region=north-west|pre-monsoon|all,B4,shared-data:gfs_global+icon_global,115.6,not defined,0,"region: n >= 300, dates >= 60, points >= 3"
B4|shared-data:gfs_global+icon_global|-|precip|L7|region=north-west|pre-monsoon|all|T35.6,A4|shared-data:gfs_global+icon_global|-|precip|L7|region=north-west|pre-monsoon|all,B4,shared-data:gfs_global+icon_global,35.6,not defined,0,"region: n >= 300, dates >= 60, points >= 3"
B4|shared-data:gfs_global+icon_global|-|precip|L7|region=north-west|pre-monsoon|all|T64.5,A4|shared-data:gfs_global+icon_global|-|precip|L7|region=north-west|pre-monsoon|all,B4,shared-data:gfs_global+icon_global,64.5,not defined,0,"region: n >= 300, dates >= 60, points >= 3"
B4|shared-data:gfs_global+icon_global|-|precip|L7|region=north-west|winter|all|T115.6,A4|shared-data:gfs_global+icon_global|-|precip|L7|region=north-west|winter|all,B4,shared-data:gfs_global+icon_global,115.6,not defined,0,"region: n >= 300, dates >= 60, points >= 3"
B4|shared-data:gfs_global+icon_global|-|precip|L7|region=north-west|winter|all|T35.6,A4|shared-data:gfs_global+icon_global|-|precip|L7|region=north-west|winter|all,B4,shared-data:gfs_global+icon_global,35.6,not defined,0,"region: n >= 300, dates >= 60, points >= 3"
B4|shared-data:gfs_global+icon_global|-|precip|L7|region=north-west|winter|all|T64.5,A4|shared-data:gfs_global+icon_global|-|precip|L7|region=north-west|winter|all,B4,shared-data:gfs_global+icon_global,64.5,not defined,0,"region: n >= 300, dates >= 60, points >= 3"
B4|shared-data:gfs_global+icon_global|-|precip|L7|region=south-peninsula|all|all|T115.6,A4|shared-data:gfs_global+icon_global|-|precip|L7|region=south-peninsula|all|all,B4,shared-data:gfs_global+icon_global,115.6,not defined,0,"region: n >= 300, dates >= 60, points >= 3"
B4|shared-data:gfs_global+icon_global|-|precip|L7|region=south-peninsula|all|all|T35.6,A4|shared-data:gfs_global+icon_global|-|precip|L7|region=south-peninsula|all|all,B4,shared-data:gfs_global+icon_global,35.6,not defined,0,"region: n >= 300, dates >= 60, points >= 3"
B4|shared-data:gfs_global+icon_global|-|precip|L7|region=south-peninsula|all|all|T64.5,A4|shared-data:gfs_global+icon_global|-|precip|L7|region=south-peninsula|all|all,B4,shared-data:gfs_global+icon_global,64.5,not defined,0,"region: n >= 300, dates >= 60, points >= 3"
B4|shared-data:gfs_global+icon_global|-|precip|L7|region=south-peninsula|monsoon|all|T115.6,A4|shared-data:gfs_global+icon_global|-|precip|L7|region=south-peninsula|monsoon|all,B4,shared-data:gfs_global+icon_global,115.6,not defined,0,"region: n >= 300, dates >= 60, points >= 3"
B4|shared-data:gfs_global+icon_global|-|precip|L7|region=south-peninsula|monsoon|all|T35.6,A4|shared-data:gfs_global+icon_global|-|precip|L7|region=south-peninsula|monsoon|all,B4,shared-data:gfs_global+icon_global,35.6,not defined,0,"region: n >= 300, dates >= 60, points >= 3"
B4|shared-data:gfs_global+icon_global|-|precip|L7|region=south-peninsula|monsoon|all|T64.5,A4|shared-data:gfs_global+icon_global|-|precip|L7|region=south-peninsula|monsoon|all,B4,shared-data:gfs_global+icon_global,64.5,not defined,0,"region: n >= 300, dates >= 60, points >= 3"
B4|shared-data:gfs_global+icon_global|-|precip|L7|region=south-peninsula|post-monsoon|all|T115.6,A4|shared-data:gfs_global+icon_global|-|precip|L7|region=south-peninsula|post-monsoon|all,B4,shared-data:gfs_global+icon_global,115.6,not defined,0,"region: n >= 300, dates >= 60, points >= 3"
B4|shared-data:gfs_global+icon_global|-|precip|L7|region=south-peninsula|post-monsoon|all|T35.6,A4|shared-data:gfs_global+icon_global|-|precip|L7|region=south-peninsula|post-monsoon|all,B4,shared-data:gfs_global+icon_global,35.6,not defined,0,"region: n >= 300, dates >= 60, points >= 3"
B4|shared-data:gfs_global+icon_global|-|precip|L7|region=south-peninsula|post-monsoon|all|T64.5,A4|shared-data:gfs_global+icon_global|-|precip|L7|region=south-peninsula|post-monsoon|all,B4,shared-data:gfs_global+icon_global,64.5,not defined,0,"region: n >= 300, dates >= 60, points >= 3"
B4|shared-data:gfs_global+icon_global|-|precip|L7|region=south-peninsula|pre-monsoon|all|T115.6,A4|shared-data:gfs_global+icon_global|-|precip|L7|region=south-peninsula|pre-monsoon|all,B4,shared-data:gfs_global+icon_global,115.6,not defined,0,"region: n >= 300, dates >= 60, points >= 3"
B4|shared-data:gfs_global+icon_global|-|precip|L7|region=south-peninsula|pre-monsoon|all|T35.6,A4|shared-data:gfs_global+icon_global|-|precip|L7|region=south-peninsula|pre-monsoon|all,B4,shared-data:gfs_global+icon_global,35.6,not defined,0,"region: n >= 300, dates >= 60, points >= 3"
B4|shared-data:gfs_global+icon_global|-|precip|L7|region=south-peninsula|pre-monsoon|all|T64.5,A4|shared-data:gfs_global+icon_global|-|precip|L7|region=south-peninsula|pre-monsoon|all,B4,shared-data:gfs_global+icon_global,64.5,not defined,0,"region: n >= 300, dates >= 60, points >= 3"
B4|shared-data:gfs_global+icon_global|-|precip|L7|region=south-peninsula|winter|all|T115.6,A4|shared-data:gfs_global+icon_global|-|precip|L7|region=south-peninsula|winter|all,B4,shared-data:gfs_global+icon_global,115.6,not defined,0,"region: n >= 300, dates >= 60, points >= 3"
B4|shared-data:gfs_global+icon_global|-|precip|L7|region=south-peninsula|winter|all|T35.6,A4|shared-data:gfs_global+icon_global|-|precip|L7|region=south-peninsula|winter|all,B4,shared-data:gfs_global+icon_global,35.6,not defined,0,"region: n >= 300, dates >= 60, points >= 3"
B4|shared-data:gfs_global+icon_global|-|precip|L7|region=south-peninsula|winter|all|T64.5,A4|shared-data:gfs_global+icon_global|-|precip|L7|region=south-peninsula|winter|all,B4,shared-data:gfs_global+icon_global,64.5,not defined,0,"region: n >= 300, dates >= 60, points >= 3"
B4|single-model|ecmwf_ifs025|precip|L1|region=islands|all|all|T115.6,A4|single-model|ecmwf_ifs025|precip|L1|region=islands|all|all,B4,single-model,115.6,insufficient sample,1878,"region: n >= 300, dates >= 60, points >= 3"
B4|single-model|ecmwf_ifs025|precip|L1|region=islands|all|all|T35.6,A4|single-model|ecmwf_ifs025|precip|L1|region=islands|all|all,B4,single-model,35.6,insufficient sample,1878,"region: n >= 300, dates >= 60, points >= 3"
B4|single-model|ecmwf_ifs025|precip|L1|region=islands|all|all|T64.5,A4|single-model|ecmwf_ifs025|precip|L1|region=islands|all|all,B4,single-model,64.5,insufficient sample,1878,"region: n >= 300, dates >= 60, points >= 3"
B4|single-model|ecmwf_ifs025|precip|L1|region=islands|monsoon|all|T115.6,A4|single-model|ecmwf_ifs025|precip|L1|region=islands|monsoon|all,B4,single-model,115.6,insufficient sample,672,"region: n >= 300, dates >= 60, points >= 3"
B4|single-model|ecmwf_ifs025|precip|L1|region=islands|monsoon|all|T35.6,A4|single-model|ecmwf_ifs025|precip|L1|region=islands|monsoon|all,B4,single-model,35.6,insufficient sample,672,"region: n >= 300, dates >= 60, points >= 3"
B4|single-model|ecmwf_ifs025|precip|L1|region=islands|monsoon|all|T64.5,A4|single-model|ecmwf_ifs025|precip|L1|region=islands|monsoon|all,B4,single-model,64.5,insufficient sample,672,"region: n >= 300, dates >= 60, points >= 3"
B4|single-model|ecmwf_ifs025|precip|L1|region=islands|post-monsoon|all|T115.6,A4|single-model|ecmwf_ifs025|precip|L1|region=islands|post-monsoon|all,B4,single-model,115.6,insufficient sample,368,"region: n >= 300, dates >= 60, points >= 3"
B4|single-model|ecmwf_ifs025|precip|L1|region=islands|post-monsoon|all|T35.6,A4|single-model|ecmwf_ifs025|precip|L1|region=islands|post-monsoon|all,B4,single-model,35.6,insufficient sample,368,"region: n >= 300, dates >= 60, points >= 3"
B4|single-model|ecmwf_ifs025|precip|L1|region=islands|post-monsoon|all|T64.5,A4|single-model|ecmwf_ifs025|precip|L1|region=islands|post-monsoon|all,B4,single-model,64.5,insufficient sample,368,"region: n >= 300, dates >= 60, points >= 3"
B4|single-model|ecmwf_ifs025|precip|L1|region=islands|pre-monsoon|all|T115.6,A4|single-model|ecmwf_ifs025|precip|L1|region=islands|pre-monsoon|all,B4,single-model,115.6,insufficient sample,552,"region: n >= 300, dates >= 60, points >= 3"
B4|single-model|ecmwf_ifs025|precip|L1|region=islands|pre-monsoon|all|T35.6,A4|single-model|ecmwf_ifs025|precip|L1|region=islands|pre-monsoon|all,B4,single-model,35.6,insufficient sample,552,"region: n >= 300, dates >= 60, points >= 3"
B4|single-model|ecmwf_ifs025|precip|L1|region=islands|pre-monsoon|all|T64.5,A4|single-model|ecmwf_ifs025|precip|L1|region=islands|pre-monsoon|all,B4,single-model,64.5,insufficient sample,552,"region: n >= 300, dates >= 60, points >= 3"
B4|single-model|ecmwf_ifs025|precip|L1|region=islands|winter|all|T115.6,A4|single-model|ecmwf_ifs025|precip|L1|region=islands|winter|all,B4,single-model,115.6,insufficient sample,286,"region: n >= 300, dates >= 60, points >= 3"
B4|single-model|ecmwf_ifs025|precip|L1|region=islands|winter|all|T35.6,A4|single-model|ecmwf_ifs025|precip|L1|region=islands|winter|all,B4,single-model,35.6,insufficient sample,286,"region: n >= 300, dates >= 60, points >= 3"
B4|single-model|ecmwf_ifs025|precip|L1|region=islands|winter|all|T64.5,A4|single-model|ecmwf_ifs025|precip|L1|region=islands|winter|all,B4,single-model,64.5,insufficient sample,286,"region: n >= 300, dates >= 60, points >= 3"
B4|single-model|ecmwf_ifs025|precip|L2|region=islands|all|all|T115.6,A4|single-model|ecmwf_ifs025|precip|L2|region=islands|all|all,B4,single-model,115.6,insufficient sample,1876,"region: n >= 300, dates >= 60, points >= 3"
B4|single-model|ecmwf_ifs025|precip|L2|region=islands|all|all|T35.6,A4|single-model|ecmwf_ifs025|precip|L2|region=islands|all|all,B4,single-model,35.6,insufficient sample,1876,"region: n >= 300, dates >= 60, points >= 3"
B4|single-model|ecmwf_ifs025|precip|L2|region=islands|all|all|T64.5,A4|single-model|ecmwf_ifs025|precip|L2|region=islands|all|all,B4,single-model,64.5,insufficient sample,1876,"region: n >= 300, dates >= 60, points >= 3"
B4|single-model|ecmwf_ifs025|precip|L2|region=islands|monsoon|all|T115.6,A4|single-model|ecmwf_ifs025|precip|L2|region=islands|monsoon|all,B4,single-model,115.6,insufficient sample,672,"region: n >= 300, dates >= 60, points >= 3"
B4|single-model|ecmwf_ifs025|precip|L2|region=islands|monsoon|all|T35.6,A4|single-model|ecmwf_ifs025|precip|L2|region=islands|monsoon|all,B4,single-model,35.6,insufficient sample,672,"region: n >= 300, dates >= 60, points >= 3"
B4|single-model|ecmwf_ifs025|precip|L2|region=islands|monsoon|all|T64.5,A4|single-model|ecmwf_ifs025|precip|L2|region=islands|monsoon|all,B4,single-model,64.5,insufficient sample,672,"region: n >= 300, dates >= 60, points >= 3"
B4|single-model|ecmwf_ifs025|precip|L2|region=islands|post-monsoon|all|T115.6,A4|single-model|ecmwf_ifs025|precip|L2|region=islands|post-monsoon|all,B4,single-model,115.6,insufficient sample,368,"region: n >= 300, dates >= 60, points >= 3"
B4|single-model|ecmwf_ifs025|precip|L2|region=islands|post-monsoon|all|T35.6,A4|single-model|ecmwf_ifs025|precip|L2|region=islands|post-monsoon|all,B4,single-model,35.6,insufficient sample,368,"region: n >= 300, dates >= 60, points >= 3"
B4|single-model|ecmwf_ifs025|precip|L2|region=islands|post-monsoon|all|T64.5,A4|single-model|ecmwf_ifs025|precip|L2|region=islands|post-monsoon|all,B4,single-model,64.5,insufficient sample,368,"region: n >= 300, dates >= 60, points >= 3"
B4|single-model|ecmwf_ifs025|precip|L2|region=islands|pre-monsoon|all|T115.6,A4|single-model|ecmwf_ifs025|precip|L2|region=islands|pre-monsoon|all,B4,single-model,115.6,insufficient sample,552,"region: n >= 300, dates >= 60, points >= 3"
B4|single-model|ecmwf_ifs025|precip|L2|region=islands|pre-monsoon|all|T35.6,A4|single-model|ecmwf_ifs025|precip|L2|region=islands|pre-monsoon|all,B4,single-model,35.6,insufficient sample,552,"region: n >= 300, dates >= 60, points >= 3"
B4|single-model|ecmwf_ifs025|precip|L2|region=islands|pre-monsoon|all|T64.5,A4|single-model|ecmwf_ifs025|precip|L2|region=islands|pre-monsoon|all,B4,single-model,64.5,insufficient sample,552,"region: n >= 300, dates >= 60, points >= 3"
B4|single-model|ecmwf_ifs025|precip|L2|region=islands|winter|all|T115.6,A4|single-model|ecmwf_ifs025|precip|L2|region=islands|winter|all,B4,single-model,115.6,insufficient sample,284,"region: n >= 300, dates >= 60, points >= 3"
B4|single-model|ecmwf_ifs025|precip|L2|region=islands|winter|all|T35.6,A4|single-model|ecmwf_ifs025|precip|L2|region=islands|winter|all,B4,single-model,35.6,insufficient sample,284,"region: n >= 300, dates >= 60, points >= 3"
B4|single-model|ecmwf_ifs025|precip|L2|region=islands|winter|all|T64.5,A4|single-model|ecmwf_ifs025|precip|L2|region=islands|winter|all,B4,single-model,64.5,insufficient sample,284,"region: n >= 300, dates >= 60, points >= 3"
B4|single-model|ecmwf_ifs025|precip|L3|region=islands|all|all|T115.6,A4|single-model|ecmwf_ifs025|precip|L3|region=islands|all|all,B4,single-model,115.6,insufficient sample,1874,"region: n >= 300, dates >= 60, points >= 3"
B4|single-model|ecmwf_ifs025|precip|L3|region=islands|all|all|T35.6,A4|single-model|ecmwf_ifs025|precip|L3|region=islands|all|all,B4,single-model,35.6,insufficient sample,1874,"region: n >= 300, dates >= 60, points >= 3"
B4|single-model|ecmwf_ifs025|precip|L3|region=islands|all|all|T64.5,A4|single-model|ecmwf_ifs025|precip|L3|region=islands|all|all,B4,single-model,64.5,insufficient sample,1874,"region: n >= 300, dates >= 60, points >= 3"
B4|single-model|ecmwf_ifs025|precip|L3|region=islands|monsoon|all|T115.6,A4|single-model|ecmwf_ifs025|precip|L3|region=islands|monsoon|all,B4,single-model,115.6,insufficient sample,672,"region: n >= 300, dates >= 60, points >= 3"
B4|single-model|ecmwf_ifs025|precip|L3|region=islands|monsoon|all|T35.6,A4|single-model|ecmwf_ifs025|precip|L3|region=islands|monsoon|all,B4,single-model,35.6,insufficient sample,672,"region: n >= 300, dates >= 60, points >= 3"
B4|single-model|ecmwf_ifs025|precip|L3|region=islands|monsoon|all|T64.5,A4|single-model|ecmwf_ifs025|precip|L3|region=islands|monsoon|all,B4,single-model,64.5,insufficient sample,672,"region: n >= 300, dates >= 60, points >= 3"
B4|single-model|ecmwf_ifs025|precip|L3|region=islands|post-monsoon|all|T115.6,A4|single-model|ecmwf_ifs025|precip|L3|region=islands|post-monsoon|all,B4,single-model,115.6,insufficient sample,368,"region: n >= 300, dates >= 60, points >= 3"
B4|single-model|ecmwf_ifs025|precip|L3|region=islands|post-monsoon|all|T35.6,A4|single-model|ecmwf_ifs025|precip|L3|region=islands|post-monsoon|all,B4,single-model,35.6,insufficient sample,368,"region: n >= 300, dates >= 60, points >= 3"
B4|single-model|ecmwf_ifs025|precip|L3|region=islands|post-monsoon|all|T64.5,A4|single-model|ecmwf_ifs025|precip|L3|region=islands|post-monsoon|all,B4,single-model,64.5,insufficient sample,368,"region: n >= 300, dates >= 60, points >= 3"
B4|single-model|ecmwf_ifs025|precip|L3|region=islands|pre-monsoon|all|T115.6,A4|single-model|ecmwf_ifs025|precip|L3|region=islands|pre-monsoon|all,B4,single-model,115.6,insufficient sample,552,"region: n >= 300, dates >= 60, points >= 3"
B4|single-model|ecmwf_ifs025|precip|L3|region=islands|pre-monsoon|all|T35.6,A4|single-model|ecmwf_ifs025|precip|L3|region=islands|pre-monsoon|all,B4,single-model,35.6,insufficient sample,552,"region: n >= 300, dates >= 60, points >= 3"
B4|single-model|ecmwf_ifs025|precip|L3|region=islands|pre-monsoon|all|T64.5,A4|single-model|ecmwf_ifs025|precip|L3|region=islands|pre-monsoon|all,B4,single-model,64.5,insufficient sample,552,"region: n >= 300, dates >= 60, points >= 3"
B4|single-model|ecmwf_ifs025|precip|L3|region=islands|winter|all|T115.6,A4|single-model|ecmwf_ifs025|precip|L3|region=islands|winter|all,B4,single-model,115.6,insufficient sample,282,"region: n >= 300, dates >= 60, points >= 3"
B4|single-model|ecmwf_ifs025|precip|L3|region=islands|winter|all|T35.6,A4|single-model|ecmwf_ifs025|precip|L3|region=islands|winter|all,B4,single-model,35.6,insufficient sample,282,"region: n >= 300, dates >= 60, points >= 3"
B4|single-model|ecmwf_ifs025|precip|L3|region=islands|winter|all|T64.5,A4|single-model|ecmwf_ifs025|precip|L3|region=islands|winter|all,B4,single-model,64.5,insufficient sample,282,"region: n >= 300, dates >= 60, points >= 3"
B4|single-model|ecmwf_ifs025|precip|L4|region=islands|all|all|T115.6,A4|single-model|ecmwf_ifs025|precip|L4|region=islands|all|all,B4,single-model,115.6,insufficient sample,1872,"region: n >= 300, dates >= 60, points >= 3"
B4|single-model|ecmwf_ifs025|precip|L4|region=islands|all|all|T35.6,A4|single-model|ecmwf_ifs025|precip|L4|region=islands|all|all,B4,single-model,35.6,insufficient sample,1872,"region: n >= 300, dates >= 60, points >= 3"
B4|single-model|ecmwf_ifs025|precip|L4|region=islands|all|all|T64.5,A4|single-model|ecmwf_ifs025|precip|L4|region=islands|all|all,B4,single-model,64.5,insufficient sample,1872,"region: n >= 300, dates >= 60, points >= 3"
B4|single-model|ecmwf_ifs025|precip|L4|region=islands|monsoon|all|T115.6,A4|single-model|ecmwf_ifs025|precip|L4|region=islands|monsoon|all,B4,single-model,115.6,insufficient sample,672,"region: n >= 300, dates >= 60, points >= 3"
B4|single-model|ecmwf_ifs025|precip|L4|region=islands|monsoon|all|T35.6,A4|single-model|ecmwf_ifs025|precip|L4|region=islands|monsoon|all,B4,single-model,35.6,insufficient sample,672,"region: n >= 300, dates >= 60, points >= 3"
B4|single-model|ecmwf_ifs025|precip|L4|region=islands|monsoon|all|T64.5,A4|single-model|ecmwf_ifs025|precip|L4|region=islands|monsoon|all,B4,single-model,64.5,insufficient sample,672,"region: n >= 300, dates >= 60, points >= 3"
B4|single-model|ecmwf_ifs025|precip|L4|region=islands|post-monsoon|all|T115.6,A4|single-model|ecmwf_ifs025|precip|L4|region=islands|post-monsoon|all,B4,single-model,115.6,insufficient sample,368,"region: n >= 300, dates >= 60, points >= 3"
B4|single-model|ecmwf_ifs025|precip|L4|region=islands|post-monsoon|all|T35.6,A4|single-model|ecmwf_ifs025|precip|L4|region=islands|post-monsoon|all,B4,single-model,35.6,insufficient sample,368,"region: n >= 300, dates >= 60, points >= 3"
B4|single-model|ecmwf_ifs025|precip|L4|region=islands|post-monsoon|all|T64.5,A4|single-model|ecmwf_ifs025|precip|L4|region=islands|post-monsoon|all,B4,single-model,64.5,insufficient sample,368,"region: n >= 300, dates >= 60, points >= 3"
B4|single-model|ecmwf_ifs025|precip|L4|region=islands|pre-monsoon|all|T115.6,A4|single-model|ecmwf_ifs025|precip|L4|region=islands|pre-monsoon|all,B4,single-model,115.6,insufficient sample,552,"region: n >= 300, dates >= 60, points >= 3"
B4|single-model|ecmwf_ifs025|precip|L4|region=islands|pre-monsoon|all|T35.6,A4|single-model|ecmwf_ifs025|precip|L4|region=islands|pre-monsoon|all,B4,single-model,35.6,insufficient sample,552,"region: n >= 300, dates >= 60, points >= 3"
B4|single-model|ecmwf_ifs025|precip|L4|region=islands|pre-monsoon|all|T64.5,A4|single-model|ecmwf_ifs025|precip|L4|region=islands|pre-monsoon|all,B4,single-model,64.5,insufficient sample,552,"region: n >= 300, dates >= 60, points >= 3"
B4|single-model|ecmwf_ifs025|precip|L4|region=islands|winter|all|T115.6,A4|single-model|ecmwf_ifs025|precip|L4|region=islands|winter|all,B4,single-model,115.6,insufficient sample,280,"region: n >= 300, dates >= 60, points >= 3"
B4|single-model|ecmwf_ifs025|precip|L4|region=islands|winter|all|T35.6,A4|single-model|ecmwf_ifs025|precip|L4|region=islands|winter|all,B4,single-model,35.6,insufficient sample,280,"region: n >= 300, dates >= 60, points >= 3"
B4|single-model|ecmwf_ifs025|precip|L4|region=islands|winter|all|T64.5,A4|single-model|ecmwf_ifs025|precip|L4|region=islands|winter|all,B4,single-model,64.5,insufficient sample,280,"region: n >= 300, dates >= 60, points >= 3"
B4|single-model|ecmwf_ifs025|precip|L5|region=islands|all|all|T115.6,A4|single-model|ecmwf_ifs025|precip|L5|region=islands|all|all,B4,single-model,115.6,insufficient sample,1856,"region: n >= 300, dates >= 60, points >= 3"
B4|single-model|ecmwf_ifs025|precip|L5|region=islands|all|all|T35.6,A4|single-model|ecmwf_ifs025|precip|L5|region=islands|all|all,B4,single-model,35.6,insufficient sample,1856,"region: n >= 300, dates >= 60, points >= 3"
B4|single-model|ecmwf_ifs025|precip|L5|region=islands|all|all|T64.5,A4|single-model|ecmwf_ifs025|precip|L5|region=islands|all|all,B4,single-model,64.5,insufficient sample,1856,"region: n >= 300, dates >= 60, points >= 3"
B4|single-model|ecmwf_ifs025|precip|L5|region=islands|monsoon|all|T115.6,A4|single-model|ecmwf_ifs025|precip|L5|region=islands|monsoon|all,B4,single-model,115.6,insufficient sample,672,"region: n >= 300, dates >= 60, points >= 3"
B4|single-model|ecmwf_ifs025|precip|L5|region=islands|monsoon|all|T35.6,A4|single-model|ecmwf_ifs025|precip|L5|region=islands|monsoon|all,B4,single-model,35.6,insufficient sample,672,"region: n >= 300, dates >= 60, points >= 3"
B4|single-model|ecmwf_ifs025|precip|L5|region=islands|monsoon|all|T64.5,A4|single-model|ecmwf_ifs025|precip|L5|region=islands|monsoon|all,B4,single-model,64.5,insufficient sample,672,"region: n >= 300, dates >= 60, points >= 3"
B4|single-model|ecmwf_ifs025|precip|L5|region=islands|post-monsoon|all|T115.6,A4|single-model|ecmwf_ifs025|precip|L5|region=islands|post-monsoon|all,B4,single-model,115.6,insufficient sample,368,"region: n >= 300, dates >= 60, points >= 3"
B4|single-model|ecmwf_ifs025|precip|L5|region=islands|post-monsoon|all|T35.6,A4|single-model|ecmwf_ifs025|precip|L5|region=islands|post-monsoon|all,B4,single-model,35.6,insufficient sample,368,"region: n >= 300, dates >= 60, points >= 3"
B4|single-model|ecmwf_ifs025|precip|L5|region=islands|post-monsoon|all|T64.5,A4|single-model|ecmwf_ifs025|precip|L5|region=islands|post-monsoon|all,B4,single-model,64.5,insufficient sample,368,"region: n >= 300, dates >= 60, points >= 3"
B4|single-model|ecmwf_ifs025|precip|L5|region=islands|pre-monsoon|all|T115.6,A4|single-model|ecmwf_ifs025|precip|L5|region=islands|pre-monsoon|all,B4,single-model,115.6,insufficient sample,538,"region: n >= 300, dates >= 60, points >= 3"
B4|single-model|ecmwf_ifs025|precip|L5|region=islands|pre-monsoon|all|T35.6,A4|single-model|ecmwf_ifs025|precip|L5|region=islands|pre-monsoon|all,B4,single-model,35.6,insufficient sample,538,"region: n >= 300, dates >= 60, points >= 3"
B4|single-model|ecmwf_ifs025|precip|L5|region=islands|pre-monsoon|all|T64.5,A4|single-model|ecmwf_ifs025|precip|L5|region=islands|pre-monsoon|all,B4,single-model,64.5,insufficient sample,538,"region: n >= 300, dates >= 60, points >= 3"
B4|single-model|ecmwf_ifs025|precip|L5|region=islands|winter|all|T115.6,A4|single-model|ecmwf_ifs025|precip|L5|region=islands|winter|all,B4,single-model,115.6,insufficient sample,278,"region: n >= 300, dates >= 60, points >= 3"
B4|single-model|ecmwf_ifs025|precip|L5|region=islands|winter|all|T35.6,A4|single-model|ecmwf_ifs025|precip|L5|region=islands|winter|all,B4,single-model,35.6,insufficient sample,278,"region: n >= 300, dates >= 60, points >= 3"
B4|single-model|ecmwf_ifs025|precip|L5|region=islands|winter|all|T64.5,A4|single-model|ecmwf_ifs025|precip|L5|region=islands|winter|all,B4,single-model,64.5,insufficient sample,278,"region: n >= 300, dates >= 60, points >= 3"
B4|single-model|ecmwf_ifs025|precip|L6|region=islands|all|all|T115.6,A4|single-model|ecmwf_ifs025|precip|L6|region=islands|all|all,B4,single-model,115.6,insufficient sample,1868,"region: n >= 300, dates >= 60, points >= 3"
B4|single-model|ecmwf_ifs025|precip|L6|region=islands|all|all|T35.6,A4|single-model|ecmwf_ifs025|precip|L6|region=islands|all|all,B4,single-model,35.6,insufficient sample,1868,"region: n >= 300, dates >= 60, points >= 3"
B4|single-model|ecmwf_ifs025|precip|L6|region=islands|all|all|T64.5,A4|single-model|ecmwf_ifs025|precip|L6|region=islands|all|all,B4,single-model,64.5,insufficient sample,1868,"region: n >= 300, dates >= 60, points >= 3"
B4|single-model|ecmwf_ifs025|precip|L6|region=islands|monsoon|all|T115.6,A4|single-model|ecmwf_ifs025|precip|L6|region=islands|monsoon|all,B4,single-model,115.6,insufficient sample,672,"region: n >= 300, dates >= 60, points >= 3"
B4|single-model|ecmwf_ifs025|precip|L6|region=islands|monsoon|all|T35.6,A4|single-model|ecmwf_ifs025|precip|L6|region=islands|monsoon|all,B4,single-model,35.6,insufficient sample,672,"region: n >= 300, dates >= 60, points >= 3"
B4|single-model|ecmwf_ifs025|precip|L6|region=islands|monsoon|all|T64.5,A4|single-model|ecmwf_ifs025|precip|L6|region=islands|monsoon|all,B4,single-model,64.5,insufficient sample,672,"region: n >= 300, dates >= 60, points >= 3"
B4|single-model|ecmwf_ifs025|precip|L6|region=islands|post-monsoon|all|T115.6,A4|single-model|ecmwf_ifs025|precip|L6|region=islands|post-monsoon|all,B4,single-model,115.6,insufficient sample,368,"region: n >= 300, dates >= 60, points >= 3"
B4|single-model|ecmwf_ifs025|precip|L6|region=islands|post-monsoon|all|T35.6,A4|single-model|ecmwf_ifs025|precip|L6|region=islands|post-monsoon|all,B4,single-model,35.6,insufficient sample,368,"region: n >= 300, dates >= 60, points >= 3"
B4|single-model|ecmwf_ifs025|precip|L6|region=islands|post-monsoon|all|T64.5,A4|single-model|ecmwf_ifs025|precip|L6|region=islands|post-monsoon|all,B4,single-model,64.5,insufficient sample,368,"region: n >= 300, dates >= 60, points >= 3"
B4|single-model|ecmwf_ifs025|precip|L6|region=islands|pre-monsoon|all|T115.6,A4|single-model|ecmwf_ifs025|precip|L6|region=islands|pre-monsoon|all,B4,single-model,115.6,insufficient sample,552,"region: n >= 300, dates >= 60, points >= 3"
B4|single-model|ecmwf_ifs025|precip|L6|region=islands|pre-monsoon|all|T35.6,A4|single-model|ecmwf_ifs025|precip|L6|region=islands|pre-monsoon|all,B4,single-model,35.6,insufficient sample,552,"region: n >= 300, dates >= 60, points >= 3"
B4|single-model|ecmwf_ifs025|precip|L6|region=islands|pre-monsoon|all|T64.5,A4|single-model|ecmwf_ifs025|precip|L6|region=islands|pre-monsoon|all,B4,single-model,64.5,insufficient sample,552,"region: n >= 300, dates >= 60, points >= 3"
B4|single-model|ecmwf_ifs025|precip|L6|region=islands|winter|all|T115.6,A4|single-model|ecmwf_ifs025|precip|L6|region=islands|winter|all,B4,single-model,115.6,insufficient sample,276,"region: n >= 300, dates >= 60, points >= 3"
B4|single-model|ecmwf_ifs025|precip|L6|region=islands|winter|all|T35.6,A4|single-model|ecmwf_ifs025|precip|L6|region=islands|winter|all,B4,single-model,35.6,insufficient sample,276,"region: n >= 300, dates >= 60, points >= 3"
B4|single-model|ecmwf_ifs025|precip|L6|region=islands|winter|all|T64.5,A4|single-model|ecmwf_ifs025|precip|L6|region=islands|winter|all,B4,single-model,64.5,insufficient sample,276,"region: n >= 300, dates >= 60, points >= 3"
B4|single-model|ecmwf_ifs025|precip|L7|region=islands|all|all|T115.6,A4|single-model|ecmwf_ifs025|precip|L7|region=islands|all|all,B4,single-model,115.6,insufficient sample,1852,"region: n >= 300, dates >= 60, points >= 3"
B4|single-model|ecmwf_ifs025|precip|L7|region=islands|all|all|T35.6,A4|single-model|ecmwf_ifs025|precip|L7|region=islands|all|all,B4,single-model,35.6,insufficient sample,1852,"region: n >= 300, dates >= 60, points >= 3"
B4|single-model|ecmwf_ifs025|precip|L7|region=islands|all|all|T64.5,A4|single-model|ecmwf_ifs025|precip|L7|region=islands|all|all,B4,single-model,64.5,insufficient sample,1852,"region: n >= 300, dates >= 60, points >= 3"
B4|single-model|ecmwf_ifs025|precip|L7|region=islands|monsoon|all|T115.6,A4|single-model|ecmwf_ifs025|precip|L7|region=islands|monsoon|all,B4,single-model,115.6,insufficient sample,672,"region: n >= 300, dates >= 60, points >= 3"
B4|single-model|ecmwf_ifs025|precip|L7|region=islands|monsoon|all|T35.6,A4|single-model|ecmwf_ifs025|precip|L7|region=islands|monsoon|all,B4,single-model,35.6,insufficient sample,672,"region: n >= 300, dates >= 60, points >= 3"
B4|single-model|ecmwf_ifs025|precip|L7|region=islands|monsoon|all|T64.5,A4|single-model|ecmwf_ifs025|precip|L7|region=islands|monsoon|all,B4,single-model,64.5,insufficient sample,672,"region: n >= 300, dates >= 60, points >= 3"
B4|single-model|ecmwf_ifs025|precip|L7|region=islands|post-monsoon|all|T115.6,A4|single-model|ecmwf_ifs025|precip|L7|region=islands|post-monsoon|all,B4,single-model,115.6,insufficient sample,368,"region: n >= 300, dates >= 60, points >= 3"
B4|single-model|ecmwf_ifs025|precip|L7|region=islands|post-monsoon|all|T35.6,A4|single-model|ecmwf_ifs025|precip|L7|region=islands|post-monsoon|all,B4,single-model,35.6,insufficient sample,368,"region: n >= 300, dates >= 60, points >= 3"
B4|single-model|ecmwf_ifs025|precip|L7|region=islands|post-monsoon|all|T64.5,A4|single-model|ecmwf_ifs025|precip|L7|region=islands|post-monsoon|all,B4,single-model,64.5,insufficient sample,368,"region: n >= 300, dates >= 60, points >= 3"
B4|single-model|ecmwf_ifs025|precip|L7|region=islands|pre-monsoon|all|T115.6,A4|single-model|ecmwf_ifs025|precip|L7|region=islands|pre-monsoon|all,B4,single-model,115.6,insufficient sample,538,"region: n >= 300, dates >= 60, points >= 3"
B4|single-model|ecmwf_ifs025|precip|L7|region=islands|pre-monsoon|all|T35.6,A4|single-model|ecmwf_ifs025|precip|L7|region=islands|pre-monsoon|all,B4,single-model,35.6,insufficient sample,538,"region: n >= 300, dates >= 60, points >= 3"
B4|single-model|ecmwf_ifs025|precip|L7|region=islands|pre-monsoon|all|T64.5,A4|single-model|ecmwf_ifs025|precip|L7|region=islands|pre-monsoon|all,B4,single-model,64.5,insufficient sample,538,"region: n >= 300, dates >= 60, points >= 3"
B4|single-model|ecmwf_ifs025|precip|L7|region=islands|winter|all|T115.6,A4|single-model|ecmwf_ifs025|precip|L7|region=islands|winter|all,B4,single-model,115.6,insufficient sample,274,"region: n >= 300, dates >= 60, points >= 3"
B4|single-model|ecmwf_ifs025|precip|L7|region=islands|winter|all|T35.6,A4|single-model|ecmwf_ifs025|precip|L7|region=islands|winter|all,B4,single-model,35.6,insufficient sample,274,"region: n >= 300, dates >= 60, points >= 3"
B4|single-model|ecmwf_ifs025|precip|L7|region=islands|winter|all|T64.5,A4|single-model|ecmwf_ifs025|precip|L7|region=islands|winter|all,B4,single-model,64.5,insufficient sample,274,"region: n >= 300, dates >= 60, points >= 3"
B4|single-model|gfs_global|precip|L1|region=islands|all|all|T115.6,A4|single-model|gfs_global|precip|L1|region=islands|all|all,B4,single-model,115.6,insufficient sample,1886,"region: n >= 300, dates >= 60, points >= 3"
B4|single-model|gfs_global|precip|L1|region=islands|all|all|T35.6,A4|single-model|gfs_global|precip|L1|region=islands|all|all,B4,single-model,35.6,insufficient sample,1886,"region: n >= 300, dates >= 60, points >= 3"
B4|single-model|gfs_global|precip|L1|region=islands|all|all|T64.5,A4|single-model|gfs_global|precip|L1|region=islands|all|all,B4,single-model,64.5,insufficient sample,1886,"region: n >= 300, dates >= 60, points >= 3"
B4|single-model|gfs_global|precip|L1|region=islands|monsoon|all|T115.6,A4|single-model|gfs_global|precip|L1|region=islands|monsoon|all,B4,single-model,115.6,insufficient sample,672,"region: n >= 300, dates >= 60, points >= 3"
B4|single-model|gfs_global|precip|L1|region=islands|monsoon|all|T35.6,A4|single-model|gfs_global|precip|L1|region=islands|monsoon|all,B4,single-model,35.6,insufficient sample,672,"region: n >= 300, dates >= 60, points >= 3"
B4|single-model|gfs_global|precip|L1|region=islands|monsoon|all|T64.5,A4|single-model|gfs_global|precip|L1|region=islands|monsoon|all,B4,single-model,64.5,insufficient sample,672,"region: n >= 300, dates >= 60, points >= 3"
B4|single-model|gfs_global|precip|L1|region=islands|post-monsoon|all|T115.6,A4|single-model|gfs_global|precip|L1|region=islands|post-monsoon|all,B4,single-model,115.6,insufficient sample,368,"region: n >= 300, dates >= 60, points >= 3"
B4|single-model|gfs_global|precip|L1|region=islands|post-monsoon|all|T35.6,A4|single-model|gfs_global|precip|L1|region=islands|post-monsoon|all,B4,single-model,35.6,insufficient sample,368,"region: n >= 300, dates >= 60, points >= 3"
B4|single-model|gfs_global|precip|L1|region=islands|post-monsoon|all|T64.5,A4|single-model|gfs_global|precip|L1|region=islands|post-monsoon|all,B4,single-model,64.5,insufficient sample,368,"region: n >= 300, dates >= 60, points >= 3"
B4|single-model|gfs_global|precip|L1|region=islands|pre-monsoon|all|T115.6,A4|single-model|gfs_global|precip|L1|region=islands|pre-monsoon|all,B4,single-model,115.6,insufficient sample,552,"region: n >= 300, dates >= 60, points >= 3"
B4|single-model|gfs_global|precip|L1|region=islands|pre-monsoon|all|T35.6,A4|single-model|gfs_global|precip|L1|region=islands|pre-monsoon|all,B4,single-model,35.6,insufficient sample,552,"region: n >= 300, dates >= 60, points >= 3"
B4|single-model|gfs_global|precip|L1|region=islands|pre-monsoon|all|T64.5,A4|single-model|gfs_global|precip|L1|region=islands|pre-monsoon|all,B4,single-model,64.5,insufficient sample,552,"region: n >= 300, dates >= 60, points >= 3"
B4|single-model|gfs_global|precip|L1|region=islands|winter|all|T115.6,A4|single-model|gfs_global|precip|L1|region=islands|winter|all,B4,single-model,115.6,insufficient sample,294,"region: n >= 300, dates >= 60, points >= 3"
B4|single-model|gfs_global|precip|L1|region=islands|winter|all|T35.6,A4|single-model|gfs_global|precip|L1|region=islands|winter|all,B4,single-model,35.6,insufficient sample,294,"region: n >= 300, dates >= 60, points >= 3"
B4|single-model|gfs_global|precip|L1|region=islands|winter|all|T64.5,A4|single-model|gfs_global|precip|L1|region=islands|winter|all,B4,single-model,64.5,insufficient sample,294,"region: n >= 300, dates >= 60, points >= 3"
B4|single-model|gfs_global|precip|L2|region=islands|all|all|T115.6,A4|single-model|gfs_global|precip|L2|region=islands|all|all,B4,single-model,115.6,insufficient sample,1886,"region: n >= 300, dates >= 60, points >= 3"
B4|single-model|gfs_global|precip|L2|region=islands|all|all|T35.6,A4|single-model|gfs_global|precip|L2|region=islands|all|all,B4,single-model,35.6,insufficient sample,1886,"region: n >= 300, dates >= 60, points >= 3"
B4|single-model|gfs_global|precip|L2|region=islands|all|all|T64.5,A4|single-model|gfs_global|precip|L2|region=islands|all|all,B4,single-model,64.5,insufficient sample,1886,"region: n >= 300, dates >= 60, points >= 3"
B4|single-model|gfs_global|precip|L2|region=islands|monsoon|all|T115.6,A4|single-model|gfs_global|precip|L2|region=islands|monsoon|all,B4,single-model,115.6,insufficient sample,672,"region: n >= 300, dates >= 60, points >= 3"
B4|single-model|gfs_global|precip|L2|region=islands|monsoon|all|T35.6,A4|single-model|gfs_global|precip|L2|region=islands|monsoon|all,B4,single-model,35.6,insufficient sample,672,"region: n >= 300, dates >= 60, points >= 3"
B4|single-model|gfs_global|precip|L2|region=islands|monsoon|all|T64.5,A4|single-model|gfs_global|precip|L2|region=islands|monsoon|all,B4,single-model,64.5,insufficient sample,672,"region: n >= 300, dates >= 60, points >= 3"
B4|single-model|gfs_global|precip|L2|region=islands|post-monsoon|all|T115.6,A4|single-model|gfs_global|precip|L2|region=islands|post-monsoon|all,B4,single-model,115.6,insufficient sample,368,"region: n >= 300, dates >= 60, points >= 3"
B4|single-model|gfs_global|precip|L2|region=islands|post-monsoon|all|T35.6,A4|single-model|gfs_global|precip|L2|region=islands|post-monsoon|all,B4,single-model,35.6,insufficient sample,368,"region: n >= 300, dates >= 60, points >= 3"
B4|single-model|gfs_global|precip|L2|region=islands|post-monsoon|all|T64.5,A4|single-model|gfs_global|precip|L2|region=islands|post-monsoon|all,B4,single-model,64.5,insufficient sample,368,"region: n >= 300, dates >= 60, points >= 3"
B4|single-model|gfs_global|precip|L2|region=islands|pre-monsoon|all|T115.6,A4|single-model|gfs_global|precip|L2|region=islands|pre-monsoon|all,B4,single-model,115.6,insufficient sample,552,"region: n >= 300, dates >= 60, points >= 3"
B4|single-model|gfs_global|precip|L2|region=islands|pre-monsoon|all|T35.6,A4|single-model|gfs_global|precip|L2|region=islands|pre-monsoon|all,B4,single-model,35.6,insufficient sample,552,"region: n >= 300, dates >= 60, points >= 3"
B4|single-model|gfs_global|precip|L2|region=islands|pre-monsoon|all|T64.5,A4|single-model|gfs_global|precip|L2|region=islands|pre-monsoon|all,B4,single-model,64.5,insufficient sample,552,"region: n >= 300, dates >= 60, points >= 3"
B4|single-model|gfs_global|precip|L2|region=islands|winter|all|T115.6,A4|single-model|gfs_global|precip|L2|region=islands|winter|all,B4,single-model,115.6,insufficient sample,294,"region: n >= 300, dates >= 60, points >= 3"
B4|single-model|gfs_global|precip|L2|region=islands|winter|all|T35.6,A4|single-model|gfs_global|precip|L2|region=islands|winter|all,B4,single-model,35.6,insufficient sample,294,"region: n >= 300, dates >= 60, points >= 3"
B4|single-model|gfs_global|precip|L2|region=islands|winter|all|T64.5,A4|single-model|gfs_global|precip|L2|region=islands|winter|all,B4,single-model,64.5,insufficient sample,294,"region: n >= 300, dates >= 60, points >= 3"
B4|single-model|gfs_global|precip|L3|region=islands|all|all|T115.6,A4|single-model|gfs_global|precip|L3|region=islands|all|all,B4,single-model,115.6,insufficient sample,1886,"region: n >= 300, dates >= 60, points >= 3"
B4|single-model|gfs_global|precip|L3|region=islands|all|all|T35.6,A4|single-model|gfs_global|precip|L3|region=islands|all|all,B4,single-model,35.6,insufficient sample,1886,"region: n >= 300, dates >= 60, points >= 3"
B4|single-model|gfs_global|precip|L3|region=islands|all|all|T64.5,A4|single-model|gfs_global|precip|L3|region=islands|all|all,B4,single-model,64.5,insufficient sample,1886,"region: n >= 300, dates >= 60, points >= 3"
B4|single-model|gfs_global|precip|L3|region=islands|monsoon|all|T115.6,A4|single-model|gfs_global|precip|L3|region=islands|monsoon|all,B4,single-model,115.6,insufficient sample,672,"region: n >= 300, dates >= 60, points >= 3"
B4|single-model|gfs_global|precip|L3|region=islands|monsoon|all|T35.6,A4|single-model|gfs_global|precip|L3|region=islands|monsoon|all,B4,single-model,35.6,insufficient sample,672,"region: n >= 300, dates >= 60, points >= 3"
B4|single-model|gfs_global|precip|L3|region=islands|monsoon|all|T64.5,A4|single-model|gfs_global|precip|L3|region=islands|monsoon|all,B4,single-model,64.5,insufficient sample,672,"region: n >= 300, dates >= 60, points >= 3"
B4|single-model|gfs_global|precip|L3|region=islands|post-monsoon|all|T115.6,A4|single-model|gfs_global|precip|L3|region=islands|post-monsoon|all,B4,single-model,115.6,insufficient sample,368,"region: n >= 300, dates >= 60, points >= 3"
B4|single-model|gfs_global|precip|L3|region=islands|post-monsoon|all|T35.6,A4|single-model|gfs_global|precip|L3|region=islands|post-monsoon|all,B4,single-model,35.6,insufficient sample,368,"region: n >= 300, dates >= 60, points >= 3"
B4|single-model|gfs_global|precip|L3|region=islands|post-monsoon|all|T64.5,A4|single-model|gfs_global|precip|L3|region=islands|post-monsoon|all,B4,single-model,64.5,insufficient sample,368,"region: n >= 300, dates >= 60, points >= 3"
B4|single-model|gfs_global|precip|L3|region=islands|pre-monsoon|all|T115.6,A4|single-model|gfs_global|precip|L3|region=islands|pre-monsoon|all,B4,single-model,115.6,insufficient sample,552,"region: n >= 300, dates >= 60, points >= 3"
B4|single-model|gfs_global|precip|L3|region=islands|pre-monsoon|all|T35.6,A4|single-model|gfs_global|precip|L3|region=islands|pre-monsoon|all,B4,single-model,35.6,insufficient sample,552,"region: n >= 300, dates >= 60, points >= 3"
B4|single-model|gfs_global|precip|L3|region=islands|pre-monsoon|all|T64.5,A4|single-model|gfs_global|precip|L3|region=islands|pre-monsoon|all,B4,single-model,64.5,insufficient sample,552,"region: n >= 300, dates >= 60, points >= 3"
B4|single-model|gfs_global|precip|L3|region=islands|winter|all|T115.6,A4|single-model|gfs_global|precip|L3|region=islands|winter|all,B4,single-model,115.6,insufficient sample,294,"region: n >= 300, dates >= 60, points >= 3"
B4|single-model|gfs_global|precip|L3|region=islands|winter|all|T35.6,A4|single-model|gfs_global|precip|L3|region=islands|winter|all,B4,single-model,35.6,insufficient sample,294,"region: n >= 300, dates >= 60, points >= 3"
B4|single-model|gfs_global|precip|L3|region=islands|winter|all|T64.5,A4|single-model|gfs_global|precip|L3|region=islands|winter|all,B4,single-model,64.5,insufficient sample,294,"region: n >= 300, dates >= 60, points >= 3"
B4|single-model|gfs_global|precip|L4|region=islands|all|all|T115.6,A4|single-model|gfs_global|precip|L4|region=islands|all|all,B4,single-model,115.6,insufficient sample,1886,"region: n >= 300, dates >= 60, points >= 3"
B4|single-model|gfs_global|precip|L4|region=islands|all|all|T35.6,A4|single-model|gfs_global|precip|L4|region=islands|all|all,B4,single-model,35.6,insufficient sample,1886,"region: n >= 300, dates >= 60, points >= 3"
B4|single-model|gfs_global|precip|L4|region=islands|all|all|T64.5,A4|single-model|gfs_global|precip|L4|region=islands|all|all,B4,single-model,64.5,insufficient sample,1886,"region: n >= 300, dates >= 60, points >= 3"
B4|single-model|gfs_global|precip|L4|region=islands|monsoon|all|T115.6,A4|single-model|gfs_global|precip|L4|region=islands|monsoon|all,B4,single-model,115.6,insufficient sample,672,"region: n >= 300, dates >= 60, points >= 3"
B4|single-model|gfs_global|precip|L4|region=islands|monsoon|all|T35.6,A4|single-model|gfs_global|precip|L4|region=islands|monsoon|all,B4,single-model,35.6,insufficient sample,672,"region: n >= 300, dates >= 60, points >= 3"
B4|single-model|gfs_global|precip|L4|region=islands|monsoon|all|T64.5,A4|single-model|gfs_global|precip|L4|region=islands|monsoon|all,B4,single-model,64.5,insufficient sample,672,"region: n >= 300, dates >= 60, points >= 3"
B4|single-model|gfs_global|precip|L4|region=islands|post-monsoon|all|T115.6,A4|single-model|gfs_global|precip|L4|region=islands|post-monsoon|all,B4,single-model,115.6,insufficient sample,368,"region: n >= 300, dates >= 60, points >= 3"
B4|single-model|gfs_global|precip|L4|region=islands|post-monsoon|all|T35.6,A4|single-model|gfs_global|precip|L4|region=islands|post-monsoon|all,B4,single-model,35.6,insufficient sample,368,"region: n >= 300, dates >= 60, points >= 3"
B4|single-model|gfs_global|precip|L4|region=islands|post-monsoon|all|T64.5,A4|single-model|gfs_global|precip|L4|region=islands|post-monsoon|all,B4,single-model,64.5,insufficient sample,368,"region: n >= 300, dates >= 60, points >= 3"
B4|single-model|gfs_global|precip|L4|region=islands|pre-monsoon|all|T115.6,A4|single-model|gfs_global|precip|L4|region=islands|pre-monsoon|all,B4,single-model,115.6,insufficient sample,552,"region: n >= 300, dates >= 60, points >= 3"
B4|single-model|gfs_global|precip|L4|region=islands|pre-monsoon|all|T35.6,A4|single-model|gfs_global|precip|L4|region=islands|pre-monsoon|all,B4,single-model,35.6,insufficient sample,552,"region: n >= 300, dates >= 60, points >= 3"
B4|single-model|gfs_global|precip|L4|region=islands|pre-monsoon|all|T64.5,A4|single-model|gfs_global|precip|L4|region=islands|pre-monsoon|all,B4,single-model,64.5,insufficient sample,552,"region: n >= 300, dates >= 60, points >= 3"
B4|single-model|gfs_global|precip|L4|region=islands|winter|all|T115.6,A4|single-model|gfs_global|precip|L4|region=islands|winter|all,B4,single-model,115.6,insufficient sample,294,"region: n >= 300, dates >= 60, points >= 3"
B4|single-model|gfs_global|precip|L4|region=islands|winter|all|T35.6,A4|single-model|gfs_global|precip|L4|region=islands|winter|all,B4,single-model,35.6,insufficient sample,294,"region: n >= 300, dates >= 60, points >= 3"
B4|single-model|gfs_global|precip|L4|region=islands|winter|all|T64.5,A4|single-model|gfs_global|precip|L4|region=islands|winter|all,B4,single-model,64.5,insufficient sample,294,"region: n >= 300, dates >= 60, points >= 3"
B4|single-model|gfs_global|precip|L5|region=islands|all|all|T115.6,A4|single-model|gfs_global|precip|L5|region=islands|all|all,B4,single-model,115.6,insufficient sample,1886,"region: n >= 300, dates >= 60, points >= 3"
B4|single-model|gfs_global|precip|L5|region=islands|all|all|T35.6,A4|single-model|gfs_global|precip|L5|region=islands|all|all,B4,single-model,35.6,insufficient sample,1886,"region: n >= 300, dates >= 60, points >= 3"
B4|single-model|gfs_global|precip|L5|region=islands|all|all|T64.5,A4|single-model|gfs_global|precip|L5|region=islands|all|all,B4,single-model,64.5,insufficient sample,1886,"region: n >= 300, dates >= 60, points >= 3"
B4|single-model|gfs_global|precip|L5|region=islands|monsoon|all|T115.6,A4|single-model|gfs_global|precip|L5|region=islands|monsoon|all,B4,single-model,115.6,insufficient sample,672,"region: n >= 300, dates >= 60, points >= 3"
B4|single-model|gfs_global|precip|L5|region=islands|monsoon|all|T35.6,A4|single-model|gfs_global|precip|L5|region=islands|monsoon|all,B4,single-model,35.6,insufficient sample,672,"region: n >= 300, dates >= 60, points >= 3"
B4|single-model|gfs_global|precip|L5|region=islands|monsoon|all|T64.5,A4|single-model|gfs_global|precip|L5|region=islands|monsoon|all,B4,single-model,64.5,insufficient sample,672,"region: n >= 300, dates >= 60, points >= 3"
B4|single-model|gfs_global|precip|L5|region=islands|post-monsoon|all|T115.6,A4|single-model|gfs_global|precip|L5|region=islands|post-monsoon|all,B4,single-model,115.6,insufficient sample,368,"region: n >= 300, dates >= 60, points >= 3"
B4|single-model|gfs_global|precip|L5|region=islands|post-monsoon|all|T35.6,A4|single-model|gfs_global|precip|L5|region=islands|post-monsoon|all,B4,single-model,35.6,insufficient sample,368,"region: n >= 300, dates >= 60, points >= 3"
B4|single-model|gfs_global|precip|L5|region=islands|post-monsoon|all|T64.5,A4|single-model|gfs_global|precip|L5|region=islands|post-monsoon|all,B4,single-model,64.5,insufficient sample,368,"region: n >= 300, dates >= 60, points >= 3"
B4|single-model|gfs_global|precip|L5|region=islands|pre-monsoon|all|T115.6,A4|single-model|gfs_global|precip|L5|region=islands|pre-monsoon|all,B4,single-model,115.6,insufficient sample,552,"region: n >= 300, dates >= 60, points >= 3"
B4|single-model|gfs_global|precip|L5|region=islands|pre-monsoon|all|T35.6,A4|single-model|gfs_global|precip|L5|region=islands|pre-monsoon|all,B4,single-model,35.6,insufficient sample,552,"region: n >= 300, dates >= 60, points >= 3"
B4|single-model|gfs_global|precip|L5|region=islands|pre-monsoon|all|T64.5,A4|single-model|gfs_global|precip|L5|region=islands|pre-monsoon|all,B4,single-model,64.5,insufficient sample,552,"region: n >= 300, dates >= 60, points >= 3"
B4|single-model|gfs_global|precip|L5|region=islands|winter|all|T115.6,A4|single-model|gfs_global|precip|L5|region=islands|winter|all,B4,single-model,115.6,insufficient sample,294,"region: n >= 300, dates >= 60, points >= 3"
B4|single-model|gfs_global|precip|L5|region=islands|winter|all|T35.6,A4|single-model|gfs_global|precip|L5|region=islands|winter|all,B4,single-model,35.6,insufficient sample,294,"region: n >= 300, dates >= 60, points >= 3"
B4|single-model|gfs_global|precip|L5|region=islands|winter|all|T64.5,A4|single-model|gfs_global|precip|L5|region=islands|winter|all,B4,single-model,64.5,insufficient sample,294,"region: n >= 300, dates >= 60, points >= 3"
B4|single-model|gfs_global|precip|L6|region=islands|all|all|T115.6,A4|single-model|gfs_global|precip|L6|region=islands|all|all,B4,single-model,115.6,insufficient sample,1886,"region: n >= 300, dates >= 60, points >= 3"
B4|single-model|gfs_global|precip|L6|region=islands|all|all|T35.6,A4|single-model|gfs_global|precip|L6|region=islands|all|all,B4,single-model,35.6,insufficient sample,1886,"region: n >= 300, dates >= 60, points >= 3"
B4|single-model|gfs_global|precip|L6|region=islands|all|all|T64.5,A4|single-model|gfs_global|precip|L6|region=islands|all|all,B4,single-model,64.5,insufficient sample,1886,"region: n >= 300, dates >= 60, points >= 3"
B4|single-model|gfs_global|precip|L6|region=islands|monsoon|all|T115.6,A4|single-model|gfs_global|precip|L6|region=islands|monsoon|all,B4,single-model,115.6,insufficient sample,672,"region: n >= 300, dates >= 60, points >= 3"
B4|single-model|gfs_global|precip|L6|region=islands|monsoon|all|T35.6,A4|single-model|gfs_global|precip|L6|region=islands|monsoon|all,B4,single-model,35.6,insufficient sample,672,"region: n >= 300, dates >= 60, points >= 3"
B4|single-model|gfs_global|precip|L6|region=islands|monsoon|all|T64.5,A4|single-model|gfs_global|precip|L6|region=islands|monsoon|all,B4,single-model,64.5,insufficient sample,672,"region: n >= 300, dates >= 60, points >= 3"
B4|single-model|gfs_global|precip|L6|region=islands|post-monsoon|all|T115.6,A4|single-model|gfs_global|precip|L6|region=islands|post-monsoon|all,B4,single-model,115.6,insufficient sample,368,"region: n >= 300, dates >= 60, points >= 3"
B4|single-model|gfs_global|precip|L6|region=islands|post-monsoon|all|T35.6,A4|single-model|gfs_global|precip|L6|region=islands|post-monsoon|all,B4,single-model,35.6,insufficient sample,368,"region: n >= 300, dates >= 60, points >= 3"
B4|single-model|gfs_global|precip|L6|region=islands|post-monsoon|all|T64.5,A4|single-model|gfs_global|precip|L6|region=islands|post-monsoon|all,B4,single-model,64.5,insufficient sample,368,"region: n >= 300, dates >= 60, points >= 3"
B4|single-model|gfs_global|precip|L6|region=islands|pre-monsoon|all|T115.6,A4|single-model|gfs_global|precip|L6|region=islands|pre-monsoon|all,B4,single-model,115.6,insufficient sample,552,"region: n >= 300, dates >= 60, points >= 3"
B4|single-model|gfs_global|precip|L6|region=islands|pre-monsoon|all|T35.6,A4|single-model|gfs_global|precip|L6|region=islands|pre-monsoon|all,B4,single-model,35.6,insufficient sample,552,"region: n >= 300, dates >= 60, points >= 3"
B4|single-model|gfs_global|precip|L6|region=islands|pre-monsoon|all|T64.5,A4|single-model|gfs_global|precip|L6|region=islands|pre-monsoon|all,B4,single-model,64.5,insufficient sample,552,"region: n >= 300, dates >= 60, points >= 3"
B4|single-model|gfs_global|precip|L6|region=islands|winter|all|T115.6,A4|single-model|gfs_global|precip|L6|region=islands|winter|all,B4,single-model,115.6,insufficient sample,294,"region: n >= 300, dates >= 60, points >= 3"
B4|single-model|gfs_global|precip|L6|region=islands|winter|all|T35.6,A4|single-model|gfs_global|precip|L6|region=islands|winter|all,B4,single-model,35.6,insufficient sample,294,"region: n >= 300, dates >= 60, points >= 3"
B4|single-model|gfs_global|precip|L6|region=islands|winter|all|T64.5,A4|single-model|gfs_global|precip|L6|region=islands|winter|all,B4,single-model,64.5,insufficient sample,294,"region: n >= 300, dates >= 60, points >= 3"
B4|single-model|gfs_global|precip|L7|region=islands|all|all|T115.6,A4|single-model|gfs_global|precip|L7|region=islands|all|all,B4,single-model,115.6,insufficient sample,1886,"region: n >= 300, dates >= 60, points >= 3"
B4|single-model|gfs_global|precip|L7|region=islands|all|all|T35.6,A4|single-model|gfs_global|precip|L7|region=islands|all|all,B4,single-model,35.6,insufficient sample,1886,"region: n >= 300, dates >= 60, points >= 3"
B4|single-model|gfs_global|precip|L7|region=islands|all|all|T64.5,A4|single-model|gfs_global|precip|L7|region=islands|all|all,B4,single-model,64.5,insufficient sample,1886,"region: n >= 300, dates >= 60, points >= 3"
B4|single-model|gfs_global|precip|L7|region=islands|monsoon|all|T115.6,A4|single-model|gfs_global|precip|L7|region=islands|monsoon|all,B4,single-model,115.6,insufficient sample,672,"region: n >= 300, dates >= 60, points >= 3"
B4|single-model|gfs_global|precip|L7|region=islands|monsoon|all|T35.6,A4|single-model|gfs_global|precip|L7|region=islands|monsoon|all,B4,single-model,35.6,insufficient sample,672,"region: n >= 300, dates >= 60, points >= 3"
B4|single-model|gfs_global|precip|L7|region=islands|monsoon|all|T64.5,A4|single-model|gfs_global|precip|L7|region=islands|monsoon|all,B4,single-model,64.5,insufficient sample,672,"region: n >= 300, dates >= 60, points >= 3"
B4|single-model|gfs_global|precip|L7|region=islands|post-monsoon|all|T115.6,A4|single-model|gfs_global|precip|L7|region=islands|post-monsoon|all,B4,single-model,115.6,insufficient sample,368,"region: n >= 300, dates >= 60, points >= 3"
B4|single-model|gfs_global|precip|L7|region=islands|post-monsoon|all|T35.6,A4|single-model|gfs_global|precip|L7|region=islands|post-monsoon|all,B4,single-model,35.6,insufficient sample,368,"region: n >= 300, dates >= 60, points >= 3"
B4|single-model|gfs_global|precip|L7|region=islands|post-monsoon|all|T64.5,A4|single-model|gfs_global|precip|L7|region=islands|post-monsoon|all,B4,single-model,64.5,insufficient sample,368,"region: n >= 300, dates >= 60, points >= 3"
B4|single-model|gfs_global|precip|L7|region=islands|pre-monsoon|all|T115.6,A4|single-model|gfs_global|precip|L7|region=islands|pre-monsoon|all,B4,single-model,115.6,insufficient sample,552,"region: n >= 300, dates >= 60, points >= 3"
B4|single-model|gfs_global|precip|L7|region=islands|pre-monsoon|all|T35.6,A4|single-model|gfs_global|precip|L7|region=islands|pre-monsoon|all,B4,single-model,35.6,insufficient sample,552,"region: n >= 300, dates >= 60, points >= 3"
B4|single-model|gfs_global|precip|L7|region=islands|pre-monsoon|all|T64.5,A4|single-model|gfs_global|precip|L7|region=islands|pre-monsoon|all,B4,single-model,64.5,insufficient sample,552,"region: n >= 300, dates >= 60, points >= 3"
B4|single-model|gfs_global|precip|L7|region=islands|winter|all|T115.6,A4|single-model|gfs_global|precip|L7|region=islands|winter|all,B4,single-model,115.6,insufficient sample,294,"region: n >= 300, dates >= 60, points >= 3"
B4|single-model|gfs_global|precip|L7|region=islands|winter|all|T35.6,A4|single-model|gfs_global|precip|L7|region=islands|winter|all,B4,single-model,35.6,insufficient sample,294,"region: n >= 300, dates >= 60, points >= 3"
B4|single-model|gfs_global|precip|L7|region=islands|winter|all|T64.5,A4|single-model|gfs_global|precip|L7|region=islands|winter|all,B4,single-model,64.5,insufficient sample,294,"region: n >= 300, dates >= 60, points >= 3"
B4|single-model|icon_global|precip|L1|region=islands|all|all|T115.6,A4|single-model|icon_global|precip|L1|region=islands|all|all,B4,single-model,115.6,insufficient sample,1878,"region: n >= 300, dates >= 60, points >= 3"
B4|single-model|icon_global|precip|L1|region=islands|all|all|T35.6,A4|single-model|icon_global|precip|L1|region=islands|all|all,B4,single-model,35.6,insufficient sample,1878,"region: n >= 300, dates >= 60, points >= 3"
B4|single-model|icon_global|precip|L1|region=islands|all|all|T64.5,A4|single-model|icon_global|precip|L1|region=islands|all|all,B4,single-model,64.5,insufficient sample,1878,"region: n >= 300, dates >= 60, points >= 3"
B4|single-model|icon_global|precip|L1|region=islands|monsoon|all|T115.6,A4|single-model|icon_global|precip|L1|region=islands|monsoon|all,B4,single-model,115.6,insufficient sample,672,"region: n >= 300, dates >= 60, points >= 3"
B4|single-model|icon_global|precip|L1|region=islands|monsoon|all|T35.6,A4|single-model|icon_global|precip|L1|region=islands|monsoon|all,B4,single-model,35.6,insufficient sample,672,"region: n >= 300, dates >= 60, points >= 3"
B4|single-model|icon_global|precip|L1|region=islands|monsoon|all|T64.5,A4|single-model|icon_global|precip|L1|region=islands|monsoon|all,B4,single-model,64.5,insufficient sample,672,"region: n >= 300, dates >= 60, points >= 3"
B4|single-model|icon_global|precip|L1|region=islands|post-monsoon|all|T115.6,A4|single-model|icon_global|precip|L1|region=islands|post-monsoon|all,B4,single-model,115.6,insufficient sample,368,"region: n >= 300, dates >= 60, points >= 3"
B4|single-model|icon_global|precip|L1|region=islands|post-monsoon|all|T35.6,A4|single-model|icon_global|precip|L1|region=islands|post-monsoon|all,B4,single-model,35.6,insufficient sample,368,"region: n >= 300, dates >= 60, points >= 3"
B4|single-model|icon_global|precip|L1|region=islands|post-monsoon|all|T64.5,A4|single-model|icon_global|precip|L1|region=islands|post-monsoon|all,B4,single-model,64.5,insufficient sample,368,"region: n >= 300, dates >= 60, points >= 3"
B4|single-model|icon_global|precip|L1|region=islands|pre-monsoon|all|T115.6,A4|single-model|icon_global|precip|L1|region=islands|pre-monsoon|all,B4,single-model,115.6,insufficient sample,544,"region: n >= 300, dates >= 60, points >= 3"
B4|single-model|icon_global|precip|L1|region=islands|pre-monsoon|all|T35.6,A4|single-model|icon_global|precip|L1|region=islands|pre-monsoon|all,B4,single-model,35.6,insufficient sample,544,"region: n >= 300, dates >= 60, points >= 3"
B4|single-model|icon_global|precip|L1|region=islands|pre-monsoon|all|T64.5,A4|single-model|icon_global|precip|L1|region=islands|pre-monsoon|all,B4,single-model,64.5,insufficient sample,544,"region: n >= 300, dates >= 60, points >= 3"
B4|single-model|icon_global|precip|L1|region=islands|winter|all|T115.6,A4|single-model|icon_global|precip|L1|region=islands|winter|all,B4,single-model,115.6,insufficient sample,294,"region: n >= 300, dates >= 60, points >= 3"
B4|single-model|icon_global|precip|L1|region=islands|winter|all|T35.6,A4|single-model|icon_global|precip|L1|region=islands|winter|all,B4,single-model,35.6,insufficient sample,294,"region: n >= 300, dates >= 60, points >= 3"
B4|single-model|icon_global|precip|L1|region=islands|winter|all|T64.5,A4|single-model|icon_global|precip|L1|region=islands|winter|all,B4,single-model,64.5,insufficient sample,294,"region: n >= 300, dates >= 60, points >= 3"
B4|single-model|icon_global|precip|L2|region=islands|all|all|T115.6,A4|single-model|icon_global|precip|L2|region=islands|all|all,B4,single-model,115.6,insufficient sample,1878,"region: n >= 300, dates >= 60, points >= 3"
B4|single-model|icon_global|precip|L2|region=islands|all|all|T35.6,A4|single-model|icon_global|precip|L2|region=islands|all|all,B4,single-model,35.6,insufficient sample,1878,"region: n >= 300, dates >= 60, points >= 3"
B4|single-model|icon_global|precip|L2|region=islands|all|all|T64.5,A4|single-model|icon_global|precip|L2|region=islands|all|all,B4,single-model,64.5,insufficient sample,1878,"region: n >= 300, dates >= 60, points >= 3"
B4|single-model|icon_global|precip|L2|region=islands|monsoon|all|T115.6,A4|single-model|icon_global|precip|L2|region=islands|monsoon|all,B4,single-model,115.6,insufficient sample,672,"region: n >= 300, dates >= 60, points >= 3"
B4|single-model|icon_global|precip|L2|region=islands|monsoon|all|T35.6,A4|single-model|icon_global|precip|L2|region=islands|monsoon|all,B4,single-model,35.6,insufficient sample,672,"region: n >= 300, dates >= 60, points >= 3"
B4|single-model|icon_global|precip|L2|region=islands|monsoon|all|T64.5,A4|single-model|icon_global|precip|L2|region=islands|monsoon|all,B4,single-model,64.5,insufficient sample,672,"region: n >= 300, dates >= 60, points >= 3"
B4|single-model|icon_global|precip|L2|region=islands|post-monsoon|all|T115.6,A4|single-model|icon_global|precip|L2|region=islands|post-monsoon|all,B4,single-model,115.6,insufficient sample,368,"region: n >= 300, dates >= 60, points >= 3"
B4|single-model|icon_global|precip|L2|region=islands|post-monsoon|all|T35.6,A4|single-model|icon_global|precip|L2|region=islands|post-monsoon|all,B4,single-model,35.6,insufficient sample,368,"region: n >= 300, dates >= 60, points >= 3"
B4|single-model|icon_global|precip|L2|region=islands|post-monsoon|all|T64.5,A4|single-model|icon_global|precip|L2|region=islands|post-monsoon|all,B4,single-model,64.5,insufficient sample,368,"region: n >= 300, dates >= 60, points >= 3"
B4|single-model|icon_global|precip|L2|region=islands|pre-monsoon|all|T115.6,A4|single-model|icon_global|precip|L2|region=islands|pre-monsoon|all,B4,single-model,115.6,insufficient sample,544,"region: n >= 300, dates >= 60, points >= 3"
B4|single-model|icon_global|precip|L2|region=islands|pre-monsoon|all|T35.6,A4|single-model|icon_global|precip|L2|region=islands|pre-monsoon|all,B4,single-model,35.6,insufficient sample,544,"region: n >= 300, dates >= 60, points >= 3"
B4|single-model|icon_global|precip|L2|region=islands|pre-monsoon|all|T64.5,A4|single-model|icon_global|precip|L2|region=islands|pre-monsoon|all,B4,single-model,64.5,insufficient sample,544,"region: n >= 300, dates >= 60, points >= 3"
B4|single-model|icon_global|precip|L2|region=islands|winter|all|T115.6,A4|single-model|icon_global|precip|L2|region=islands|winter|all,B4,single-model,115.6,insufficient sample,294,"region: n >= 300, dates >= 60, points >= 3"
B4|single-model|icon_global|precip|L2|region=islands|winter|all|T35.6,A4|single-model|icon_global|precip|L2|region=islands|winter|all,B4,single-model,35.6,insufficient sample,294,"region: n >= 300, dates >= 60, points >= 3"
B4|single-model|icon_global|precip|L2|region=islands|winter|all|T64.5,A4|single-model|icon_global|precip|L2|region=islands|winter|all,B4,single-model,64.5,insufficient sample,294,"region: n >= 300, dates >= 60, points >= 3"
B4|single-model|icon_global|precip|L3|region=islands|all|all|T115.6,A4|single-model|icon_global|precip|L3|region=islands|all|all,B4,single-model,115.6,insufficient sample,1886,"region: n >= 300, dates >= 60, points >= 3"
B4|single-model|icon_global|precip|L3|region=islands|all|all|T35.6,A4|single-model|icon_global|precip|L3|region=islands|all|all,B4,single-model,35.6,insufficient sample,1886,"region: n >= 300, dates >= 60, points >= 3"
B4|single-model|icon_global|precip|L3|region=islands|all|all|T64.5,A4|single-model|icon_global|precip|L3|region=islands|all|all,B4,single-model,64.5,insufficient sample,1886,"region: n >= 300, dates >= 60, points >= 3"
B4|single-model|icon_global|precip|L3|region=islands|monsoon|all|T115.6,A4|single-model|icon_global|precip|L3|region=islands|monsoon|all,B4,single-model,115.6,insufficient sample,672,"region: n >= 300, dates >= 60, points >= 3"
B4|single-model|icon_global|precip|L3|region=islands|monsoon|all|T35.6,A4|single-model|icon_global|precip|L3|region=islands|monsoon|all,B4,single-model,35.6,insufficient sample,672,"region: n >= 300, dates >= 60, points >= 3"
B4|single-model|icon_global|precip|L3|region=islands|monsoon|all|T64.5,A4|single-model|icon_global|precip|L3|region=islands|monsoon|all,B4,single-model,64.5,insufficient sample,672,"region: n >= 300, dates >= 60, points >= 3"
B4|single-model|icon_global|precip|L3|region=islands|post-monsoon|all|T115.6,A4|single-model|icon_global|precip|L3|region=islands|post-monsoon|all,B4,single-model,115.6,insufficient sample,368,"region: n >= 300, dates >= 60, points >= 3"
B4|single-model|icon_global|precip|L3|region=islands|post-monsoon|all|T35.6,A4|single-model|icon_global|precip|L3|region=islands|post-monsoon|all,B4,single-model,35.6,insufficient sample,368,"region: n >= 300, dates >= 60, points >= 3"
B4|single-model|icon_global|precip|L3|region=islands|post-monsoon|all|T64.5,A4|single-model|icon_global|precip|L3|region=islands|post-monsoon|all,B4,single-model,64.5,insufficient sample,368,"region: n >= 300, dates >= 60, points >= 3"
B4|single-model|icon_global|precip|L3|region=islands|pre-monsoon|all|T115.6,A4|single-model|icon_global|precip|L3|region=islands|pre-monsoon|all,B4,single-model,115.6,insufficient sample,552,"region: n >= 300, dates >= 60, points >= 3"
B4|single-model|icon_global|precip|L3|region=islands|pre-monsoon|all|T35.6,A4|single-model|icon_global|precip|L3|region=islands|pre-monsoon|all,B4,single-model,35.6,insufficient sample,552,"region: n >= 300, dates >= 60, points >= 3"
B4|single-model|icon_global|precip|L3|region=islands|pre-monsoon|all|T64.5,A4|single-model|icon_global|precip|L3|region=islands|pre-monsoon|all,B4,single-model,64.5,insufficient sample,552,"region: n >= 300, dates >= 60, points >= 3"
B4|single-model|icon_global|precip|L3|region=islands|winter|all|T115.6,A4|single-model|icon_global|precip|L3|region=islands|winter|all,B4,single-model,115.6,insufficient sample,294,"region: n >= 300, dates >= 60, points >= 3"
B4|single-model|icon_global|precip|L3|region=islands|winter|all|T35.6,A4|single-model|icon_global|precip|L3|region=islands|winter|all,B4,single-model,35.6,insufficient sample,294,"region: n >= 300, dates >= 60, points >= 3"
B4|single-model|icon_global|precip|L3|region=islands|winter|all|T64.5,A4|single-model|icon_global|precip|L3|region=islands|winter|all,B4,single-model,64.5,insufficient sample,294,"region: n >= 300, dates >= 60, points >= 3"
B4|single-model|icon_global|precip|L4|region=islands|all|all|T115.6,A4|single-model|icon_global|precip|L4|region=islands|all|all,B4,single-model,115.6,insufficient sample,1886,"region: n >= 300, dates >= 60, points >= 3"
B4|single-model|icon_global|precip|L4|region=islands|all|all|T35.6,A4|single-model|icon_global|precip|L4|region=islands|all|all,B4,single-model,35.6,insufficient sample,1886,"region: n >= 300, dates >= 60, points >= 3"
B4|single-model|icon_global|precip|L4|region=islands|all|all|T64.5,A4|single-model|icon_global|precip|L4|region=islands|all|all,B4,single-model,64.5,insufficient sample,1886,"region: n >= 300, dates >= 60, points >= 3"
B4|single-model|icon_global|precip|L4|region=islands|monsoon|all|T115.6,A4|single-model|icon_global|precip|L4|region=islands|monsoon|all,B4,single-model,115.6,insufficient sample,672,"region: n >= 300, dates >= 60, points >= 3"
B4|single-model|icon_global|precip|L4|region=islands|monsoon|all|T35.6,A4|single-model|icon_global|precip|L4|region=islands|monsoon|all,B4,single-model,35.6,insufficient sample,672,"region: n >= 300, dates >= 60, points >= 3"
B4|single-model|icon_global|precip|L4|region=islands|monsoon|all|T64.5,A4|single-model|icon_global|precip|L4|region=islands|monsoon|all,B4,single-model,64.5,insufficient sample,672,"region: n >= 300, dates >= 60, points >= 3"
B4|single-model|icon_global|precip|L4|region=islands|post-monsoon|all|T115.6,A4|single-model|icon_global|precip|L4|region=islands|post-monsoon|all,B4,single-model,115.6,insufficient sample,368,"region: n >= 300, dates >= 60, points >= 3"
B4|single-model|icon_global|precip|L4|region=islands|post-monsoon|all|T35.6,A4|single-model|icon_global|precip|L4|region=islands|post-monsoon|all,B4,single-model,35.6,insufficient sample,368,"region: n >= 300, dates >= 60, points >= 3"
B4|single-model|icon_global|precip|L4|region=islands|post-monsoon|all|T64.5,A4|single-model|icon_global|precip|L4|region=islands|post-monsoon|all,B4,single-model,64.5,insufficient sample,368,"region: n >= 300, dates >= 60, points >= 3"
B4|single-model|icon_global|precip|L4|region=islands|pre-monsoon|all|T115.6,A4|single-model|icon_global|precip|L4|region=islands|pre-monsoon|all,B4,single-model,115.6,insufficient sample,552,"region: n >= 300, dates >= 60, points >= 3"
B4|single-model|icon_global|precip|L4|region=islands|pre-monsoon|all|T35.6,A4|single-model|icon_global|precip|L4|region=islands|pre-monsoon|all,B4,single-model,35.6,insufficient sample,552,"region: n >= 300, dates >= 60, points >= 3"
B4|single-model|icon_global|precip|L4|region=islands|pre-monsoon|all|T64.5,A4|single-model|icon_global|precip|L4|region=islands|pre-monsoon|all,B4,single-model,64.5,insufficient sample,552,"region: n >= 300, dates >= 60, points >= 3"
B4|single-model|icon_global|precip|L4|region=islands|winter|all|T115.6,A4|single-model|icon_global|precip|L4|region=islands|winter|all,B4,single-model,115.6,insufficient sample,294,"region: n >= 300, dates >= 60, points >= 3"
B4|single-model|icon_global|precip|L4|region=islands|winter|all|T35.6,A4|single-model|icon_global|precip|L4|region=islands|winter|all,B4,single-model,35.6,insufficient sample,294,"region: n >= 300, dates >= 60, points >= 3"
B4|single-model|icon_global|precip|L4|region=islands|winter|all|T64.5,A4|single-model|icon_global|precip|L4|region=islands|winter|all,B4,single-model,64.5,insufficient sample,294,"region: n >= 300, dates >= 60, points >= 3"
B4|single-model|icon_global|precip|L5|region=islands|all|all|T115.6,A4|single-model|icon_global|precip|L5|region=islands|all|all,B4,single-model,115.6,insufficient sample,1886,"region: n >= 300, dates >= 60, points >= 3"
B4|single-model|icon_global|precip|L5|region=islands|all|all|T35.6,A4|single-model|icon_global|precip|L5|region=islands|all|all,B4,single-model,35.6,insufficient sample,1886,"region: n >= 300, dates >= 60, points >= 3"
B4|single-model|icon_global|precip|L5|region=islands|all|all|T64.5,A4|single-model|icon_global|precip|L5|region=islands|all|all,B4,single-model,64.5,insufficient sample,1886,"region: n >= 300, dates >= 60, points >= 3"
B4|single-model|icon_global|precip|L5|region=islands|monsoon|all|T115.6,A4|single-model|icon_global|precip|L5|region=islands|monsoon|all,B4,single-model,115.6,insufficient sample,672,"region: n >= 300, dates >= 60, points >= 3"
B4|single-model|icon_global|precip|L5|region=islands|monsoon|all|T35.6,A4|single-model|icon_global|precip|L5|region=islands|monsoon|all,B4,single-model,35.6,insufficient sample,672,"region: n >= 300, dates >= 60, points >= 3"
B4|single-model|icon_global|precip|L5|region=islands|monsoon|all|T64.5,A4|single-model|icon_global|precip|L5|region=islands|monsoon|all,B4,single-model,64.5,insufficient sample,672,"region: n >= 300, dates >= 60, points >= 3"
B4|single-model|icon_global|precip|L5|region=islands|post-monsoon|all|T115.6,A4|single-model|icon_global|precip|L5|region=islands|post-monsoon|all,B4,single-model,115.6,insufficient sample,368,"region: n >= 300, dates >= 60, points >= 3"
B4|single-model|icon_global|precip|L5|region=islands|post-monsoon|all|T35.6,A4|single-model|icon_global|precip|L5|region=islands|post-monsoon|all,B4,single-model,35.6,insufficient sample,368,"region: n >= 300, dates >= 60, points >= 3"
B4|single-model|icon_global|precip|L5|region=islands|post-monsoon|all|T64.5,A4|single-model|icon_global|precip|L5|region=islands|post-monsoon|all,B4,single-model,64.5,insufficient sample,368,"region: n >= 300, dates >= 60, points >= 3"
B4|single-model|icon_global|precip|L5|region=islands|pre-monsoon|all|T115.6,A4|single-model|icon_global|precip|L5|region=islands|pre-monsoon|all,B4,single-model,115.6,insufficient sample,552,"region: n >= 300, dates >= 60, points >= 3"
B4|single-model|icon_global|precip|L5|region=islands|pre-monsoon|all|T35.6,A4|single-model|icon_global|precip|L5|region=islands|pre-monsoon|all,B4,single-model,35.6,insufficient sample,552,"region: n >= 300, dates >= 60, points >= 3"
B4|single-model|icon_global|precip|L5|region=islands|pre-monsoon|all|T64.5,A4|single-model|icon_global|precip|L5|region=islands|pre-monsoon|all,B4,single-model,64.5,insufficient sample,552,"region: n >= 300, dates >= 60, points >= 3"
B4|single-model|icon_global|precip|L5|region=islands|winter|all|T115.6,A4|single-model|icon_global|precip|L5|region=islands|winter|all,B4,single-model,115.6,insufficient sample,294,"region: n >= 300, dates >= 60, points >= 3"
B4|single-model|icon_global|precip|L5|region=islands|winter|all|T35.6,A4|single-model|icon_global|precip|L5|region=islands|winter|all,B4,single-model,35.6,insufficient sample,294,"region: n >= 300, dates >= 60, points >= 3"
B4|single-model|icon_global|precip|L5|region=islands|winter|all|T64.5,A4|single-model|icon_global|precip|L5|region=islands|winter|all,B4,single-model,64.5,insufficient sample,294,"region: n >= 300, dates >= 60, points >= 3"
B4|single-model|icon_global|precip|L6|region=islands|all|all|T115.6,A4|single-model|icon_global|precip|L6|region=islands|all|all,B4,single-model,115.6,insufficient sample,1878,"region: n >= 300, dates >= 60, points >= 3"
B4|single-model|icon_global|precip|L6|region=islands|all|all|T35.6,A4|single-model|icon_global|precip|L6|region=islands|all|all,B4,single-model,35.6,insufficient sample,1878,"region: n >= 300, dates >= 60, points >= 3"
B4|single-model|icon_global|precip|L6|region=islands|all|all|T64.5,A4|single-model|icon_global|precip|L6|region=islands|all|all,B4,single-model,64.5,insufficient sample,1878,"region: n >= 300, dates >= 60, points >= 3"
B4|single-model|icon_global|precip|L6|region=islands|monsoon|all|T115.6,A4|single-model|icon_global|precip|L6|region=islands|monsoon|all,B4,single-model,115.6,insufficient sample,672,"region: n >= 300, dates >= 60, points >= 3"
B4|single-model|icon_global|precip|L6|region=islands|monsoon|all|T35.6,A4|single-model|icon_global|precip|L6|region=islands|monsoon|all,B4,single-model,35.6,insufficient sample,672,"region: n >= 300, dates >= 60, points >= 3"
B4|single-model|icon_global|precip|L6|region=islands|monsoon|all|T64.5,A4|single-model|icon_global|precip|L6|region=islands|monsoon|all,B4,single-model,64.5,insufficient sample,672,"region: n >= 300, dates >= 60, points >= 3"
B4|single-model|icon_global|precip|L6|region=islands|post-monsoon|all|T115.6,A4|single-model|icon_global|precip|L6|region=islands|post-monsoon|all,B4,single-model,115.6,insufficient sample,368,"region: n >= 300, dates >= 60, points >= 3"
B4|single-model|icon_global|precip|L6|region=islands|post-monsoon|all|T35.6,A4|single-model|icon_global|precip|L6|region=islands|post-monsoon|all,B4,single-model,35.6,insufficient sample,368,"region: n >= 300, dates >= 60, points >= 3"
B4|single-model|icon_global|precip|L6|region=islands|post-monsoon|all|T64.5,A4|single-model|icon_global|precip|L6|region=islands|post-monsoon|all,B4,single-model,64.5,insufficient sample,368,"region: n >= 300, dates >= 60, points >= 3"
B4|single-model|icon_global|precip|L6|region=islands|pre-monsoon|all|T115.6,A4|single-model|icon_global|precip|L6|region=islands|pre-monsoon|all,B4,single-model,115.6,insufficient sample,544,"region: n >= 300, dates >= 60, points >= 3"
B4|single-model|icon_global|precip|L6|region=islands|pre-monsoon|all|T35.6,A4|single-model|icon_global|precip|L6|region=islands|pre-monsoon|all,B4,single-model,35.6,insufficient sample,544,"region: n >= 300, dates >= 60, points >= 3"
B4|single-model|icon_global|precip|L6|region=islands|pre-monsoon|all|T64.5,A4|single-model|icon_global|precip|L6|region=islands|pre-monsoon|all,B4,single-model,64.5,insufficient sample,544,"region: n >= 300, dates >= 60, points >= 3"
B4|single-model|icon_global|precip|L6|region=islands|winter|all|T115.6,A4|single-model|icon_global|precip|L6|region=islands|winter|all,B4,single-model,115.6,insufficient sample,294,"region: n >= 300, dates >= 60, points >= 3"
B4|single-model|icon_global|precip|L6|region=islands|winter|all|T35.6,A4|single-model|icon_global|precip|L6|region=islands|winter|all,B4,single-model,35.6,insufficient sample,294,"region: n >= 300, dates >= 60, points >= 3"
B4|single-model|icon_global|precip|L6|region=islands|winter|all|T64.5,A4|single-model|icon_global|precip|L6|region=islands|winter|all,B4,single-model,64.5,insufficient sample,294,"region: n >= 300, dates >= 60, points >= 3"
B4|single-model|icon_global|precip|L7|high_altitude=<1000m|all|all|T115.6,A4|single-model|icon_global|precip|L7|high_altitude=<1000m|all|all,B4,single-model,115.6,insufficient sample,0,"high_altitude: n >= 300, dates >= 60, points >= 3"
B4|single-model|icon_global|precip|L7|high_altitude=<1000m|all|all|T35.6,A4|single-model|icon_global|precip|L7|high_altitude=<1000m|all|all,B4,single-model,35.6,insufficient sample,0,"high_altitude: n >= 300, dates >= 60, points >= 3"
B4|single-model|icon_global|precip|L7|high_altitude=<1000m|all|all|T64.5,A4|single-model|icon_global|precip|L7|high_altitude=<1000m|all|all,B4,single-model,64.5,insufficient sample,0,"high_altitude: n >= 300, dates >= 60, points >= 3"
B4|single-model|icon_global|precip|L7|high_altitude=<1000m|monsoon|all|T115.6,A4|single-model|icon_global|precip|L7|high_altitude=<1000m|monsoon|all,B4,single-model,115.6,insufficient sample,0,"high_altitude: n >= 300, dates >= 60, points >= 3"
B4|single-model|icon_global|precip|L7|high_altitude=<1000m|monsoon|all|T35.6,A4|single-model|icon_global|precip|L7|high_altitude=<1000m|monsoon|all,B4,single-model,35.6,insufficient sample,0,"high_altitude: n >= 300, dates >= 60, points >= 3"
B4|single-model|icon_global|precip|L7|high_altitude=<1000m|monsoon|all|T64.5,A4|single-model|icon_global|precip|L7|high_altitude=<1000m|monsoon|all,B4,single-model,64.5,insufficient sample,0,"high_altitude: n >= 300, dates >= 60, points >= 3"
B4|single-model|icon_global|precip|L7|high_altitude=<1000m|post-monsoon|all|T115.6,A4|single-model|icon_global|precip|L7|high_altitude=<1000m|post-monsoon|all,B4,single-model,115.6,insufficient sample,0,"high_altitude: n >= 300, dates >= 60, points >= 3"
B4|single-model|icon_global|precip|L7|high_altitude=<1000m|post-monsoon|all|T35.6,A4|single-model|icon_global|precip|L7|high_altitude=<1000m|post-monsoon|all,B4,single-model,35.6,insufficient sample,0,"high_altitude: n >= 300, dates >= 60, points >= 3"
B4|single-model|icon_global|precip|L7|high_altitude=<1000m|post-monsoon|all|T64.5,A4|single-model|icon_global|precip|L7|high_altitude=<1000m|post-monsoon|all,B4,single-model,64.5,insufficient sample,0,"high_altitude: n >= 300, dates >= 60, points >= 3"
B4|single-model|icon_global|precip|L7|high_altitude=<1000m|pre-monsoon|all|T115.6,A4|single-model|icon_global|precip|L7|high_altitude=<1000m|pre-monsoon|all,B4,single-model,115.6,insufficient sample,0,"high_altitude: n >= 300, dates >= 60, points >= 3"
B4|single-model|icon_global|precip|L7|high_altitude=<1000m|pre-monsoon|all|T35.6,A4|single-model|icon_global|precip|L7|high_altitude=<1000m|pre-monsoon|all,B4,single-model,35.6,insufficient sample,0,"high_altitude: n >= 300, dates >= 60, points >= 3"
B4|single-model|icon_global|precip|L7|high_altitude=<1000m|pre-monsoon|all|T64.5,A4|single-model|icon_global|precip|L7|high_altitude=<1000m|pre-monsoon|all,B4,single-model,64.5,insufficient sample,0,"high_altitude: n >= 300, dates >= 60, points >= 3"
B4|single-model|icon_global|precip|L7|high_altitude=<1000m|winter|all|T115.6,A4|single-model|icon_global|precip|L7|high_altitude=<1000m|winter|all,B4,single-model,115.6,insufficient sample,0,"high_altitude: n >= 300, dates >= 60, points >= 3"
B4|single-model|icon_global|precip|L7|high_altitude=<1000m|winter|all|T35.6,A4|single-model|icon_global|precip|L7|high_altitude=<1000m|winter|all,B4,single-model,35.6,insufficient sample,0,"high_altitude: n >= 300, dates >= 60, points >= 3"
B4|single-model|icon_global|precip|L7|high_altitude=<1000m|winter|all|T64.5,A4|single-model|icon_global|precip|L7|high_altitude=<1000m|winter|all,B4,single-model,64.5,insufficient sample,0,"high_altitude: n >= 300, dates >= 60, points >= 3"
B4|single-model|icon_global|precip|L7|high_altitude=>=1000m|all|all|T115.6,A4|single-model|icon_global|precip|L7|high_altitude=>=1000m|all|all,B4,single-model,115.6,insufficient sample,0,"high_altitude: n >= 300, dates >= 60, points >= 3"
B4|single-model|icon_global|precip|L7|high_altitude=>=1000m|all|all|T35.6,A4|single-model|icon_global|precip|L7|high_altitude=>=1000m|all|all,B4,single-model,35.6,insufficient sample,0,"high_altitude: n >= 300, dates >= 60, points >= 3"
B4|single-model|icon_global|precip|L7|high_altitude=>=1000m|all|all|T64.5,A4|single-model|icon_global|precip|L7|high_altitude=>=1000m|all|all,B4,single-model,64.5,insufficient sample,0,"high_altitude: n >= 300, dates >= 60, points >= 3"
B4|single-model|icon_global|precip|L7|high_altitude=>=1000m|monsoon|all|T115.6,A4|single-model|icon_global|precip|L7|high_altitude=>=1000m|monsoon|all,B4,single-model,115.6,insufficient sample,0,"high_altitude: n >= 300, dates >= 60, points >= 3"
B4|single-model|icon_global|precip|L7|high_altitude=>=1000m|monsoon|all|T35.6,A4|single-model|icon_global|precip|L7|high_altitude=>=1000m|monsoon|all,B4,single-model,35.6,insufficient sample,0,"high_altitude: n >= 300, dates >= 60, points >= 3"
B4|single-model|icon_global|precip|L7|high_altitude=>=1000m|monsoon|all|T64.5,A4|single-model|icon_global|precip|L7|high_altitude=>=1000m|monsoon|all,B4,single-model,64.5,insufficient sample,0,"high_altitude: n >= 300, dates >= 60, points >= 3"
B4|single-model|icon_global|precip|L7|high_altitude=>=1000m|post-monsoon|all|T115.6,A4|single-model|icon_global|precip|L7|high_altitude=>=1000m|post-monsoon|all,B4,single-model,115.6,insufficient sample,0,"high_altitude: n >= 300, dates >= 60, points >= 3"
B4|single-model|icon_global|precip|L7|high_altitude=>=1000m|post-monsoon|all|T35.6,A4|single-model|icon_global|precip|L7|high_altitude=>=1000m|post-monsoon|all,B4,single-model,35.6,insufficient sample,0,"high_altitude: n >= 300, dates >= 60, points >= 3"
B4|single-model|icon_global|precip|L7|high_altitude=>=1000m|post-monsoon|all|T64.5,A4|single-model|icon_global|precip|L7|high_altitude=>=1000m|post-monsoon|all,B4,single-model,64.5,insufficient sample,0,"high_altitude: n >= 300, dates >= 60, points >= 3"
B4|single-model|icon_global|precip|L7|high_altitude=>=1000m|pre-monsoon|all|T115.6,A4|single-model|icon_global|precip|L7|high_altitude=>=1000m|pre-monsoon|all,B4,single-model,115.6,insufficient sample,0,"high_altitude: n >= 300, dates >= 60, points >= 3"
B4|single-model|icon_global|precip|L7|high_altitude=>=1000m|pre-monsoon|all|T35.6,A4|single-model|icon_global|precip|L7|high_altitude=>=1000m|pre-monsoon|all,B4,single-model,35.6,insufficient sample,0,"high_altitude: n >= 300, dates >= 60, points >= 3"
B4|single-model|icon_global|precip|L7|high_altitude=>=1000m|pre-monsoon|all|T64.5,A4|single-model|icon_global|precip|L7|high_altitude=>=1000m|pre-monsoon|all,B4,single-model,64.5,insufficient sample,0,"high_altitude: n >= 300, dates >= 60, points >= 3"
B4|single-model|icon_global|precip|L7|high_altitude=>=1000m|winter|all|T115.6,A4|single-model|icon_global|precip|L7|high_altitude=>=1000m|winter|all,B4,single-model,115.6,insufficient sample,0,"high_altitude: n >= 300, dates >= 60, points >= 3"
B4|single-model|icon_global|precip|L7|high_altitude=>=1000m|winter|all|T35.6,A4|single-model|icon_global|precip|L7|high_altitude=>=1000m|winter|all,B4,single-model,35.6,insufficient sample,0,"high_altitude: n >= 300, dates >= 60, points >= 3"
B4|single-model|icon_global|precip|L7|high_altitude=>=1000m|winter|all|T64.5,A4|single-model|icon_global|precip|L7|high_altitude=>=1000m|winter|all,B4,single-model,64.5,insufficient sample,0,"high_altitude: n >= 300, dates >= 60, points >= 3"
B4|single-model|icon_global|precip|L7|pooled=all-points|all|all|T115.6,A4|single-model|icon_global|precip|L7|pooled=all-points|all|all,B4,single-model,115.6,insufficient sample,0,"pooled: n >= 300, dates >= 60, points >= 10"
B4|single-model|icon_global|precip|L7|pooled=all-points|all|all|T35.6,A4|single-model|icon_global|precip|L7|pooled=all-points|all|all,B4,single-model,35.6,insufficient sample,0,"pooled: n >= 300, dates >= 60, points >= 10"
B4|single-model|icon_global|precip|L7|pooled=all-points|all|all|T64.5,A4|single-model|icon_global|precip|L7|pooled=all-points|all|all,B4,single-model,64.5,insufficient sample,0,"pooled: n >= 300, dates >= 60, points >= 10"
B4|single-model|icon_global|precip|L7|pooled=all-points|monsoon|all|T115.6,A4|single-model|icon_global|precip|L7|pooled=all-points|monsoon|all,B4,single-model,115.6,insufficient sample,0,"season: n >= 300, dates >= 60, points >= 10"
B4|single-model|icon_global|precip|L7|pooled=all-points|monsoon|all|T35.6,A4|single-model|icon_global|precip|L7|pooled=all-points|monsoon|all,B4,single-model,35.6,insufficient sample,0,"season: n >= 300, dates >= 60, points >= 10"
B4|single-model|icon_global|precip|L7|pooled=all-points|monsoon|all|T64.5,A4|single-model|icon_global|precip|L7|pooled=all-points|monsoon|all,B4,single-model,64.5,insufficient sample,0,"season: n >= 300, dates >= 60, points >= 10"
B4|single-model|icon_global|precip|L7|pooled=all-points|post-monsoon|all|T115.6,A4|single-model|icon_global|precip|L7|pooled=all-points|post-monsoon|all,B4,single-model,115.6,insufficient sample,0,"season: n >= 300, dates >= 60, points >= 10"
B4|single-model|icon_global|precip|L7|pooled=all-points|post-monsoon|all|T35.6,A4|single-model|icon_global|precip|L7|pooled=all-points|post-monsoon|all,B4,single-model,35.6,insufficient sample,0,"season: n >= 300, dates >= 60, points >= 10"
B4|single-model|icon_global|precip|L7|pooled=all-points|post-monsoon|all|T64.5,A4|single-model|icon_global|precip|L7|pooled=all-points|post-monsoon|all,B4,single-model,64.5,insufficient sample,0,"season: n >= 300, dates >= 60, points >= 10"
B4|single-model|icon_global|precip|L7|pooled=all-points|pre-monsoon|all|T115.6,A4|single-model|icon_global|precip|L7|pooled=all-points|pre-monsoon|all,B4,single-model,115.6,insufficient sample,0,"season: n >= 300, dates >= 60, points >= 10"
B4|single-model|icon_global|precip|L7|pooled=all-points|pre-monsoon|all|T35.6,A4|single-model|icon_global|precip|L7|pooled=all-points|pre-monsoon|all,B4,single-model,35.6,insufficient sample,0,"season: n >= 300, dates >= 60, points >= 10"
B4|single-model|icon_global|precip|L7|pooled=all-points|pre-monsoon|all|T64.5,A4|single-model|icon_global|precip|L7|pooled=all-points|pre-monsoon|all,B4,single-model,64.5,insufficient sample,0,"season: n >= 300, dates >= 60, points >= 10"
B4|single-model|icon_global|precip|L7|pooled=all-points|winter|all|T115.6,A4|single-model|icon_global|precip|L7|pooled=all-points|winter|all,B4,single-model,115.6,insufficient sample,0,"season: n >= 300, dates >= 60, points >= 10"
B4|single-model|icon_global|precip|L7|pooled=all-points|winter|all|T35.6,A4|single-model|icon_global|precip|L7|pooled=all-points|winter|all,B4,single-model,35.6,insufficient sample,0,"season: n >= 300, dates >= 60, points >= 10"
B4|single-model|icon_global|precip|L7|pooled=all-points|winter|all|T64.5,A4|single-model|icon_global|precip|L7|pooled=all-points|winter|all,B4,single-model,64.5,insufficient sample,0,"season: n >= 300, dates >= 60, points >= 10"
B4|single-model|icon_global|precip|L7|region=central|all|all|T115.6,A4|single-model|icon_global|precip|L7|region=central|all|all,B4,single-model,115.6,insufficient sample,0,"region: n >= 300, dates >= 60, points >= 3"
B4|single-model|icon_global|precip|L7|region=central|all|all|T35.6,A4|single-model|icon_global|precip|L7|region=central|all|all,B4,single-model,35.6,insufficient sample,0,"region: n >= 300, dates >= 60, points >= 3"
B4|single-model|icon_global|precip|L7|region=central|all|all|T64.5,A4|single-model|icon_global|precip|L7|region=central|all|all,B4,single-model,64.5,insufficient sample,0,"region: n >= 300, dates >= 60, points >= 3"
B4|single-model|icon_global|precip|L7|region=central|monsoon|all|T115.6,A4|single-model|icon_global|precip|L7|region=central|monsoon|all,B4,single-model,115.6,insufficient sample,0,"region: n >= 300, dates >= 60, points >= 3"
B4|single-model|icon_global|precip|L7|region=central|monsoon|all|T35.6,A4|single-model|icon_global|precip|L7|region=central|monsoon|all,B4,single-model,35.6,insufficient sample,0,"region: n >= 300, dates >= 60, points >= 3"
B4|single-model|icon_global|precip|L7|region=central|monsoon|all|T64.5,A4|single-model|icon_global|precip|L7|region=central|monsoon|all,B4,single-model,64.5,insufficient sample,0,"region: n >= 300, dates >= 60, points >= 3"
B4|single-model|icon_global|precip|L7|region=central|post-monsoon|all|T115.6,A4|single-model|icon_global|precip|L7|region=central|post-monsoon|all,B4,single-model,115.6,insufficient sample,0,"region: n >= 300, dates >= 60, points >= 3"
B4|single-model|icon_global|precip|L7|region=central|post-monsoon|all|T35.6,A4|single-model|icon_global|precip|L7|region=central|post-monsoon|all,B4,single-model,35.6,insufficient sample,0,"region: n >= 300, dates >= 60, points >= 3"
B4|single-model|icon_global|precip|L7|region=central|post-monsoon|all|T64.5,A4|single-model|icon_global|precip|L7|region=central|post-monsoon|all,B4,single-model,64.5,insufficient sample,0,"region: n >= 300, dates >= 60, points >= 3"
B4|single-model|icon_global|precip|L7|region=central|pre-monsoon|all|T115.6,A4|single-model|icon_global|precip|L7|region=central|pre-monsoon|all,B4,single-model,115.6,insufficient sample,0,"region: n >= 300, dates >= 60, points >= 3"
B4|single-model|icon_global|precip|L7|region=central|pre-monsoon|all|T35.6,A4|single-model|icon_global|precip|L7|region=central|pre-monsoon|all,B4,single-model,35.6,insufficient sample,0,"region: n >= 300, dates >= 60, points >= 3"
B4|single-model|icon_global|precip|L7|region=central|pre-monsoon|all|T64.5,A4|single-model|icon_global|precip|L7|region=central|pre-monsoon|all,B4,single-model,64.5,insufficient sample,0,"region: n >= 300, dates >= 60, points >= 3"
B4|single-model|icon_global|precip|L7|region=central|winter|all|T115.6,A4|single-model|icon_global|precip|L7|region=central|winter|all,B4,single-model,115.6,insufficient sample,0,"region: n >= 300, dates >= 60, points >= 3"
B4|single-model|icon_global|precip|L7|region=central|winter|all|T35.6,A4|single-model|icon_global|precip|L7|region=central|winter|all,B4,single-model,35.6,insufficient sample,0,"region: n >= 300, dates >= 60, points >= 3"
B4|single-model|icon_global|precip|L7|region=central|winter|all|T64.5,A4|single-model|icon_global|precip|L7|region=central|winter|all,B4,single-model,64.5,insufficient sample,0,"region: n >= 300, dates >= 60, points >= 3"
B4|single-model|icon_global|precip|L7|region=east-north-east|all|all|T115.6,A4|single-model|icon_global|precip|L7|region=east-north-east|all|all,B4,single-model,115.6,insufficient sample,0,"region: n >= 300, dates >= 60, points >= 3"
B4|single-model|icon_global|precip|L7|region=east-north-east|all|all|T35.6,A4|single-model|icon_global|precip|L7|region=east-north-east|all|all,B4,single-model,35.6,insufficient sample,0,"region: n >= 300, dates >= 60, points >= 3"
B4|single-model|icon_global|precip|L7|region=east-north-east|all|all|T64.5,A4|single-model|icon_global|precip|L7|region=east-north-east|all|all,B4,single-model,64.5,insufficient sample,0,"region: n >= 300, dates >= 60, points >= 3"
B4|single-model|icon_global|precip|L7|region=east-north-east|monsoon|all|T115.6,A4|single-model|icon_global|precip|L7|region=east-north-east|monsoon|all,B4,single-model,115.6,insufficient sample,0,"region: n >= 300, dates >= 60, points >= 3"
B4|single-model|icon_global|precip|L7|region=east-north-east|monsoon|all|T35.6,A4|single-model|icon_global|precip|L7|region=east-north-east|monsoon|all,B4,single-model,35.6,insufficient sample,0,"region: n >= 300, dates >= 60, points >= 3"
B4|single-model|icon_global|precip|L7|region=east-north-east|monsoon|all|T64.5,A4|single-model|icon_global|precip|L7|region=east-north-east|monsoon|all,B4,single-model,64.5,insufficient sample,0,"region: n >= 300, dates >= 60, points >= 3"
B4|single-model|icon_global|precip|L7|region=east-north-east|post-monsoon|all|T115.6,A4|single-model|icon_global|precip|L7|region=east-north-east|post-monsoon|all,B4,single-model,115.6,insufficient sample,0,"region: n >= 300, dates >= 60, points >= 3"
B4|single-model|icon_global|precip|L7|region=east-north-east|post-monsoon|all|T35.6,A4|single-model|icon_global|precip|L7|region=east-north-east|post-monsoon|all,B4,single-model,35.6,insufficient sample,0,"region: n >= 300, dates >= 60, points >= 3"
B4|single-model|icon_global|precip|L7|region=east-north-east|post-monsoon|all|T64.5,A4|single-model|icon_global|precip|L7|region=east-north-east|post-monsoon|all,B4,single-model,64.5,insufficient sample,0,"region: n >= 300, dates >= 60, points >= 3"
B4|single-model|icon_global|precip|L7|region=east-north-east|pre-monsoon|all|T115.6,A4|single-model|icon_global|precip|L7|region=east-north-east|pre-monsoon|all,B4,single-model,115.6,insufficient sample,0,"region: n >= 300, dates >= 60, points >= 3"
B4|single-model|icon_global|precip|L7|region=east-north-east|pre-monsoon|all|T35.6,A4|single-model|icon_global|precip|L7|region=east-north-east|pre-monsoon|all,B4,single-model,35.6,insufficient sample,0,"region: n >= 300, dates >= 60, points >= 3"
B4|single-model|icon_global|precip|L7|region=east-north-east|pre-monsoon|all|T64.5,A4|single-model|icon_global|precip|L7|region=east-north-east|pre-monsoon|all,B4,single-model,64.5,insufficient sample,0,"region: n >= 300, dates >= 60, points >= 3"
B4|single-model|icon_global|precip|L7|region=east-north-east|winter|all|T115.6,A4|single-model|icon_global|precip|L7|region=east-north-east|winter|all,B4,single-model,115.6,insufficient sample,0,"region: n >= 300, dates >= 60, points >= 3"
B4|single-model|icon_global|precip|L7|region=east-north-east|winter|all|T35.6,A4|single-model|icon_global|precip|L7|region=east-north-east|winter|all,B4,single-model,35.6,insufficient sample,0,"region: n >= 300, dates >= 60, points >= 3"
B4|single-model|icon_global|precip|L7|region=east-north-east|winter|all|T64.5,A4|single-model|icon_global|precip|L7|region=east-north-east|winter|all,B4,single-model,64.5,insufficient sample,0,"region: n >= 300, dates >= 60, points >= 3"
B4|single-model|icon_global|precip|L7|region=islands|all|all|T115.6,A4|single-model|icon_global|precip|L7|region=islands|all|all,B4,single-model,115.6,insufficient sample,0,"region: n >= 300, dates >= 60, points >= 3"
B4|single-model|icon_global|precip|L7|region=islands|all|all|T35.6,A4|single-model|icon_global|precip|L7|region=islands|all|all,B4,single-model,35.6,insufficient sample,0,"region: n >= 300, dates >= 60, points >= 3"
B4|single-model|icon_global|precip|L7|region=islands|all|all|T64.5,A4|single-model|icon_global|precip|L7|region=islands|all|all,B4,single-model,64.5,insufficient sample,0,"region: n >= 300, dates >= 60, points >= 3"
B4|single-model|icon_global|precip|L7|region=islands|monsoon|all|T115.6,A4|single-model|icon_global|precip|L7|region=islands|monsoon|all,B4,single-model,115.6,insufficient sample,0,"region: n >= 300, dates >= 60, points >= 3"
B4|single-model|icon_global|precip|L7|region=islands|monsoon|all|T35.6,A4|single-model|icon_global|precip|L7|region=islands|monsoon|all,B4,single-model,35.6,insufficient sample,0,"region: n >= 300, dates >= 60, points >= 3"
B4|single-model|icon_global|precip|L7|region=islands|monsoon|all|T64.5,A4|single-model|icon_global|precip|L7|region=islands|monsoon|all,B4,single-model,64.5,insufficient sample,0,"region: n >= 300, dates >= 60, points >= 3"
B4|single-model|icon_global|precip|L7|region=islands|post-monsoon|all|T115.6,A4|single-model|icon_global|precip|L7|region=islands|post-monsoon|all,B4,single-model,115.6,insufficient sample,0,"region: n >= 300, dates >= 60, points >= 3"
B4|single-model|icon_global|precip|L7|region=islands|post-monsoon|all|T35.6,A4|single-model|icon_global|precip|L7|region=islands|post-monsoon|all,B4,single-model,35.6,insufficient sample,0,"region: n >= 300, dates >= 60, points >= 3"
B4|single-model|icon_global|precip|L7|region=islands|post-monsoon|all|T64.5,A4|single-model|icon_global|precip|L7|region=islands|post-monsoon|all,B4,single-model,64.5,insufficient sample,0,"region: n >= 300, dates >= 60, points >= 3"
B4|single-model|icon_global|precip|L7|region=islands|pre-monsoon|all|T115.6,A4|single-model|icon_global|precip|L7|region=islands|pre-monsoon|all,B4,single-model,115.6,insufficient sample,0,"region: n >= 300, dates >= 60, points >= 3"
B4|single-model|icon_global|precip|L7|region=islands|pre-monsoon|all|T35.6,A4|single-model|icon_global|precip|L7|region=islands|pre-monsoon|all,B4,single-model,35.6,insufficient sample,0,"region: n >= 300, dates >= 60, points >= 3"
B4|single-model|icon_global|precip|L7|region=islands|pre-monsoon|all|T64.5,A4|single-model|icon_global|precip|L7|region=islands|pre-monsoon|all,B4,single-model,64.5,insufficient sample,0,"region: n >= 300, dates >= 60, points >= 3"
B4|single-model|icon_global|precip|L7|region=islands|winter|all|T115.6,A4|single-model|icon_global|precip|L7|region=islands|winter|all,B4,single-model,115.6,insufficient sample,0,"region: n >= 300, dates >= 60, points >= 3"
B4|single-model|icon_global|precip|L7|region=islands|winter|all|T35.6,A4|single-model|icon_global|precip|L7|region=islands|winter|all,B4,single-model,35.6,insufficient sample,0,"region: n >= 300, dates >= 60, points >= 3"
B4|single-model|icon_global|precip|L7|region=islands|winter|all|T64.5,A4|single-model|icon_global|precip|L7|region=islands|winter|all,B4,single-model,64.5,insufficient sample,0,"region: n >= 300, dates >= 60, points >= 3"
B4|single-model|icon_global|precip|L7|region=north-west|all|all|T115.6,A4|single-model|icon_global|precip|L7|region=north-west|all|all,B4,single-model,115.6,insufficient sample,0,"region: n >= 300, dates >= 60, points >= 3"
B4|single-model|icon_global|precip|L7|region=north-west|all|all|T35.6,A4|single-model|icon_global|precip|L7|region=north-west|all|all,B4,single-model,35.6,insufficient sample,0,"region: n >= 300, dates >= 60, points >= 3"
B4|single-model|icon_global|precip|L7|region=north-west|all|all|T64.5,A4|single-model|icon_global|precip|L7|region=north-west|all|all,B4,single-model,64.5,insufficient sample,0,"region: n >= 300, dates >= 60, points >= 3"
B4|single-model|icon_global|precip|L7|region=north-west|monsoon|all|T115.6,A4|single-model|icon_global|precip|L7|region=north-west|monsoon|all,B4,single-model,115.6,insufficient sample,0,"region: n >= 300, dates >= 60, points >= 3"
B4|single-model|icon_global|precip|L7|region=north-west|monsoon|all|T35.6,A4|single-model|icon_global|precip|L7|region=north-west|monsoon|all,B4,single-model,35.6,insufficient sample,0,"region: n >= 300, dates >= 60, points >= 3"
B4|single-model|icon_global|precip|L7|region=north-west|monsoon|all|T64.5,A4|single-model|icon_global|precip|L7|region=north-west|monsoon|all,B4,single-model,64.5,insufficient sample,0,"region: n >= 300, dates >= 60, points >= 3"
B4|single-model|icon_global|precip|L7|region=north-west|post-monsoon|all|T115.6,A4|single-model|icon_global|precip|L7|region=north-west|post-monsoon|all,B4,single-model,115.6,insufficient sample,0,"region: n >= 300, dates >= 60, points >= 3"
B4|single-model|icon_global|precip|L7|region=north-west|post-monsoon|all|T35.6,A4|single-model|icon_global|precip|L7|region=north-west|post-monsoon|all,B4,single-model,35.6,insufficient sample,0,"region: n >= 300, dates >= 60, points >= 3"
B4|single-model|icon_global|precip|L7|region=north-west|post-monsoon|all|T64.5,A4|single-model|icon_global|precip|L7|region=north-west|post-monsoon|all,B4,single-model,64.5,insufficient sample,0,"region: n >= 300, dates >= 60, points >= 3"
B4|single-model|icon_global|precip|L7|region=north-west|pre-monsoon|all|T115.6,A4|single-model|icon_global|precip|L7|region=north-west|pre-monsoon|all,B4,single-model,115.6,insufficient sample,0,"region: n >= 300, dates >= 60, points >= 3"
B4|single-model|icon_global|precip|L7|region=north-west|pre-monsoon|all|T35.6,A4|single-model|icon_global|precip|L7|region=north-west|pre-monsoon|all,B4,single-model,35.6,insufficient sample,0,"region: n >= 300, dates >= 60, points >= 3"
B4|single-model|icon_global|precip|L7|region=north-west|pre-monsoon|all|T64.5,A4|single-model|icon_global|precip|L7|region=north-west|pre-monsoon|all,B4,single-model,64.5,insufficient sample,0,"region: n >= 300, dates >= 60, points >= 3"
B4|single-model|icon_global|precip|L7|region=north-west|winter|all|T115.6,A4|single-model|icon_global|precip|L7|region=north-west|winter|all,B4,single-model,115.6,insufficient sample,0,"region: n >= 300, dates >= 60, points >= 3"
B4|single-model|icon_global|precip|L7|region=north-west|winter|all|T35.6,A4|single-model|icon_global|precip|L7|region=north-west|winter|all,B4,single-model,35.6,insufficient sample,0,"region: n >= 300, dates >= 60, points >= 3"
B4|single-model|icon_global|precip|L7|region=north-west|winter|all|T64.5,A4|single-model|icon_global|precip|L7|region=north-west|winter|all,B4,single-model,64.5,insufficient sample,0,"region: n >= 300, dates >= 60, points >= 3"
B4|single-model|icon_global|precip|L7|region=south-peninsula|all|all|T115.6,A4|single-model|icon_global|precip|L7|region=south-peninsula|all|all,B4,single-model,115.6,insufficient sample,0,"region: n >= 300, dates >= 60, points >= 3"
B4|single-model|icon_global|precip|L7|region=south-peninsula|all|all|T35.6,A4|single-model|icon_global|precip|L7|region=south-peninsula|all|all,B4,single-model,35.6,insufficient sample,0,"region: n >= 300, dates >= 60, points >= 3"
B4|single-model|icon_global|precip|L7|region=south-peninsula|all|all|T64.5,A4|single-model|icon_global|precip|L7|region=south-peninsula|all|all,B4,single-model,64.5,insufficient sample,0,"region: n >= 300, dates >= 60, points >= 3"
B4|single-model|icon_global|precip|L7|region=south-peninsula|monsoon|all|T115.6,A4|single-model|icon_global|precip|L7|region=south-peninsula|monsoon|all,B4,single-model,115.6,insufficient sample,0,"region: n >= 300, dates >= 60, points >= 3"
B4|single-model|icon_global|precip|L7|region=south-peninsula|monsoon|all|T35.6,A4|single-model|icon_global|precip|L7|region=south-peninsula|monsoon|all,B4,single-model,35.6,insufficient sample,0,"region: n >= 300, dates >= 60, points >= 3"
B4|single-model|icon_global|precip|L7|region=south-peninsula|monsoon|all|T64.5,A4|single-model|icon_global|precip|L7|region=south-peninsula|monsoon|all,B4,single-model,64.5,insufficient sample,0,"region: n >= 300, dates >= 60, points >= 3"
B4|single-model|icon_global|precip|L7|region=south-peninsula|post-monsoon|all|T115.6,A4|single-model|icon_global|precip|L7|region=south-peninsula|post-monsoon|all,B4,single-model,115.6,insufficient sample,0,"region: n >= 300, dates >= 60, points >= 3"
B4|single-model|icon_global|precip|L7|region=south-peninsula|post-monsoon|all|T35.6,A4|single-model|icon_global|precip|L7|region=south-peninsula|post-monsoon|all,B4,single-model,35.6,insufficient sample,0,"region: n >= 300, dates >= 60, points >= 3"
B4|single-model|icon_global|precip|L7|region=south-peninsula|post-monsoon|all|T64.5,A4|single-model|icon_global|precip|L7|region=south-peninsula|post-monsoon|all,B4,single-model,64.5,insufficient sample,0,"region: n >= 300, dates >= 60, points >= 3"
B4|single-model|icon_global|precip|L7|region=south-peninsula|pre-monsoon|all|T115.6,A4|single-model|icon_global|precip|L7|region=south-peninsula|pre-monsoon|all,B4,single-model,115.6,insufficient sample,0,"region: n >= 300, dates >= 60, points >= 3"
B4|single-model|icon_global|precip|L7|region=south-peninsula|pre-monsoon|all|T35.6,A4|single-model|icon_global|precip|L7|region=south-peninsula|pre-monsoon|all,B4,single-model,35.6,insufficient sample,0,"region: n >= 300, dates >= 60, points >= 3"
B4|single-model|icon_global|precip|L7|region=south-peninsula|pre-monsoon|all|T64.5,A4|single-model|icon_global|precip|L7|region=south-peninsula|pre-monsoon|all,B4,single-model,64.5,insufficient sample,0,"region: n >= 300, dates >= 60, points >= 3"
B4|single-model|icon_global|precip|L7|region=south-peninsula|winter|all|T115.6,A4|single-model|icon_global|precip|L7|region=south-peninsula|winter|all,B4,single-model,115.6,insufficient sample,0,"region: n >= 300, dates >= 60, points >= 3"
B4|single-model|icon_global|precip|L7|region=south-peninsula|winter|all|T35.6,A4|single-model|icon_global|precip|L7|region=south-peninsula|winter|all,B4,single-model,35.6,insufficient sample,0,"region: n >= 300, dates >= 60, points >= 3"
B4|single-model|icon_global|precip|L7|region=south-peninsula|winter|all|T64.5,A4|single-model|icon_global|precip|L7|region=south-peninsula|winter|all,B4,single-model,64.5,insufficient sample,0,"region: n >= 300, dates >= 60, points >= 3"
