om_model,hourly_variable,lead,month,days,complete_days
ecmwf_ifs025,cape,1,2024-01,31,0
ecmwf_ifs025,cape,1,2024-02,29,0
ecmwf_ifs025,cape,1,2024-03,31,0
ecmwf_ifs025,cape,1,2024-04,30,0
ecmwf_ifs025,cape,1,2024-05,31,0
ecmwf_ifs025,cape,1,2024-06,30,0
ecmwf_ifs025,cape,1,2024-07,31,0
ecmwf_ifs025,cape,1,2024-08,31,0
ecmwf_ifs025,cape,1,2024-09,30,0
ecmwf_ifs025,cape,1,2024-10,31,0
ecmwf_ifs025,cape,1,2024-11,30,0
ecmwf_ifs025,cape,1,2024-12,31,0
ecmwf_ifs025,cape,1,2025-01,31,0
ecmwf_ifs025,cape,1,2025-02,28,0
ecmwf_ifs025,cape,1,2025-03,31,0
ecmwf_ifs025,cape,1,2025-04,30,0
ecmwf_ifs025,cape,1,2025-05,31,0
ecmwf_ifs025,cape,1,2025-06,30,0
ecmwf_ifs025,cape,1,2025-07,31,0
ecmwf_ifs025,cape,1,2025-08,31,0
ecmwf_ifs025,cape,1,2025-09,30,0
ecmwf_ifs025,cape,1,2025-10,31,0
ecmwf_ifs025,cape,1,2025-11,30,0
ecmwf_ifs025,cape,1,2025-12,31,0
ecmwf_ifs025,cape,1,2026-01,31,0
ecmwf_ifs025,cape,1,2026-02,28,0
ecmwf_ifs025,cape,1,2026-03,31,0
ecmwf_ifs025,cape,1,2026-04,30,0
ecmwf_ifs025,cape,1,2026-05,31,0
ecmwf_ifs025,cape,1,2026-06,30,0
ecmwf_ifs025,cape,1,2026-07,31,0
ecmwf_ifs025,cape,1,2026-08,31,0
ecmwf_ifs025,cape,1,2026-09,20,0
ecmwf_ifs025,cape,2,2024-01,31,0
ecmwf_ifs025,cape,2,2024-02,29,0
ecmwf_ifs025,cape,2,2024-03,31,0
ecmwf_ifs025,cape,2,2024-04,30,0
ecmwf_ifs025,cape,2,2024-05,31,0
ecmwf_ifs025,cape,2,2024-06,30,0
ecmwf_ifs025,cape,2,2024-07,31,0
ecmwf_ifs025,cape,2,2024-08,31,0
ecmwf_ifs025,cape,2,2024-09,30,0
ecmwf_ifs025,cape,2,2024-10,31,0
ecmwf_ifs025,cape,2,2024-11,30,0
ecmwf_ifs025,cape,2,2024-12,31,0
ecmwf_ifs025,cape,2,2025-01,31,0
ecmwf_ifs025,cape,2,2025-02,28,0
ecmwf_ifs025,cape,2,2025-03,31,0
ecmwf_ifs025,cape,2,2025-04,30,0
ecmwf_ifs025,cape,2,2025-05,31,0
ecmwf_ifs025,cape,2,2025-06,30,0
ecmwf_ifs025,cape,2,2025-07,31,0
ecmwf_ifs025,cape,2,2025-08,31,0
ecmwf_ifs025,cape,2,2025-09,30,0
ecmwf_ifs025,cape,2,2025-10,31,0
ecmwf_ifs025,cape,2,2025-11,30,0
ecmwf_ifs025,cape,2,2025-12,31,0
ecmwf_ifs025,cape,2,2026-01,31,0
ecmwf_ifs025,cape,2,2026-02,28,0
ecmwf_ifs025,cape,2,2026-03,31,0
ecmwf_ifs025,cape,2,2026-04,30,0
ecmwf_ifs025,cape,2,2026-05,31,0
ecmwf_ifs025,cape,2,2026-06,30,0
ecmwf_ifs025,cape,2,2026-07,31,0
ecmwf_ifs025,cape,2,2026-08,31,0
ecmwf_ifs025,cape,2,2026-09,20,0
ecmwf_ifs025,cape,3,2024-01,31,0
ecmwf_ifs025,cape,3,2024-02,29,0
ecmwf_ifs025,cape,3,2024-03,31,0
ecmwf_ifs025,cape,3,2024-04,30,0
ecmwf_ifs025,cape,3,2024-05,31,0
ecmwf_ifs025,cape,3,2024-06,30,0
ecmwf_ifs025,cape,3,2024-07,31,0
ecmwf_ifs025,cape,3,2024-08,31,0
ecmwf_ifs025,cape,3,2024-09,30,0
ecmwf_ifs025,cape,3,2024-10,31,0
ecmwf_ifs025,cape,3,2024-11,30,0
ecmwf_ifs025,cape,3,2024-12,31,0
ecmwf_ifs025,cape,3,2025-01,31,0
ecmwf_ifs025,cape,3,2025-02,28,0
ecmwf_ifs025,cape,3,2025-03,31,0
ecmwf_ifs025,cape,3,2025-04,30,0
ecmwf_ifs025,cape,3,2025-05,31,0
ecmwf_ifs025,cape,3,2025-06,30,0
ecmwf_ifs025,cape,3,2025-07,31,0
ecmwf_ifs025,cape,3,2025-08,31,0
ecmwf_ifs025,cape,3,2025-09,30,0
ecmwf_ifs025,cape,3,2025-10,31,0
ecmwf_ifs025,cape,3,2025-11,30,0
ecmwf_ifs025,cape,3,2025-12,31,0
ecmwf_ifs025,cape,3,2026-01,31,0
ecmwf_ifs025,cape,3,2026-02,28,0
ecmwf_ifs025,cape,3,2026-03,31,0
ecmwf_ifs025,cape,3,2026-04,30,0
ecmwf_ifs025,cape,3,2026-05,31,0
ecmwf_ifs025,cape,3,2026-06,30,0
ecmwf_ifs025,cape,3,2026-07,31,0
ecmwf_ifs025,cape,3,2026-08,31,0
ecmwf_ifs025,cape,3,2026-09,20,0
ecmwf_ifs025,cape,4,2024-01,31,0
ecmwf_ifs025,cape,4,2024-02,29,0
ecmwf_ifs025,cape,4,2024-03,31,0
ecmwf_ifs025,cape,4,2024-04,30,0
ecmwf_ifs025,cape,4,2024-05,31,0
ecmwf_ifs025,cape,4,2024-06,30,0
ecmwf_ifs025,cape,4,2024-07,31,0
ecmwf_ifs025,cape,4,2024-08,31,0
ecmwf_ifs025,cape,4,2024-09,30,0
ecmwf_ifs025,cape,4,2024-10,31,0
ecmwf_ifs025,cape,4,2024-11,30,0
ecmwf_ifs025,cape,4,2024-12,31,0
ecmwf_ifs025,cape,4,2025-01,31,0
ecmwf_ifs025,cape,4,2025-02,28,0
ecmwf_ifs025,cape,4,2025-03,31,0
ecmwf_ifs025,cape,4,2025-04,30,0
ecmwf_ifs025,cape,4,2025-05,31,0
ecmwf_ifs025,cape,4,2025-06,30,0
ecmwf_ifs025,cape,4,2025-07,31,0
ecmwf_ifs025,cape,4,2025-08,31,0
ecmwf_ifs025,cape,4,2025-09,30,0
ecmwf_ifs025,cape,4,2025-10,31,0
ecmwf_ifs025,cape,4,2025-11,30,0
ecmwf_ifs025,cape,4,2025-12,31,0
ecmwf_ifs025,cape,4,2026-01,31,0
ecmwf_ifs025,cape,4,2026-02,28,0
ecmwf_ifs025,cape,4,2026-03,31,0
ecmwf_ifs025,cape,4,2026-04,30,0
ecmwf_ifs025,cape,4,2026-05,31,0
ecmwf_ifs025,cape,4,2026-06,30,0
ecmwf_ifs025,cape,4,2026-07,31,0
ecmwf_ifs025,cape,4,2026-08,31,0
ecmwf_ifs025,cape,4,2026-09,20,0
ecmwf_ifs025,cape,5,2024-01,31,0
ecmwf_ifs025,cape,5,2024-02,29,0
ecmwf_ifs025,cape,5,2024-03,31,0
ecmwf_ifs025,cape,5,2024-04,30,0
ecmwf_ifs025,cape,5,2024-05,31,0
ecmwf_ifs025,cape,5,2024-06,30,0
ecmwf_ifs025,cape,5,2024-07,31,0
ecmwf_ifs025,cape,5,2024-08,31,0
ecmwf_ifs025,cape,5,2024-09,30,0
ecmwf_ifs025,cape,5,2024-10,31,0
ecmwf_ifs025,cape,5,2024-11,30,0
ecmwf_ifs025,cape,5,2024-12,31,0
ecmwf_ifs025,cape,5,2025-01,31,0
ecmwf_ifs025,cape,5,2025-02,28,0
ecmwf_ifs025,cape,5,2025-03,31,0
ecmwf_ifs025,cape,5,2025-04,30,0
ecmwf_ifs025,cape,5,2025-05,31,0
ecmwf_ifs025,cape,5,2025-06,30,0
ecmwf_ifs025,cape,5,2025-07,31,0
ecmwf_ifs025,cape,5,2025-08,31,0
ecmwf_ifs025,cape,5,2025-09,30,0
ecmwf_ifs025,cape,5,2025-10,31,0
ecmwf_ifs025,cape,5,2025-11,30,0
ecmwf_ifs025,cape,5,2025-12,31,0
ecmwf_ifs025,cape,5,2026-01,31,0
ecmwf_ifs025,cape,5,2026-02,28,0
ecmwf_ifs025,cape,5,2026-03,31,0
ecmwf_ifs025,cape,5,2026-04,30,0
ecmwf_ifs025,cape,5,2026-05,31,0
ecmwf_ifs025,cape,5,2026-06,30,0
ecmwf_ifs025,cape,5,2026-07,31,0
ecmwf_ifs025,cape,5,2026-08,31,0
ecmwf_ifs025,cape,5,2026-09,20,0
ecmwf_ifs025,cape,6,2024-01,31,0
ecmwf_ifs025,cape,6,2024-02,29,0
ecmwf_ifs025,cape,6,2024-03,31,0
ecmwf_ifs025,cape,6,2024-04,30,0
ecmwf_ifs025,cape,6,2024-05,31,0
ecmwf_ifs025,cape,6,2024-06,30,0
ecmwf_ifs025,cape,6,2024-07,31,0
ecmwf_ifs025,cape,6,2024-08,31,0
ecmwf_ifs025,cape,6,2024-09,30,0
ecmwf_ifs025,cape,6,2024-10,31,0
ecmwf_ifs025,cape,6,2024-11,30,0
ecmwf_ifs025,cape,6,2024-12,31,0
ecmwf_ifs025,cape,6,2025-01,31,0
ecmwf_ifs025,cape,6,2025-02,28,0
ecmwf_ifs025,cape,6,2025-03,31,0
ecmwf_ifs025,cape,6,2025-04,30,0
ecmwf_ifs025,cape,6,2025-05,31,0
ecmwf_ifs025,cape,6,2025-06,30,0
ecmwf_ifs025,cape,6,2025-07,31,0
ecmwf_ifs025,cape,6,2025-08,31,0
ecmwf_ifs025,cape,6,2025-09,30,0
ecmwf_ifs025,cape,6,2025-10,31,0
ecmwf_ifs025,cape,6,2025-11,30,0
ecmwf_ifs025,cape,6,2025-12,31,0
ecmwf_ifs025,cape,6,2026-01,31,0
ecmwf_ifs025,cape,6,2026-02,28,0
ecmwf_ifs025,cape,6,2026-03,31,0
ecmwf_ifs025,cape,6,2026-04,30,0
ecmwf_ifs025,cape,6,2026-05,31,0
ecmwf_ifs025,cape,6,2026-06,30,0
ecmwf_ifs025,cape,6,2026-07,31,0
ecmwf_ifs025,cape,6,2026-08,31,0
ecmwf_ifs025,cape,6,2026-09,20,0
ecmwf_ifs025,cape,7,2024-01,31,0
ecmwf_ifs025,cape,7,2024-02,29,0
ecmwf_ifs025,cape,7,2024-03,31,0
ecmwf_ifs025,cape,7,2024-04,30,0
ecmwf_ifs025,cape,7,2024-05,31,0
ecmwf_ifs025,cape,7,2024-06,30,0
ecmwf_ifs025,cape,7,2024-07,31,0
ecmwf_ifs025,cape,7,2024-08,31,0
ecmwf_ifs025,cape,7,2024-09,30,0
ecmwf_ifs025,cape,7,2024-10,31,0
ecmwf_ifs025,cape,7,2024-11,30,0
ecmwf_ifs025,cape,7,2024-12,31,0
ecmwf_ifs025,cape,7,2025-01,31,0
ecmwf_ifs025,cape,7,2025-02,28,0
ecmwf_ifs025,cape,7,2025-03,31,0
ecmwf_ifs025,cape,7,2025-04,30,0
ecmwf_ifs025,cape,7,2025-05,31,0
ecmwf_ifs025,cape,7,2025-06,30,0
ecmwf_ifs025,cape,7,2025-07,31,0
ecmwf_ifs025,cape,7,2025-08,31,0
ecmwf_ifs025,cape,7,2025-09,30,0
ecmwf_ifs025,cape,7,2025-10,31,0
ecmwf_ifs025,cape,7,2025-11,30,0
ecmwf_ifs025,cape,7,2025-12,31,0
ecmwf_ifs025,cape,7,2026-01,31,0
ecmwf_ifs025,cape,7,2026-02,28,0
ecmwf_ifs025,cape,7,2026-03,31,0
ecmwf_ifs025,cape,7,2026-04,30,0
ecmwf_ifs025,cape,7,2026-05,31,0
ecmwf_ifs025,cape,7,2026-06,30,0
ecmwf_ifs025,cape,7,2026-07,31,0
ecmwf_ifs025,cape,7,2026-08,31,0
ecmwf_ifs025,cape,7,2026-09,20,0
ecmwf_ifs025,precipitation,1,2024-01,31,0
ecmwf_ifs025,precipitation,1,2024-02,29,25
ecmwf_ifs025,precipitation,1,2024-03,31,31
ecmwf_ifs025,precipitation,1,2024-04,30,30
ecmwf_ifs025,precipitation,1,2024-05,31,31
ecmwf_ifs025,precipitation,1,2024-06,30,30
ecmwf_ifs025,precipitation,1,2024-07,31,31
ecmwf_ifs025,precipitation,1,2024-08,31,31
ecmwf_ifs025,precipitation,1,2024-09,30,30
ecmwf_ifs025,precipitation,1,2024-10,31,31
ecmwf_ifs025,precipitation,1,2024-11,30,30
ecmwf_ifs025,precipitation,1,2024-12,31,31
ecmwf_ifs025,precipitation,1,2025-01,31,31
ecmwf_ifs025,precipitation,1,2025-02,28,28
ecmwf_ifs025,precipitation,1,2025-03,31,31
ecmwf_ifs025,precipitation,1,2025-04,30,30
ecmwf_ifs025,precipitation,1,2025-05,31,31
ecmwf_ifs025,precipitation,1,2025-06,30,30
ecmwf_ifs025,precipitation,1,2025-07,31,31
ecmwf_ifs025,precipitation,1,2025-08,31,31
ecmwf_ifs025,precipitation,1,2025-09,30,30
ecmwf_ifs025,precipitation,1,2025-10,31,31
ecmwf_ifs025,precipitation,1,2025-11,30,30
ecmwf_ifs025,precipitation,1,2025-12,31,31
ecmwf_ifs025,precipitation,1,2026-01,31,31
ecmwf_ifs025,precipitation,1,2026-02,28,28
ecmwf_ifs025,precipitation,1,2026-03,31,31
ecmwf_ifs025,precipitation,1,2026-04,30,30
ecmwf_ifs025,precipitation,1,2026-05,31,31
ecmwf_ifs025,precipitation,1,2026-06,30,30
ecmwf_ifs025,precipitation,1,2026-07,31,31
ecmwf_ifs025,precipitation,1,2026-08,31,31
ecmwf_ifs025,precipitation,1,2026-09,20,20
ecmwf_ifs025,precipitation,2,2024-01,31,0
ecmwf_ifs025,precipitation,2,2024-02,29,24
ecmwf_ifs025,precipitation,2,2024-03,31,31
ecmwf_ifs025,precipitation,2,2024-04,30,30
ecmwf_ifs025,precipitation,2,2024-05,31,31
ecmwf_ifs025,precipitation,2,2024-06,30,30
ecmwf_ifs025,precipitation,2,2024-07,31,31
ecmwf_ifs025,precipitation,2,2024-08,31,31
ecmwf_ifs025,precipitation,2,2024-09,30,30
ecmwf_ifs025,precipitation,2,2024-10,31,31
ecmwf_ifs025,precipitation,2,2024-11,30,30
ecmwf_ifs025,precipitation,2,2024-12,31,31
ecmwf_ifs025,precipitation,2,2025-01,31,31
ecmwf_ifs025,precipitation,2,2025-02,28,28
ecmwf_ifs025,precipitation,2,2025-03,31,31
ecmwf_ifs025,precipitation,2,2025-04,30,30
ecmwf_ifs025,precipitation,2,2025-05,31,31
ecmwf_ifs025,precipitation,2,2025-06,30,30
ecmwf_ifs025,precipitation,2,2025-07,31,31
ecmwf_ifs025,precipitation,2,2025-08,31,31
ecmwf_ifs025,precipitation,2,2025-09,30,30
ecmwf_ifs025,precipitation,2,2025-10,31,31
ecmwf_ifs025,precipitation,2,2025-11,30,30
ecmwf_ifs025,precipitation,2,2025-12,31,31
ecmwf_ifs025,precipitation,2,2026-01,31,31
ecmwf_ifs025,precipitation,2,2026-02,28,28
ecmwf_ifs025,precipitation,2,2026-03,31,31
ecmwf_ifs025,precipitation,2,2026-04,30,30
ecmwf_ifs025,precipitation,2,2026-05,31,31
ecmwf_ifs025,precipitation,2,2026-06,30,30
ecmwf_ifs025,precipitation,2,2026-07,31,31
ecmwf_ifs025,precipitation,2,2026-08,31,31
ecmwf_ifs025,precipitation,2,2026-09,20,20
ecmwf_ifs025,precipitation,3,2024-01,31,0
ecmwf_ifs025,precipitation,3,2024-02,29,23
ecmwf_ifs025,precipitation,3,2024-03,31,31
ecmwf_ifs025,precipitation,3,2024-04,30,30
ecmwf_ifs025,precipitation,3,2024-05,31,31
ecmwf_ifs025,precipitation,3,2024-06,30,30
ecmwf_ifs025,precipitation,3,2024-07,31,31
ecmwf_ifs025,precipitation,3,2024-08,31,31
ecmwf_ifs025,precipitation,3,2024-09,30,30
ecmwf_ifs025,precipitation,3,2024-10,31,31
ecmwf_ifs025,precipitation,3,2024-11,30,30
ecmwf_ifs025,precipitation,3,2024-12,31,31
ecmwf_ifs025,precipitation,3,2025-01,31,31
ecmwf_ifs025,precipitation,3,2025-02,28,28
ecmwf_ifs025,precipitation,3,2025-03,31,31
ecmwf_ifs025,precipitation,3,2025-04,30,30
ecmwf_ifs025,precipitation,3,2025-05,31,31
ecmwf_ifs025,precipitation,3,2025-06,30,30
ecmwf_ifs025,precipitation,3,2025-07,31,31
ecmwf_ifs025,precipitation,3,2025-08,31,31
ecmwf_ifs025,precipitation,3,2025-09,30,30
ecmwf_ifs025,precipitation,3,2025-10,31,31
ecmwf_ifs025,precipitation,3,2025-11,30,30
ecmwf_ifs025,precipitation,3,2025-12,31,31
ecmwf_ifs025,precipitation,3,2026-01,31,31
ecmwf_ifs025,precipitation,3,2026-02,28,28
ecmwf_ifs025,precipitation,3,2026-03,31,31
ecmwf_ifs025,precipitation,3,2026-04,30,30
ecmwf_ifs025,precipitation,3,2026-05,31,31
ecmwf_ifs025,precipitation,3,2026-06,30,30
ecmwf_ifs025,precipitation,3,2026-07,31,31
ecmwf_ifs025,precipitation,3,2026-08,31,31
ecmwf_ifs025,precipitation,3,2026-09,20,20
ecmwf_ifs025,precipitation,4,2024-01,31,0
ecmwf_ifs025,precipitation,4,2024-02,29,22
ecmwf_ifs025,precipitation,4,2024-03,31,31
ecmwf_ifs025,precipitation,4,2024-04,30,30
ecmwf_ifs025,precipitation,4,2024-05,31,31
ecmwf_ifs025,precipitation,4,2024-06,30,30
ecmwf_ifs025,precipitation,4,2024-07,31,31
ecmwf_ifs025,precipitation,4,2024-08,31,31
ecmwf_ifs025,precipitation,4,2024-09,30,30
ecmwf_ifs025,precipitation,4,2024-10,31,31
ecmwf_ifs025,precipitation,4,2024-11,30,30
ecmwf_ifs025,precipitation,4,2024-12,31,31
ecmwf_ifs025,precipitation,4,2025-01,31,31
ecmwf_ifs025,precipitation,4,2025-02,28,28
ecmwf_ifs025,precipitation,4,2025-03,31,31
ecmwf_ifs025,precipitation,4,2025-04,30,30
ecmwf_ifs025,precipitation,4,2025-05,31,31
ecmwf_ifs025,precipitation,4,2025-06,30,30
ecmwf_ifs025,precipitation,4,2025-07,31,31
ecmwf_ifs025,precipitation,4,2025-08,31,31
ecmwf_ifs025,precipitation,4,2025-09,30,30
ecmwf_ifs025,precipitation,4,2025-10,31,31
ecmwf_ifs025,precipitation,4,2025-11,30,30
ecmwf_ifs025,precipitation,4,2025-12,31,31
ecmwf_ifs025,precipitation,4,2026-01,31,31
ecmwf_ifs025,precipitation,4,2026-02,28,28
ecmwf_ifs025,precipitation,4,2026-03,31,31
ecmwf_ifs025,precipitation,4,2026-04,30,30
ecmwf_ifs025,precipitation,4,2026-05,31,31
ecmwf_ifs025,precipitation,4,2026-06,30,30
ecmwf_ifs025,precipitation,4,2026-07,31,31
ecmwf_ifs025,precipitation,4,2026-08,31,31
ecmwf_ifs025,precipitation,4,2026-09,20,20
ecmwf_ifs025,precipitation,5,2024-01,31,0
ecmwf_ifs025,precipitation,5,2024-02,29,21
ecmwf_ifs025,precipitation,5,2024-03,31,31
ecmwf_ifs025,precipitation,5,2024-04,30,30
ecmwf_ifs025,precipitation,5,2024-05,31,31
ecmwf_ifs025,precipitation,5,2024-06,30,30
ecmwf_ifs025,precipitation,5,2024-07,31,31
ecmwf_ifs025,precipitation,5,2024-08,31,31
ecmwf_ifs025,precipitation,5,2024-09,30,30
ecmwf_ifs025,precipitation,5,2024-10,31,31
ecmwf_ifs025,precipitation,5,2024-11,30,30
ecmwf_ifs025,precipitation,5,2024-12,31,31
ecmwf_ifs025,precipitation,5,2025-01,31,31
ecmwf_ifs025,precipitation,5,2025-02,28,28
ecmwf_ifs025,precipitation,5,2025-03,31,31
ecmwf_ifs025,precipitation,5,2025-04,30,30
ecmwf_ifs025,precipitation,5,2025-05,31,31
ecmwf_ifs025,precipitation,5,2025-06,30,30
ecmwf_ifs025,precipitation,5,2025-07,31,31
ecmwf_ifs025,precipitation,5,2025-08,31,31
ecmwf_ifs025,precipitation,5,2025-09,30,30
ecmwf_ifs025,precipitation,5,2025-10,31,31
ecmwf_ifs025,precipitation,5,2025-11,30,30
ecmwf_ifs025,precipitation,5,2025-12,31,31
ecmwf_ifs025,precipitation,5,2026-01,31,31
ecmwf_ifs025,precipitation,5,2026-02,28,28
ecmwf_ifs025,precipitation,5,2026-03,31,31
ecmwf_ifs025,precipitation,5,2026-04,30,23
ecmwf_ifs025,precipitation,5,2026-05,31,31
ecmwf_ifs025,precipitation,5,2026-06,30,30
ecmwf_ifs025,precipitation,5,2026-07,31,31
ecmwf_ifs025,precipitation,5,2026-08,31,31
ecmwf_ifs025,precipitation,5,2026-09,20,20
ecmwf_ifs025,precipitation,6,2024-01,31,0
ecmwf_ifs025,precipitation,6,2024-02,29,20
ecmwf_ifs025,precipitation,6,2024-03,31,31
ecmwf_ifs025,precipitation,6,2024-04,30,30
ecmwf_ifs025,precipitation,6,2024-05,31,31
ecmwf_ifs025,precipitation,6,2024-06,30,30
ecmwf_ifs025,precipitation,6,2024-07,31,31
ecmwf_ifs025,precipitation,6,2024-08,31,31
ecmwf_ifs025,precipitation,6,2024-09,30,30
ecmwf_ifs025,precipitation,6,2024-10,31,31
ecmwf_ifs025,precipitation,6,2024-11,30,30
ecmwf_ifs025,precipitation,6,2024-12,31,31
ecmwf_ifs025,precipitation,6,2025-01,31,31
ecmwf_ifs025,precipitation,6,2025-02,28,28
ecmwf_ifs025,precipitation,6,2025-03,31,31
ecmwf_ifs025,precipitation,6,2025-04,30,30
ecmwf_ifs025,precipitation,6,2025-05,31,31
ecmwf_ifs025,precipitation,6,2025-06,30,30
ecmwf_ifs025,precipitation,6,2025-07,31,31
ecmwf_ifs025,precipitation,6,2025-08,31,31
ecmwf_ifs025,precipitation,6,2025-09,30,30
ecmwf_ifs025,precipitation,6,2025-10,31,31
ecmwf_ifs025,precipitation,6,2025-11,30,30
ecmwf_ifs025,precipitation,6,2025-12,31,31
ecmwf_ifs025,precipitation,6,2026-01,31,31
ecmwf_ifs025,precipitation,6,2026-02,28,28
ecmwf_ifs025,precipitation,6,2026-03,31,31
ecmwf_ifs025,precipitation,6,2026-04,30,30
ecmwf_ifs025,precipitation,6,2026-05,31,31
ecmwf_ifs025,precipitation,6,2026-06,30,30
ecmwf_ifs025,precipitation,6,2026-07,31,31
ecmwf_ifs025,precipitation,6,2026-08,31,31
ecmwf_ifs025,precipitation,6,2026-09,20,20
ecmwf_ifs025,precipitation,7,2024-01,31,0
ecmwf_ifs025,precipitation,7,2024-02,29,19
ecmwf_ifs025,precipitation,7,2024-03,31,31
ecmwf_ifs025,precipitation,7,2024-04,30,30
ecmwf_ifs025,precipitation,7,2024-05,31,31
ecmwf_ifs025,precipitation,7,2024-06,30,30
ecmwf_ifs025,precipitation,7,2024-07,31,31
ecmwf_ifs025,precipitation,7,2024-08,31,31
ecmwf_ifs025,precipitation,7,2024-09,30,30
ecmwf_ifs025,precipitation,7,2024-10,31,31
ecmwf_ifs025,precipitation,7,2024-11,30,30
ecmwf_ifs025,precipitation,7,2024-12,31,31
ecmwf_ifs025,precipitation,7,2025-01,31,31
ecmwf_ifs025,precipitation,7,2025-02,28,28
ecmwf_ifs025,precipitation,7,2025-03,31,31
ecmwf_ifs025,precipitation,7,2025-04,30,30
ecmwf_ifs025,precipitation,7,2025-05,31,31
ecmwf_ifs025,precipitation,7,2025-06,30,30
ecmwf_ifs025,precipitation,7,2025-07,31,31
ecmwf_ifs025,precipitation,7,2025-08,31,31
ecmwf_ifs025,precipitation,7,2025-09,30,30
ecmwf_ifs025,precipitation,7,2025-10,31,31
ecmwf_ifs025,precipitation,7,2025-11,30,30
ecmwf_ifs025,precipitation,7,2025-12,31,31
ecmwf_ifs025,precipitation,7,2026-01,31,31
ecmwf_ifs025,precipitation,7,2026-02,28,28
ecmwf_ifs025,precipitation,7,2026-03,31,31
ecmwf_ifs025,precipitation,7,2026-04,30,23
ecmwf_ifs025,precipitation,7,2026-05,31,31
ecmwf_ifs025,precipitation,7,2026-06,30,30
ecmwf_ifs025,precipitation,7,2026-07,31,31
ecmwf_ifs025,precipitation,7,2026-08,31,31
ecmwf_ifs025,precipitation,7,2026-09,20,20
ecmwf_ifs025,temperature_2m,1,2024-01,31,0
ecmwf_ifs025,temperature_2m,1,2024-02,29,25
ecmwf_ifs025,temperature_2m,1,2024-03,31,31
ecmwf_ifs025,temperature_2m,1,2024-04,30,30
ecmwf_ifs025,temperature_2m,1,2024-05,31,31
ecmwf_ifs025,temperature_2m,1,2024-06,30,30
ecmwf_ifs025,temperature_2m,1,2024-07,31,31
ecmwf_ifs025,temperature_2m,1,2024-08,31,31
ecmwf_ifs025,temperature_2m,1,2024-09,30,30
ecmwf_ifs025,temperature_2m,1,2024-10,31,31
ecmwf_ifs025,temperature_2m,1,2024-11,30,30
ecmwf_ifs025,temperature_2m,1,2024-12,31,31
ecmwf_ifs025,temperature_2m,1,2025-01,31,31
ecmwf_ifs025,temperature_2m,1,2025-02,28,28
ecmwf_ifs025,temperature_2m,1,2025-03,31,31
ecmwf_ifs025,temperature_2m,1,2025-04,30,30
ecmwf_ifs025,temperature_2m,1,2025-05,31,31
ecmwf_ifs025,temperature_2m,1,2025-06,30,30
ecmwf_ifs025,temperature_2m,1,2025-07,31,31
ecmwf_ifs025,temperature_2m,1,2025-08,31,31
ecmwf_ifs025,temperature_2m,1,2025-09,30,30
ecmwf_ifs025,temperature_2m,1,2025-10,31,31
ecmwf_ifs025,temperature_2m,1,2025-11,30,30
ecmwf_ifs025,temperature_2m,1,2025-12,31,31
ecmwf_ifs025,temperature_2m,1,2026-01,31,31
ecmwf_ifs025,temperature_2m,1,2026-02,28,28
ecmwf_ifs025,temperature_2m,1,2026-03,31,31
ecmwf_ifs025,temperature_2m,1,2026-04,30,30
ecmwf_ifs025,temperature_2m,1,2026-05,31,31
ecmwf_ifs025,temperature_2m,1,2026-06,30,30
ecmwf_ifs025,temperature_2m,1,2026-07,31,31
ecmwf_ifs025,temperature_2m,1,2026-08,31,31
ecmwf_ifs025,temperature_2m,1,2026-09,20,20
ecmwf_ifs025,temperature_2m,2,2024-01,31,0
ecmwf_ifs025,temperature_2m,2,2024-02,29,24
ecmwf_ifs025,temperature_2m,2,2024-03,31,31
ecmwf_ifs025,temperature_2m,2,2024-04,30,30
ecmwf_ifs025,temperature_2m,2,2024-05,31,31
ecmwf_ifs025,temperature_2m,2,2024-06,30,30
ecmwf_ifs025,temperature_2m,2,2024-07,31,31
ecmwf_ifs025,temperature_2m,2,2024-08,31,31
ecmwf_ifs025,temperature_2m,2,2024-09,30,30
ecmwf_ifs025,temperature_2m,2,2024-10,31,31
ecmwf_ifs025,temperature_2m,2,2024-11,30,30
ecmwf_ifs025,temperature_2m,2,2024-12,31,31
ecmwf_ifs025,temperature_2m,2,2025-01,31,31
ecmwf_ifs025,temperature_2m,2,2025-02,28,28
ecmwf_ifs025,temperature_2m,2,2025-03,31,31
ecmwf_ifs025,temperature_2m,2,2025-04,30,30
ecmwf_ifs025,temperature_2m,2,2025-05,31,31
ecmwf_ifs025,temperature_2m,2,2025-06,30,30
ecmwf_ifs025,temperature_2m,2,2025-07,31,31
ecmwf_ifs025,temperature_2m,2,2025-08,31,31
ecmwf_ifs025,temperature_2m,2,2025-09,30,30
ecmwf_ifs025,temperature_2m,2,2025-10,31,31
ecmwf_ifs025,temperature_2m,2,2025-11,30,30
ecmwf_ifs025,temperature_2m,2,2025-12,31,31
ecmwf_ifs025,temperature_2m,2,2026-01,31,31
ecmwf_ifs025,temperature_2m,2,2026-02,28,28
ecmwf_ifs025,temperature_2m,2,2026-03,31,31
ecmwf_ifs025,temperature_2m,2,2026-04,30,30
ecmwf_ifs025,temperature_2m,2,2026-05,31,31
ecmwf_ifs025,temperature_2m,2,2026-06,30,30
ecmwf_ifs025,temperature_2m,2,2026-07,31,31
ecmwf_ifs025,temperature_2m,2,2026-08,31,31
ecmwf_ifs025,temperature_2m,2,2026-09,20,20
ecmwf_ifs025,temperature_2m,3,2024-01,31,0
ecmwf_ifs025,temperature_2m,3,2024-02,29,23
ecmwf_ifs025,temperature_2m,3,2024-03,31,31
ecmwf_ifs025,temperature_2m,3,2024-04,30,30
ecmwf_ifs025,temperature_2m,3,2024-05,31,31
ecmwf_ifs025,temperature_2m,3,2024-06,30,30
ecmwf_ifs025,temperature_2m,3,2024-07,31,31
ecmwf_ifs025,temperature_2m,3,2024-08,31,31
ecmwf_ifs025,temperature_2m,3,2024-09,30,30
ecmwf_ifs025,temperature_2m,3,2024-10,31,31
ecmwf_ifs025,temperature_2m,3,2024-11,30,30
ecmwf_ifs025,temperature_2m,3,2024-12,31,31
ecmwf_ifs025,temperature_2m,3,2025-01,31,31
ecmwf_ifs025,temperature_2m,3,2025-02,28,28
ecmwf_ifs025,temperature_2m,3,2025-03,31,31
ecmwf_ifs025,temperature_2m,3,2025-04,30,30
ecmwf_ifs025,temperature_2m,3,2025-05,31,31
ecmwf_ifs025,temperature_2m,3,2025-06,30,30
ecmwf_ifs025,temperature_2m,3,2025-07,31,31
ecmwf_ifs025,temperature_2m,3,2025-08,31,31
ecmwf_ifs025,temperature_2m,3,2025-09,30,30
ecmwf_ifs025,temperature_2m,3,2025-10,31,31
ecmwf_ifs025,temperature_2m,3,2025-11,30,30
ecmwf_ifs025,temperature_2m,3,2025-12,31,31
ecmwf_ifs025,temperature_2m,3,2026-01,31,31
ecmwf_ifs025,temperature_2m,3,2026-02,28,28
ecmwf_ifs025,temperature_2m,3,2026-03,31,31
ecmwf_ifs025,temperature_2m,3,2026-04,30,30
ecmwf_ifs025,temperature_2m,3,2026-05,31,31
ecmwf_ifs025,temperature_2m,3,2026-06,30,30
ecmwf_ifs025,temperature_2m,3,2026-07,31,31
ecmwf_ifs025,temperature_2m,3,2026-08,31,31
ecmwf_ifs025,temperature_2m,3,2026-09,20,20
ecmwf_ifs025,temperature_2m,4,2024-01,31,0
ecmwf_ifs025,temperature_2m,4,2024-02,29,22
ecmwf_ifs025,temperature_2m,4,2024-03,31,31
ecmwf_ifs025,temperature_2m,4,2024-04,30,30
ecmwf_ifs025,temperature_2m,4,2024-05,31,31
ecmwf_ifs025,temperature_2m,4,2024-06,30,30
ecmwf_ifs025,temperature_2m,4,2024-07,31,31
ecmwf_ifs025,temperature_2m,4,2024-08,31,31
ecmwf_ifs025,temperature_2m,4,2024-09,30,30
ecmwf_ifs025,temperature_2m,4,2024-10,31,31
ecmwf_ifs025,temperature_2m,4,2024-11,30,30
ecmwf_ifs025,temperature_2m,4,2024-12,31,31
ecmwf_ifs025,temperature_2m,4,2025-01,31,31
ecmwf_ifs025,temperature_2m,4,2025-02,28,28
ecmwf_ifs025,temperature_2m,4,2025-03,31,31
ecmwf_ifs025,temperature_2m,4,2025-04,30,30
ecmwf_ifs025,temperature_2m,4,2025-05,31,31
ecmwf_ifs025,temperature_2m,4,2025-06,30,30
ecmwf_ifs025,temperature_2m,4,2025-07,31,31
ecmwf_ifs025,temperature_2m,4,2025-08,31,31
ecmwf_ifs025,temperature_2m,4,2025-09,30,30
ecmwf_ifs025,temperature_2m,4,2025-10,31,31
ecmwf_ifs025,temperature_2m,4,2025-11,30,30
ecmwf_ifs025,temperature_2m,4,2025-12,31,31
ecmwf_ifs025,temperature_2m,4,2026-01,31,31
ecmwf_ifs025,temperature_2m,4,2026-02,28,28
ecmwf_ifs025,temperature_2m,4,2026-03,31,31
ecmwf_ifs025,temperature_2m,4,2026-04,30,30
ecmwf_ifs025,temperature_2m,4,2026-05,31,31
ecmwf_ifs025,temperature_2m,4,2026-06,30,30
ecmwf_ifs025,temperature_2m,4,2026-07,31,31
ecmwf_ifs025,temperature_2m,4,2026-08,31,31
ecmwf_ifs025,temperature_2m,4,2026-09,20,20
ecmwf_ifs025,temperature_2m,5,2024-01,31,0
ecmwf_ifs025,temperature_2m,5,2024-02,29,21
ecmwf_ifs025,temperature_2m,5,2024-03,31,31
ecmwf_ifs025,temperature_2m,5,2024-04,30,30
ecmwf_ifs025,temperature_2m,5,2024-05,31,31
ecmwf_ifs025,temperature_2m,5,2024-06,30,30
ecmwf_ifs025,temperature_2m,5,2024-07,31,31
ecmwf_ifs025,temperature_2m,5,2024-08,31,31
ecmwf_ifs025,temperature_2m,5,2024-09,30,30
ecmwf_ifs025,temperature_2m,5,2024-10,31,31
ecmwf_ifs025,temperature_2m,5,2024-11,30,30
ecmwf_ifs025,temperature_2m,5,2024-12,31,31
ecmwf_ifs025,temperature_2m,5,2025-01,31,31
ecmwf_ifs025,temperature_2m,5,2025-02,28,28
ecmwf_ifs025,temperature_2m,5,2025-03,31,31
ecmwf_ifs025,temperature_2m,5,2025-04,30,30
ecmwf_ifs025,temperature_2m,5,2025-05,31,31
ecmwf_ifs025,temperature_2m,5,2025-06,30,30
ecmwf_ifs025,temperature_2m,5,2025-07,31,31
ecmwf_ifs025,temperature_2m,5,2025-08,31,31
ecmwf_ifs025,temperature_2m,5,2025-09,30,30
ecmwf_ifs025,temperature_2m,5,2025-10,31,31
ecmwf_ifs025,temperature_2m,5,2025-11,30,30
ecmwf_ifs025,temperature_2m,5,2025-12,31,31
ecmwf_ifs025,temperature_2m,5,2026-01,31,31
ecmwf_ifs025,temperature_2m,5,2026-02,28,28
ecmwf_ifs025,temperature_2m,5,2026-03,31,31
ecmwf_ifs025,temperature_2m,5,2026-04,30,30
ecmwf_ifs025,temperature_2m,5,2026-05,31,31
ecmwf_ifs025,temperature_2m,5,2026-06,30,30
ecmwf_ifs025,temperature_2m,5,2026-07,31,31
ecmwf_ifs025,temperature_2m,5,2026-08,31,31
ecmwf_ifs025,temperature_2m,5,2026-09,20,20
ecmwf_ifs025,temperature_2m,6,2024-01,31,0
ecmwf_ifs025,temperature_2m,6,2024-02,29,20
ecmwf_ifs025,temperature_2m,6,2024-03,31,31
ecmwf_ifs025,temperature_2m,6,2024-04,30,30
ecmwf_ifs025,temperature_2m,6,2024-05,31,31
ecmwf_ifs025,temperature_2m,6,2024-06,30,30
ecmwf_ifs025,temperature_2m,6,2024-07,31,31
ecmwf_ifs025,temperature_2m,6,2024-08,31,31
ecmwf_ifs025,temperature_2m,6,2024-09,30,30
ecmwf_ifs025,temperature_2m,6,2024-10,31,31
ecmwf_ifs025,temperature_2m,6,2024-11,30,30
ecmwf_ifs025,temperature_2m,6,2024-12,31,31
ecmwf_ifs025,temperature_2m,6,2025-01,31,31
ecmwf_ifs025,temperature_2m,6,2025-02,28,28
ecmwf_ifs025,temperature_2m,6,2025-03,31,31
ecmwf_ifs025,temperature_2m,6,2025-04,30,30
ecmwf_ifs025,temperature_2m,6,2025-05,31,31
ecmwf_ifs025,temperature_2m,6,2025-06,30,30
ecmwf_ifs025,temperature_2m,6,2025-07,31,31
ecmwf_ifs025,temperature_2m,6,2025-08,31,31
ecmwf_ifs025,temperature_2m,6,2025-09,30,30
ecmwf_ifs025,temperature_2m,6,2025-10,31,31
ecmwf_ifs025,temperature_2m,6,2025-11,30,30
ecmwf_ifs025,temperature_2m,6,2025-12,31,31
ecmwf_ifs025,temperature_2m,6,2026-01,31,31
ecmwf_ifs025,temperature_2m,6,2026-02,28,28
ecmwf_ifs025,temperature_2m,6,2026-03,31,31
ecmwf_ifs025,temperature_2m,6,2026-04,30,30
ecmwf_ifs025,temperature_2m,6,2026-05,31,31
ecmwf_ifs025,temperature_2m,6,2026-06,30,30
ecmwf_ifs025,temperature_2m,6,2026-07,31,31
ecmwf_ifs025,temperature_2m,6,2026-08,31,31
ecmwf_ifs025,temperature_2m,6,2026-09,20,20
ecmwf_ifs025,temperature_2m,7,2024-01,31,0
ecmwf_ifs025,temperature_2m,7,2024-02,29,19
ecmwf_ifs025,temperature_2m,7,2024-03,31,31
ecmwf_ifs025,temperature_2m,7,2024-04,30,30
ecmwf_ifs025,temperature_2m,7,2024-05,31,31
ecmwf_ifs025,temperature_2m,7,2024-06,30,30
ecmwf_ifs025,temperature_2m,7,2024-07,31,31
ecmwf_ifs025,temperature_2m,7,2024-08,31,31
ecmwf_ifs025,temperature_2m,7,2024-09,30,30
ecmwf_ifs025,temperature_2m,7,2024-10,31,31
ecmwf_ifs025,temperature_2m,7,2024-11,30,30
ecmwf_ifs025,temperature_2m,7,2024-12,31,31
ecmwf_ifs025,temperature_2m,7,2025-01,31,31
ecmwf_ifs025,temperature_2m,7,2025-02,28,28
ecmwf_ifs025,temperature_2m,7,2025-03,31,31
ecmwf_ifs025,temperature_2m,7,2025-04,30,30
ecmwf_ifs025,temperature_2m,7,2025-05,31,31
ecmwf_ifs025,temperature_2m,7,2025-06,30,30
ecmwf_ifs025,temperature_2m,7,2025-07,31,31
ecmwf_ifs025,temperature_2m,7,2025-08,31,31
ecmwf_ifs025,temperature_2m,7,2025-09,30,30
ecmwf_ifs025,temperature_2m,7,2025-10,31,31
ecmwf_ifs025,temperature_2m,7,2025-11,30,30
ecmwf_ifs025,temperature_2m,7,2025-12,31,31
ecmwf_ifs025,temperature_2m,7,2026-01,31,31
ecmwf_ifs025,temperature_2m,7,2026-02,28,28
ecmwf_ifs025,temperature_2m,7,2026-03,31,31
ecmwf_ifs025,temperature_2m,7,2026-04,30,30
ecmwf_ifs025,temperature_2m,7,2026-05,31,31
ecmwf_ifs025,temperature_2m,7,2026-06,30,30
ecmwf_ifs025,temperature_2m,7,2026-07,31,31
ecmwf_ifs025,temperature_2m,7,2026-08,31,31
ecmwf_ifs025,temperature_2m,7,2026-09,20,20
ecmwf_ifs025,wind_gusts_10m,1,2024-01,31,0
ecmwf_ifs025,wind_gusts_10m,1,2024-02,29,0
ecmwf_ifs025,wind_gusts_10m,1,2024-03,31,0
ecmwf_ifs025,wind_gusts_10m,1,2024-04,30,0
ecmwf_ifs025,wind_gusts_10m,1,2024-05,31,0
ecmwf_ifs025,wind_gusts_10m,1,2024-06,30,0
ecmwf_ifs025,wind_gusts_10m,1,2024-07,31,0
ecmwf_ifs025,wind_gusts_10m,1,2024-08,31,0
ecmwf_ifs025,wind_gusts_10m,1,2024-09,30,0
ecmwf_ifs025,wind_gusts_10m,1,2024-10,31,0
ecmwf_ifs025,wind_gusts_10m,1,2024-11,30,0
ecmwf_ifs025,wind_gusts_10m,1,2024-12,31,0
ecmwf_ifs025,wind_gusts_10m,1,2025-01,31,0
ecmwf_ifs025,wind_gusts_10m,1,2025-02,28,0
ecmwf_ifs025,wind_gusts_10m,1,2025-03,31,0
ecmwf_ifs025,wind_gusts_10m,1,2025-04,30,0
ecmwf_ifs025,wind_gusts_10m,1,2025-05,31,0
ecmwf_ifs025,wind_gusts_10m,1,2025-06,30,0
ecmwf_ifs025,wind_gusts_10m,1,2025-07,31,0
ecmwf_ifs025,wind_gusts_10m,1,2025-08,31,0
ecmwf_ifs025,wind_gusts_10m,1,2025-09,30,0
ecmwf_ifs025,wind_gusts_10m,1,2025-10,31,0
ecmwf_ifs025,wind_gusts_10m,1,2025-11,30,0
ecmwf_ifs025,wind_gusts_10m,1,2025-12,31,0
ecmwf_ifs025,wind_gusts_10m,1,2026-01,31,0
ecmwf_ifs025,wind_gusts_10m,1,2026-02,28,0
ecmwf_ifs025,wind_gusts_10m,1,2026-03,31,0
ecmwf_ifs025,wind_gusts_10m,1,2026-04,30,0
ecmwf_ifs025,wind_gusts_10m,1,2026-05,31,0
ecmwf_ifs025,wind_gusts_10m,1,2026-06,30,0
ecmwf_ifs025,wind_gusts_10m,1,2026-07,31,0
ecmwf_ifs025,wind_gusts_10m,1,2026-08,31,0
ecmwf_ifs025,wind_gusts_10m,1,2026-09,20,0
ecmwf_ifs025,wind_gusts_10m,2,2024-01,31,0
ecmwf_ifs025,wind_gusts_10m,2,2024-02,29,0
ecmwf_ifs025,wind_gusts_10m,2,2024-03,31,0
ecmwf_ifs025,wind_gusts_10m,2,2024-04,30,0
ecmwf_ifs025,wind_gusts_10m,2,2024-05,31,0
ecmwf_ifs025,wind_gusts_10m,2,2024-06,30,0
ecmwf_ifs025,wind_gusts_10m,2,2024-07,31,0
ecmwf_ifs025,wind_gusts_10m,2,2024-08,31,0
ecmwf_ifs025,wind_gusts_10m,2,2024-09,30,0
ecmwf_ifs025,wind_gusts_10m,2,2024-10,31,0
ecmwf_ifs025,wind_gusts_10m,2,2024-11,30,0
ecmwf_ifs025,wind_gusts_10m,2,2024-12,31,0
ecmwf_ifs025,wind_gusts_10m,2,2025-01,31,0
ecmwf_ifs025,wind_gusts_10m,2,2025-02,28,0
ecmwf_ifs025,wind_gusts_10m,2,2025-03,31,0
ecmwf_ifs025,wind_gusts_10m,2,2025-04,30,0
ecmwf_ifs025,wind_gusts_10m,2,2025-05,31,0
ecmwf_ifs025,wind_gusts_10m,2,2025-06,30,0
ecmwf_ifs025,wind_gusts_10m,2,2025-07,31,0
ecmwf_ifs025,wind_gusts_10m,2,2025-08,31,0
ecmwf_ifs025,wind_gusts_10m,2,2025-09,30,0
ecmwf_ifs025,wind_gusts_10m,2,2025-10,31,0
ecmwf_ifs025,wind_gusts_10m,2,2025-11,30,0
ecmwf_ifs025,wind_gusts_10m,2,2025-12,31,0
ecmwf_ifs025,wind_gusts_10m,2,2026-01,31,0
ecmwf_ifs025,wind_gusts_10m,2,2026-02,28,0
ecmwf_ifs025,wind_gusts_10m,2,2026-03,31,0
ecmwf_ifs025,wind_gusts_10m,2,2026-04,30,0
ecmwf_ifs025,wind_gusts_10m,2,2026-05,31,0
ecmwf_ifs025,wind_gusts_10m,2,2026-06,30,0
ecmwf_ifs025,wind_gusts_10m,2,2026-07,31,0
ecmwf_ifs025,wind_gusts_10m,2,2026-08,31,0
ecmwf_ifs025,wind_gusts_10m,2,2026-09,20,0
ecmwf_ifs025,wind_gusts_10m,3,2024-01,31,0
ecmwf_ifs025,wind_gusts_10m,3,2024-02,29,0
ecmwf_ifs025,wind_gusts_10m,3,2024-03,31,0
ecmwf_ifs025,wind_gusts_10m,3,2024-04,30,0
ecmwf_ifs025,wind_gusts_10m,3,2024-05,31,0
ecmwf_ifs025,wind_gusts_10m,3,2024-06,30,0
ecmwf_ifs025,wind_gusts_10m,3,2024-07,31,0
ecmwf_ifs025,wind_gusts_10m,3,2024-08,31,0
ecmwf_ifs025,wind_gusts_10m,3,2024-09,30,0
ecmwf_ifs025,wind_gusts_10m,3,2024-10,31,0
ecmwf_ifs025,wind_gusts_10m,3,2024-11,30,0
ecmwf_ifs025,wind_gusts_10m,3,2024-12,31,0
ecmwf_ifs025,wind_gusts_10m,3,2025-01,31,0
ecmwf_ifs025,wind_gusts_10m,3,2025-02,28,0
ecmwf_ifs025,wind_gusts_10m,3,2025-03,31,0
ecmwf_ifs025,wind_gusts_10m,3,2025-04,30,0
ecmwf_ifs025,wind_gusts_10m,3,2025-05,31,0
ecmwf_ifs025,wind_gusts_10m,3,2025-06,30,0
ecmwf_ifs025,wind_gusts_10m,3,2025-07,31,0
ecmwf_ifs025,wind_gusts_10m,3,2025-08,31,0
ecmwf_ifs025,wind_gusts_10m,3,2025-09,30,0
ecmwf_ifs025,wind_gusts_10m,3,2025-10,31,0
ecmwf_ifs025,wind_gusts_10m,3,2025-11,30,0
ecmwf_ifs025,wind_gusts_10m,3,2025-12,31,0
ecmwf_ifs025,wind_gusts_10m,3,2026-01,31,0
ecmwf_ifs025,wind_gusts_10m,3,2026-02,28,0
ecmwf_ifs025,wind_gusts_10m,3,2026-03,31,0
ecmwf_ifs025,wind_gusts_10m,3,2026-04,30,0
ecmwf_ifs025,wind_gusts_10m,3,2026-05,31,0
ecmwf_ifs025,wind_gusts_10m,3,2026-06,30,0
ecmwf_ifs025,wind_gusts_10m,3,2026-07,31,0
ecmwf_ifs025,wind_gusts_10m,3,2026-08,31,0
ecmwf_ifs025,wind_gusts_10m,3,2026-09,20,0
ecmwf_ifs025,wind_gusts_10m,4,2024-01,31,0
ecmwf_ifs025,wind_gusts_10m,4,2024-02,29,0
ecmwf_ifs025,wind_gusts_10m,4,2024-03,31,0
ecmwf_ifs025,wind_gusts_10m,4,2024-04,30,0
ecmwf_ifs025,wind_gusts_10m,4,2024-05,31,0
ecmwf_ifs025,wind_gusts_10m,4,2024-06,30,0
ecmwf_ifs025,wind_gusts_10m,4,2024-07,31,0
ecmwf_ifs025,wind_gusts_10m,4,2024-08,31,0
ecmwf_ifs025,wind_gusts_10m,4,2024-09,30,0
ecmwf_ifs025,wind_gusts_10m,4,2024-10,31,0
ecmwf_ifs025,wind_gusts_10m,4,2024-11,30,0
ecmwf_ifs025,wind_gusts_10m,4,2024-12,31,0
ecmwf_ifs025,wind_gusts_10m,4,2025-01,31,0
ecmwf_ifs025,wind_gusts_10m,4,2025-02,28,0
ecmwf_ifs025,wind_gusts_10m,4,2025-03,31,0
ecmwf_ifs025,wind_gusts_10m,4,2025-04,30,0
ecmwf_ifs025,wind_gusts_10m,4,2025-05,31,0
ecmwf_ifs025,wind_gusts_10m,4,2025-06,30,0
ecmwf_ifs025,wind_gusts_10m,4,2025-07,31,0
ecmwf_ifs025,wind_gusts_10m,4,2025-08,31,0
ecmwf_ifs025,wind_gusts_10m,4,2025-09,30,0
ecmwf_ifs025,wind_gusts_10m,4,2025-10,31,0
ecmwf_ifs025,wind_gusts_10m,4,2025-11,30,0
ecmwf_ifs025,wind_gusts_10m,4,2025-12,31,0
ecmwf_ifs025,wind_gusts_10m,4,2026-01,31,0
ecmwf_ifs025,wind_gusts_10m,4,2026-02,28,0
ecmwf_ifs025,wind_gusts_10m,4,2026-03,31,0
ecmwf_ifs025,wind_gusts_10m,4,2026-04,30,0
ecmwf_ifs025,wind_gusts_10m,4,2026-05,31,0
ecmwf_ifs025,wind_gusts_10m,4,2026-06,30,0
ecmwf_ifs025,wind_gusts_10m,4,2026-07,31,0
ecmwf_ifs025,wind_gusts_10m,4,2026-08,31,0
ecmwf_ifs025,wind_gusts_10m,4,2026-09,20,0
ecmwf_ifs025,wind_gusts_10m,5,2024-01,31,0
ecmwf_ifs025,wind_gusts_10m,5,2024-02,29,0
ecmwf_ifs025,wind_gusts_10m,5,2024-03,31,0
ecmwf_ifs025,wind_gusts_10m,5,2024-04,30,0
ecmwf_ifs025,wind_gusts_10m,5,2024-05,31,0
ecmwf_ifs025,wind_gusts_10m,5,2024-06,30,0
ecmwf_ifs025,wind_gusts_10m,5,2024-07,31,0
ecmwf_ifs025,wind_gusts_10m,5,2024-08,31,0
ecmwf_ifs025,wind_gusts_10m,5,2024-09,30,0
ecmwf_ifs025,wind_gusts_10m,5,2024-10,31,0
ecmwf_ifs025,wind_gusts_10m,5,2024-11,30,0
ecmwf_ifs025,wind_gusts_10m,5,2024-12,31,0
ecmwf_ifs025,wind_gusts_10m,5,2025-01,31,0
ecmwf_ifs025,wind_gusts_10m,5,2025-02,28,0
ecmwf_ifs025,wind_gusts_10m,5,2025-03,31,0
ecmwf_ifs025,wind_gusts_10m,5,2025-04,30,0
ecmwf_ifs025,wind_gusts_10m,5,2025-05,31,0
ecmwf_ifs025,wind_gusts_10m,5,2025-06,30,0
ecmwf_ifs025,wind_gusts_10m,5,2025-07,31,0
ecmwf_ifs025,wind_gusts_10m,5,2025-08,31,0
ecmwf_ifs025,wind_gusts_10m,5,2025-09,30,0
ecmwf_ifs025,wind_gusts_10m,5,2025-10,31,0
ecmwf_ifs025,wind_gusts_10m,5,2025-11,30,0
ecmwf_ifs025,wind_gusts_10m,5,2025-12,31,0
ecmwf_ifs025,wind_gusts_10m,5,2026-01,31,0
ecmwf_ifs025,wind_gusts_10m,5,2026-02,28,0
ecmwf_ifs025,wind_gusts_10m,5,2026-03,31,0
ecmwf_ifs025,wind_gusts_10m,5,2026-04,30,0
ecmwf_ifs025,wind_gusts_10m,5,2026-05,31,0
ecmwf_ifs025,wind_gusts_10m,5,2026-06,30,0
ecmwf_ifs025,wind_gusts_10m,5,2026-07,31,0
ecmwf_ifs025,wind_gusts_10m,5,2026-08,31,0
ecmwf_ifs025,wind_gusts_10m,5,2026-09,20,0
ecmwf_ifs025,wind_gusts_10m,6,2024-01,31,0
ecmwf_ifs025,wind_gusts_10m,6,2024-02,29,0
ecmwf_ifs025,wind_gusts_10m,6,2024-03,31,0
ecmwf_ifs025,wind_gusts_10m,6,2024-04,30,0
ecmwf_ifs025,wind_gusts_10m,6,2024-05,31,0
ecmwf_ifs025,wind_gusts_10m,6,2024-06,30,0
ecmwf_ifs025,wind_gusts_10m,6,2024-07,31,0
ecmwf_ifs025,wind_gusts_10m,6,2024-08,31,0
ecmwf_ifs025,wind_gusts_10m,6,2024-09,30,0
ecmwf_ifs025,wind_gusts_10m,6,2024-10,31,0
ecmwf_ifs025,wind_gusts_10m,6,2024-11,30,0
ecmwf_ifs025,wind_gusts_10m,6,2024-12,31,0
ecmwf_ifs025,wind_gusts_10m,6,2025-01,31,0
ecmwf_ifs025,wind_gusts_10m,6,2025-02,28,0
ecmwf_ifs025,wind_gusts_10m,6,2025-03,31,0
ecmwf_ifs025,wind_gusts_10m,6,2025-04,30,0
ecmwf_ifs025,wind_gusts_10m,6,2025-05,31,0
ecmwf_ifs025,wind_gusts_10m,6,2025-06,30,0
ecmwf_ifs025,wind_gusts_10m,6,2025-07,31,0
ecmwf_ifs025,wind_gusts_10m,6,2025-08,31,0
ecmwf_ifs025,wind_gusts_10m,6,2025-09,30,0
ecmwf_ifs025,wind_gusts_10m,6,2025-10,31,0
ecmwf_ifs025,wind_gusts_10m,6,2025-11,30,0
ecmwf_ifs025,wind_gusts_10m,6,2025-12,31,0
ecmwf_ifs025,wind_gusts_10m,6,2026-01,31,0
ecmwf_ifs025,wind_gusts_10m,6,2026-02,28,0
ecmwf_ifs025,wind_gusts_10m,6,2026-03,31,0
ecmwf_ifs025,wind_gusts_10m,6,2026-04,30,0
ecmwf_ifs025,wind_gusts_10m,6,2026-05,31,0
ecmwf_ifs025,wind_gusts_10m,6,2026-06,30,0
ecmwf_ifs025,wind_gusts_10m,6,2026-07,31,0
ecmwf_ifs025,wind_gusts_10m,6,2026-08,31,0
ecmwf_ifs025,wind_gusts_10m,6,2026-09,20,0
ecmwf_ifs025,wind_gusts_10m,7,2024-01,31,0
ecmwf_ifs025,wind_gusts_10m,7,2024-02,29,0
ecmwf_ifs025,wind_gusts_10m,7,2024-03,31,0
ecmwf_ifs025,wind_gusts_10m,7,2024-04,30,0
ecmwf_ifs025,wind_gusts_10m,7,2024-05,31,0
ecmwf_ifs025,wind_gusts_10m,7,2024-06,30,0
ecmwf_ifs025,wind_gusts_10m,7,2024-07,31,0
ecmwf_ifs025,wind_gusts_10m,7,2024-08,31,0
ecmwf_ifs025,wind_gusts_10m,7,2024-09,30,0
ecmwf_ifs025,wind_gusts_10m,7,2024-10,31,0
ecmwf_ifs025,wind_gusts_10m,7,2024-11,30,0
ecmwf_ifs025,wind_gusts_10m,7,2024-12,31,0
ecmwf_ifs025,wind_gusts_10m,7,2025-01,31,0
ecmwf_ifs025,wind_gusts_10m,7,2025-02,28,0
ecmwf_ifs025,wind_gusts_10m,7,2025-03,31,0
ecmwf_ifs025,wind_gusts_10m,7,2025-04,30,0
ecmwf_ifs025,wind_gusts_10m,7,2025-05,31,0
ecmwf_ifs025,wind_gusts_10m,7,2025-06,30,0
ecmwf_ifs025,wind_gusts_10m,7,2025-07,31,0
ecmwf_ifs025,wind_gusts_10m,7,2025-08,31,0
ecmwf_ifs025,wind_gusts_10m,7,2025-09,30,0
ecmwf_ifs025,wind_gusts_10m,7,2025-10,31,0
ecmwf_ifs025,wind_gusts_10m,7,2025-11,30,0
ecmwf_ifs025,wind_gusts_10m,7,2025-12,31,0
ecmwf_ifs025,wind_gusts_10m,7,2026-01,31,0
ecmwf_ifs025,wind_gusts_10m,7,2026-02,28,0
ecmwf_ifs025,wind_gusts_10m,7,2026-03,31,0
ecmwf_ifs025,wind_gusts_10m,7,2026-04,30,0
ecmwf_ifs025,wind_gusts_10m,7,2026-05,31,0
ecmwf_ifs025,wind_gusts_10m,7,2026-06,30,0
ecmwf_ifs025,wind_gusts_10m,7,2026-07,31,0
ecmwf_ifs025,wind_gusts_10m,7,2026-08,31,0
ecmwf_ifs025,wind_gusts_10m,7,2026-09,20,0
gfs_global,cape,1,2024-01,31,12
gfs_global,cape,1,2024-02,29,29
gfs_global,cape,1,2024-03,31,31
gfs_global,cape,1,2024-04,30,30
gfs_global,cape,1,2024-05,31,31
gfs_global,cape,1,2024-06,30,30
gfs_global,cape,1,2024-07,31,31
gfs_global,cape,1,2024-08,31,31
gfs_global,cape,1,2024-09,30,30
gfs_global,cape,1,2024-10,31,31
gfs_global,cape,1,2024-11,30,30
gfs_global,cape,1,2024-12,31,31
gfs_global,cape,1,2025-01,31,31
gfs_global,cape,1,2025-02,28,28
gfs_global,cape,1,2025-03,31,31
gfs_global,cape,1,2025-04,30,30
gfs_global,cape,1,2025-05,31,31
gfs_global,cape,1,2025-06,30,30
gfs_global,cape,1,2025-07,31,31
gfs_global,cape,1,2025-08,31,31
gfs_global,cape,1,2025-09,30,30
gfs_global,cape,1,2025-10,31,31
gfs_global,cape,1,2025-11,30,30
gfs_global,cape,1,2025-12,31,31
gfs_global,cape,1,2026-01,31,31
gfs_global,cape,1,2026-02,28,28
gfs_global,cape,1,2026-03,31,31
gfs_global,cape,1,2026-04,30,30
gfs_global,cape,1,2026-05,31,31
gfs_global,cape,1,2026-06,30,30
gfs_global,cape,1,2026-07,31,31
gfs_global,cape,1,2026-08,31,31
gfs_global,cape,1,2026-09,20,20
gfs_global,cape,2,2024-01,31,11
gfs_global,cape,2,2024-02,29,29
gfs_global,cape,2,2024-03,31,31
gfs_global,cape,2,2024-04,30,30
gfs_global,cape,2,2024-05,31,31
gfs_global,cape,2,2024-06,30,30
gfs_global,cape,2,2024-07,31,31
gfs_global,cape,2,2024-08,31,31
gfs_global,cape,2,2024-09,30,30
gfs_global,cape,2,2024-10,31,31
gfs_global,cape,2,2024-11,30,30
gfs_global,cape,2,2024-12,31,31
gfs_global,cape,2,2025-01,31,31
gfs_global,cape,2,2025-02,28,28
gfs_global,cape,2,2025-03,31,31
gfs_global,cape,2,2025-04,30,30
gfs_global,cape,2,2025-05,31,31
gfs_global,cape,2,2025-06,30,30
gfs_global,cape,2,2025-07,31,31
gfs_global,cape,2,2025-08,31,31
gfs_global,cape,2,2025-09,30,30
gfs_global,cape,2,2025-10,31,31
gfs_global,cape,2,2025-11,30,30
gfs_global,cape,2,2025-12,31,31
gfs_global,cape,2,2026-01,31,31
gfs_global,cape,2,2026-02,28,28
gfs_global,cape,2,2026-03,31,31
gfs_global,cape,2,2026-04,30,30
gfs_global,cape,2,2026-05,31,31
gfs_global,cape,2,2026-06,30,30
gfs_global,cape,2,2026-07,31,31
gfs_global,cape,2,2026-08,31,31
gfs_global,cape,2,2026-09,20,20
gfs_global,cape,3,2024-01,31,10
gfs_global,cape,3,2024-02,29,29
gfs_global,cape,3,2024-03,31,31
gfs_global,cape,3,2024-04,30,30
gfs_global,cape,3,2024-05,31,31
gfs_global,cape,3,2024-06,30,30
gfs_global,cape,3,2024-07,31,31
gfs_global,cape,3,2024-08,31,31
gfs_global,cape,3,2024-09,30,30
gfs_global,cape,3,2024-10,31,31
gfs_global,cape,3,2024-11,30,30
gfs_global,cape,3,2024-12,31,31
gfs_global,cape,3,2025-01,31,31
gfs_global,cape,3,2025-02,28,28
gfs_global,cape,3,2025-03,31,31
gfs_global,cape,3,2025-04,30,30
gfs_global,cape,3,2025-05,31,31
gfs_global,cape,3,2025-06,30,30
gfs_global,cape,3,2025-07,31,31
gfs_global,cape,3,2025-08,31,31
gfs_global,cape,3,2025-09,30,30
gfs_global,cape,3,2025-10,31,31
gfs_global,cape,3,2025-11,30,30
gfs_global,cape,3,2025-12,31,31
gfs_global,cape,3,2026-01,31,31
gfs_global,cape,3,2026-02,28,28
gfs_global,cape,3,2026-03,31,31
gfs_global,cape,3,2026-04,30,28
gfs_global,cape,3,2026-05,31,31
gfs_global,cape,3,2026-06,30,30
gfs_global,cape,3,2026-07,31,31
gfs_global,cape,3,2026-08,31,31
gfs_global,cape,3,2026-09,20,20
gfs_global,cape,4,2024-01,31,9
gfs_global,cape,4,2024-02,29,29
gfs_global,cape,4,2024-03,31,31
gfs_global,cape,4,2024-04,30,30
gfs_global,cape,4,2024-05,31,31
gfs_global,cape,4,2024-06,30,30
gfs_global,cape,4,2024-07,31,31
gfs_global,cape,4,2024-08,31,31
gfs_global,cape,4,2024-09,30,30
gfs_global,cape,4,2024-10,31,31
gfs_global,cape,4,2024-11,30,30
gfs_global,cape,4,2024-12,31,31
gfs_global,cape,4,2025-01,31,31
gfs_global,cape,4,2025-02,28,28
gfs_global,cape,4,2025-03,31,31
gfs_global,cape,4,2025-04,30,30
gfs_global,cape,4,2025-05,31,31
gfs_global,cape,4,2025-06,30,30
gfs_global,cape,4,2025-07,31,31
gfs_global,cape,4,2025-08,31,31
gfs_global,cape,4,2025-09,30,30
gfs_global,cape,4,2025-10,31,31
gfs_global,cape,4,2025-11,30,30
gfs_global,cape,4,2025-12,31,31
gfs_global,cape,4,2026-01,31,31
gfs_global,cape,4,2026-02,28,28
gfs_global,cape,4,2026-03,31,31
gfs_global,cape,4,2026-04,30,30
gfs_global,cape,4,2026-05,31,31
gfs_global,cape,4,2026-06,30,30
gfs_global,cape,4,2026-07,31,31
gfs_global,cape,4,2026-08,31,31
gfs_global,cape,4,2026-09,20,20
gfs_global,cape,5,2024-01,31,8
gfs_global,cape,5,2024-02,29,29
gfs_global,cape,5,2024-03,31,31
gfs_global,cape,5,2024-04,30,30
gfs_global,cape,5,2024-05,31,31
gfs_global,cape,5,2024-06,30,30
gfs_global,cape,5,2024-07,31,31
gfs_global,cape,5,2024-08,31,31
gfs_global,cape,5,2024-09,30,30
gfs_global,cape,5,2024-10,31,31
gfs_global,cape,5,2024-11,30,30
gfs_global,cape,5,2024-12,31,31
gfs_global,cape,5,2025-01,31,31
gfs_global,cape,5,2025-02,28,28
gfs_global,cape,5,2025-03,31,31
gfs_global,cape,5,2025-04,30,30
gfs_global,cape,5,2025-05,31,31
gfs_global,cape,5,2025-06,30,30
gfs_global,cape,5,2025-07,31,31
gfs_global,cape,5,2025-08,31,31
gfs_global,cape,5,2025-09,30,30
gfs_global,cape,5,2025-10,31,31
gfs_global,cape,5,2025-11,30,30
gfs_global,cape,5,2025-12,31,31
gfs_global,cape,5,2026-01,31,31
gfs_global,cape,5,2026-02,28,28
gfs_global,cape,5,2026-03,31,31
gfs_global,cape,5,2026-04,30,28
gfs_global,cape,5,2026-05,31,31
gfs_global,cape,5,2026-06,30,30
gfs_global,cape,5,2026-07,31,31
gfs_global,cape,5,2026-08,31,31
gfs_global,cape,5,2026-09,20,20
gfs_global,cape,6,2024-01,31,7
gfs_global,cape,6,2024-02,29,29
gfs_global,cape,6,2024-03,31,31
gfs_global,cape,6,2024-04,30,30
gfs_global,cape,6,2024-05,31,31
gfs_global,cape,6,2024-06,30,30
gfs_global,cape,6,2024-07,31,31
gfs_global,cape,6,2024-08,31,31
gfs_global,cape,6,2024-09,30,30
gfs_global,cape,6,2024-10,31,31
gfs_global,cape,6,2024-11,30,30
gfs_global,cape,6,2024-12,31,31
gfs_global,cape,6,2025-01,31,31
gfs_global,cape,6,2025-02,28,28
gfs_global,cape,6,2025-03,31,31
gfs_global,cape,6,2025-04,30,30
gfs_global,cape,6,2025-05,31,31
gfs_global,cape,6,2025-06,30,30
gfs_global,cape,6,2025-07,31,31
gfs_global,cape,6,2025-08,31,31
gfs_global,cape,6,2025-09,30,30
gfs_global,cape,6,2025-10,31,31
gfs_global,cape,6,2025-11,30,30
gfs_global,cape,6,2025-12,31,31
gfs_global,cape,6,2026-01,31,31
gfs_global,cape,6,2026-02,28,28
gfs_global,cape,6,2026-03,31,31
gfs_global,cape,6,2026-04,30,30
gfs_global,cape,6,2026-05,31,31
gfs_global,cape,6,2026-06,30,30
gfs_global,cape,6,2026-07,31,31
gfs_global,cape,6,2026-08,31,31
gfs_global,cape,6,2026-09,20,20
gfs_global,cape,7,2024-01,31,6
gfs_global,cape,7,2024-02,29,29
gfs_global,cape,7,2024-03,31,31
gfs_global,cape,7,2024-04,30,30
gfs_global,cape,7,2024-05,31,31
gfs_global,cape,7,2024-06,30,30
gfs_global,cape,7,2024-07,31,31
gfs_global,cape,7,2024-08,31,31
gfs_global,cape,7,2024-09,30,30
gfs_global,cape,7,2024-10,31,31
gfs_global,cape,7,2024-11,30,30
gfs_global,cape,7,2024-12,31,31
gfs_global,cape,7,2025-01,31,31
gfs_global,cape,7,2025-02,28,28
gfs_global,cape,7,2025-03,31,31
gfs_global,cape,7,2025-04,30,30
gfs_global,cape,7,2025-05,31,31
gfs_global,cape,7,2025-06,30,30
gfs_global,cape,7,2025-07,31,31
gfs_global,cape,7,2025-08,31,31
gfs_global,cape,7,2025-09,30,30
gfs_global,cape,7,2025-10,31,31
gfs_global,cape,7,2025-11,30,30
gfs_global,cape,7,2025-12,31,31
gfs_global,cape,7,2026-01,31,31
gfs_global,cape,7,2026-02,28,28
gfs_global,cape,7,2026-03,31,31
gfs_global,cape,7,2026-04,30,30
gfs_global,cape,7,2026-05,31,31
gfs_global,cape,7,2026-06,30,30
gfs_global,cape,7,2026-07,31,31
gfs_global,cape,7,2026-08,31,31
gfs_global,cape,7,2026-09,20,20
gfs_global,precipitation,1,2024-01,31,12
gfs_global,precipitation,1,2024-02,29,29
gfs_global,precipitation,1,2024-03,31,31
gfs_global,precipitation,1,2024-04,30,30
gfs_global,precipitation,1,2024-05,31,31
gfs_global,precipitation,1,2024-06,30,30
gfs_global,precipitation,1,2024-07,31,31
gfs_global,precipitation,1,2024-08,31,31
gfs_global,precipitation,1,2024-09,30,30
gfs_global,precipitation,1,2024-10,31,31
gfs_global,precipitation,1,2024-11,30,30
gfs_global,precipitation,1,2024-12,31,31
gfs_global,precipitation,1,2025-01,31,31
gfs_global,precipitation,1,2025-02,28,28
gfs_global,precipitation,1,2025-03,31,31
gfs_global,precipitation,1,2025-04,30,30
gfs_global,precipitation,1,2025-05,31,31
gfs_global,precipitation,1,2025-06,30,30
gfs_global,precipitation,1,2025-07,31,31
gfs_global,precipitation,1,2025-08,31,31
gfs_global,precipitation,1,2025-09,30,30
gfs_global,precipitation,1,2025-10,31,31
gfs_global,precipitation,1,2025-11,30,30
gfs_global,precipitation,1,2025-12,31,31
gfs_global,precipitation,1,2026-01,31,31
gfs_global,precipitation,1,2026-02,28,28
gfs_global,precipitation,1,2026-03,31,31
gfs_global,precipitation,1,2026-04,30,30
gfs_global,precipitation,1,2026-05,31,31
gfs_global,precipitation,1,2026-06,30,30
gfs_global,precipitation,1,2026-07,31,31
gfs_global,precipitation,1,2026-08,31,31
gfs_global,precipitation,1,2026-09,20,20
gfs_global,precipitation,2,2024-01,31,11
gfs_global,precipitation,2,2024-02,29,29
gfs_global,precipitation,2,2024-03,31,31
gfs_global,precipitation,2,2024-04,30,30
gfs_global,precipitation,2,2024-05,31,31
gfs_global,precipitation,2,2024-06,30,30
gfs_global,precipitation,2,2024-07,31,31
gfs_global,precipitation,2,2024-08,31,31
gfs_global,precipitation,2,2024-09,30,30
gfs_global,precipitation,2,2024-10,31,31
gfs_global,precipitation,2,2024-11,30,30
gfs_global,precipitation,2,2024-12,31,31
gfs_global,precipitation,2,2025-01,31,31
gfs_global,precipitation,2,2025-02,28,28
gfs_global,precipitation,2,2025-03,31,31
gfs_global,precipitation,2,2025-04,30,30
gfs_global,precipitation,2,2025-05,31,31
gfs_global,precipitation,2,2025-06,30,30
gfs_global,precipitation,2,2025-07,31,31
gfs_global,precipitation,2,2025-08,31,31
gfs_global,precipitation,2,2025-09,30,30
gfs_global,precipitation,2,2025-10,31,31
gfs_global,precipitation,2,2025-11,30,30
gfs_global,precipitation,2,2025-12,31,31
gfs_global,precipitation,2,2026-01,31,31
gfs_global,precipitation,2,2026-02,28,28
gfs_global,precipitation,2,2026-03,31,31
gfs_global,precipitation,2,2026-04,30,30
gfs_global,precipitation,2,2026-05,31,31
gfs_global,precipitation,2,2026-06,30,30
gfs_global,precipitation,2,2026-07,31,31
gfs_global,precipitation,2,2026-08,31,31
gfs_global,precipitation,2,2026-09,20,20
gfs_global,precipitation,3,2024-01,31,10
gfs_global,precipitation,3,2024-02,29,29
gfs_global,precipitation,3,2024-03,31,31
gfs_global,precipitation,3,2024-04,30,30
gfs_global,precipitation,3,2024-05,31,31
gfs_global,precipitation,3,2024-06,30,30
gfs_global,precipitation,3,2024-07,31,31
gfs_global,precipitation,3,2024-08,31,31
gfs_global,precipitation,3,2024-09,30,30
gfs_global,precipitation,3,2024-10,31,31
gfs_global,precipitation,3,2024-11,30,30
gfs_global,precipitation,3,2024-12,31,31
gfs_global,precipitation,3,2025-01,31,31
gfs_global,precipitation,3,2025-02,28,28
gfs_global,precipitation,3,2025-03,31,31
gfs_global,precipitation,3,2025-04,30,30
gfs_global,precipitation,3,2025-05,31,31
gfs_global,precipitation,3,2025-06,30,30
gfs_global,precipitation,3,2025-07,31,31
gfs_global,precipitation,3,2025-08,31,31
gfs_global,precipitation,3,2025-09,30,30
gfs_global,precipitation,3,2025-10,31,31
gfs_global,precipitation,3,2025-11,30,30
gfs_global,precipitation,3,2025-12,31,31
gfs_global,precipitation,3,2026-01,31,31
gfs_global,precipitation,3,2026-02,28,28
gfs_global,precipitation,3,2026-03,31,31
gfs_global,precipitation,3,2026-04,30,30
gfs_global,precipitation,3,2026-05,31,31
gfs_global,precipitation,3,2026-06,30,30
gfs_global,precipitation,3,2026-07,31,31
gfs_global,precipitation,3,2026-08,31,31
gfs_global,precipitation,3,2026-09,20,20
gfs_global,precipitation,4,2024-01,31,9
gfs_global,precipitation,4,2024-02,29,29
gfs_global,precipitation,4,2024-03,31,31
gfs_global,precipitation,4,2024-04,30,30
gfs_global,precipitation,4,2024-05,31,31
gfs_global,precipitation,4,2024-06,30,30
gfs_global,precipitation,4,2024-07,31,31
gfs_global,precipitation,4,2024-08,31,31
gfs_global,precipitation,4,2024-09,30,30
gfs_global,precipitation,4,2024-10,31,31
gfs_global,precipitation,4,2024-11,30,30
gfs_global,precipitation,4,2024-12,31,31
gfs_global,precipitation,4,2025-01,31,31
gfs_global,precipitation,4,2025-02,28,28
gfs_global,precipitation,4,2025-03,31,31
gfs_global,precipitation,4,2025-04,30,30
gfs_global,precipitation,4,2025-05,31,31
gfs_global,precipitation,4,2025-06,30,30
gfs_global,precipitation,4,2025-07,31,31
gfs_global,precipitation,4,2025-08,31,31
gfs_global,precipitation,4,2025-09,30,30
gfs_global,precipitation,4,2025-10,31,31
gfs_global,precipitation,4,2025-11,30,30
gfs_global,precipitation,4,2025-12,31,31
gfs_global,precipitation,4,2026-01,31,31
gfs_global,precipitation,4,2026-02,28,28
gfs_global,precipitation,4,2026-03,31,31
gfs_global,precipitation,4,2026-04,30,30
gfs_global,precipitation,4,2026-05,31,31
gfs_global,precipitation,4,2026-06,30,30
gfs_global,precipitation,4,2026-07,31,31
gfs_global,precipitation,4,2026-08,31,31
gfs_global,precipitation,4,2026-09,20,20
gfs_global,precipitation,5,2024-01,31,8
gfs_global,precipitation,5,2024-02,29,29
gfs_global,precipitation,5,2024-03,31,31
gfs_global,precipitation,5,2024-04,30,30
gfs_global,precipitation,5,2024-05,31,31
gfs_global,precipitation,5,2024-06,30,30
gfs_global,precipitation,5,2024-07,31,31
gfs_global,precipitation,5,2024-08,31,31
gfs_global,precipitation,5,2024-09,30,30
gfs_global,precipitation,5,2024-10,31,31
gfs_global,precipitation,5,2024-11,30,30
gfs_global,precipitation,5,2024-12,31,31
gfs_global,precipitation,5,2025-01,31,31
gfs_global,precipitation,5,2025-02,28,28
gfs_global,precipitation,5,2025-03,31,31
gfs_global,precipitation,5,2025-04,30,30
gfs_global,precipitation,5,2025-05,31,31
gfs_global,precipitation,5,2025-06,30,30
gfs_global,precipitation,5,2025-07,31,31
gfs_global,precipitation,5,2025-08,31,31
gfs_global,precipitation,5,2025-09,30,30
gfs_global,precipitation,5,2025-10,31,31
gfs_global,precipitation,5,2025-11,30,30
gfs_global,precipitation,5,2025-12,31,31
gfs_global,precipitation,5,2026-01,31,31
gfs_global,precipitation,5,2026-02,28,28
gfs_global,precipitation,5,2026-03,31,31
gfs_global,precipitation,5,2026-04,30,30
gfs_global,precipitation,5,2026-05,31,31
gfs_global,precipitation,5,2026-06,30,30
gfs_global,precipitation,5,2026-07,31,31
gfs_global,precipitation,5,2026-08,31,31
gfs_global,precipitation,5,2026-09,20,20
gfs_global,precipitation,6,2024-01,31,7
gfs_global,precipitation,6,2024-02,29,29
gfs_global,precipitation,6,2024-03,31,31
gfs_global,precipitation,6,2024-04,30,30
gfs_global,precipitation,6,2024-05,31,31
gfs_global,precipitation,6,2024-06,30,30
gfs_global,precipitation,6,2024-07,31,31
gfs_global,precipitation,6,2024-08,31,31
gfs_global,precipitation,6,2024-09,30,30
gfs_global,precipitation,6,2024-10,31,31
gfs_global,precipitation,6,2024-11,30,30
gfs_global,precipitation,6,2024-12,31,31
gfs_global,precipitation,6,2025-01,31,31
gfs_global,precipitation,6,2025-02,28,28
gfs_global,precipitation,6,2025-03,31,31
gfs_global,precipitation,6,2025-04,30,30
gfs_global,precipitation,6,2025-05,31,31
gfs_global,precipitation,6,2025-06,30,30
gfs_global,precipitation,6,2025-07,31,31
gfs_global,precipitation,6,2025-08,31,31
gfs_global,precipitation,6,2025-09,30,30
gfs_global,precipitation,6,2025-10,31,31
gfs_global,precipitation,6,2025-11,30,30
gfs_global,precipitation,6,2025-12,31,31
gfs_global,precipitation,6,2026-01,31,31
gfs_global,precipitation,6,2026-02,28,28
gfs_global,precipitation,6,2026-03,31,31
gfs_global,precipitation,6,2026-04,30,30
gfs_global,precipitation,6,2026-05,31,31
gfs_global,precipitation,6,2026-06,30,30
gfs_global,precipitation,6,2026-07,31,31
gfs_global,precipitation,6,2026-08,31,31
gfs_global,precipitation,6,2026-09,20,20
gfs_global,precipitation,7,2024-01,31,6
gfs_global,precipitation,7,2024-02,29,29
gfs_global,precipitation,7,2024-03,31,31
gfs_global,precipitation,7,2024-04,30,30
gfs_global,precipitation,7,2024-05,31,31
gfs_global,precipitation,7,2024-06,30,30
gfs_global,precipitation,7,2024-07,31,31
gfs_global,precipitation,7,2024-08,31,31
gfs_global,precipitation,7,2024-09,30,30
gfs_global,precipitation,7,2024-10,31,31
gfs_global,precipitation,7,2024-11,30,30
gfs_global,precipitation,7,2024-12,31,31
gfs_global,precipitation,7,2025-01,31,31
gfs_global,precipitation,7,2025-02,28,28
gfs_global,precipitation,7,2025-03,31,31
gfs_global,precipitation,7,2025-04,30,30
gfs_global,precipitation,7,2025-05,31,31
gfs_global,precipitation,7,2025-06,30,30
gfs_global,precipitation,7,2025-07,31,31
gfs_global,precipitation,7,2025-08,31,31
gfs_global,precipitation,7,2025-09,30,30
gfs_global,precipitation,7,2025-10,31,31
gfs_global,precipitation,7,2025-11,30,30
gfs_global,precipitation,7,2025-12,31,31
gfs_global,precipitation,7,2026-01,31,31
gfs_global,precipitation,7,2026-02,28,28
gfs_global,precipitation,7,2026-03,31,31
gfs_global,precipitation,7,2026-04,30,30
gfs_global,precipitation,7,2026-05,31,31
gfs_global,precipitation,7,2026-06,30,30
gfs_global,precipitation,7,2026-07,31,31
gfs_global,precipitation,7,2026-08,31,31
gfs_global,precipitation,7,2026-09,20,20
gfs_global,temperature_2m,1,2024-01,31,12
gfs_global,temperature_2m,1,2024-02,29,29
gfs_global,temperature_2m,1,2024-03,31,31
gfs_global,temperature_2m,1,2024-04,30,30
gfs_global,temperature_2m,1,2024-05,31,31
gfs_global,temperature_2m,1,2024-06,30,30
gfs_global,temperature_2m,1,2024-07,31,31
gfs_global,temperature_2m,1,2024-08,31,31
gfs_global,temperature_2m,1,2024-09,30,30
gfs_global,temperature_2m,1,2024-10,31,31
gfs_global,temperature_2m,1,2024-11,30,30
gfs_global,temperature_2m,1,2024-12,31,31
gfs_global,temperature_2m,1,2025-01,31,31
gfs_global,temperature_2m,1,2025-02,28,28
gfs_global,temperature_2m,1,2025-03,31,31
gfs_global,temperature_2m,1,2025-04,30,30
gfs_global,temperature_2m,1,2025-05,31,31
gfs_global,temperature_2m,1,2025-06,30,30
gfs_global,temperature_2m,1,2025-07,31,31
gfs_global,temperature_2m,1,2025-08,31,31
gfs_global,temperature_2m,1,2025-09,30,30
gfs_global,temperature_2m,1,2025-10,31,31
gfs_global,temperature_2m,1,2025-11,30,30
gfs_global,temperature_2m,1,2025-12,31,31
gfs_global,temperature_2m,1,2026-01,31,31
gfs_global,temperature_2m,1,2026-02,28,28
gfs_global,temperature_2m,1,2026-03,31,31
gfs_global,temperature_2m,1,2026-04,30,30
gfs_global,temperature_2m,1,2026-05,31,31
gfs_global,temperature_2m,1,2026-06,30,30
gfs_global,temperature_2m,1,2026-07,31,31
gfs_global,temperature_2m,1,2026-08,31,31
gfs_global,temperature_2m,1,2026-09,20,20
gfs_global,temperature_2m,2,2024-01,31,11
gfs_global,temperature_2m,2,2024-02,29,29
gfs_global,temperature_2m,2,2024-03,31,31
gfs_global,temperature_2m,2,2024-04,30,30
gfs_global,temperature_2m,2,2024-05,31,31
gfs_global,temperature_2m,2,2024-06,30,30
gfs_global,temperature_2m,2,2024-07,31,31
gfs_global,temperature_2m,2,2024-08,31,31
gfs_global,temperature_2m,2,2024-09,30,30
gfs_global,temperature_2m,2,2024-10,31,31
gfs_global,temperature_2m,2,2024-11,30,30
gfs_global,temperature_2m,2,2024-12,31,31
gfs_global,temperature_2m,2,2025-01,31,31
gfs_global,temperature_2m,2,2025-02,28,28
gfs_global,temperature_2m,2,2025-03,31,31
gfs_global,temperature_2m,2,2025-04,30,30
gfs_global,temperature_2m,2,2025-05,31,31
gfs_global,temperature_2m,2,2025-06,30,30
gfs_global,temperature_2m,2,2025-07,31,31
gfs_global,temperature_2m,2,2025-08,31,31
gfs_global,temperature_2m,2,2025-09,30,30
gfs_global,temperature_2m,2,2025-10,31,31
gfs_global,temperature_2m,2,2025-11,30,30
gfs_global,temperature_2m,2,2025-12,31,31
gfs_global,temperature_2m,2,2026-01,31,31
gfs_global,temperature_2m,2,2026-02,28,28
gfs_global,temperature_2m,2,2026-03,31,31
gfs_global,temperature_2m,2,2026-04,30,30
gfs_global,temperature_2m,2,2026-05,31,31
gfs_global,temperature_2m,2,2026-06,30,30
gfs_global,temperature_2m,2,2026-07,31,31
gfs_global,temperature_2m,2,2026-08,31,31
gfs_global,temperature_2m,2,2026-09,20,20
gfs_global,temperature_2m,3,2024-01,31,10
gfs_global,temperature_2m,3,2024-02,29,29
gfs_global,temperature_2m,3,2024-03,31,31
gfs_global,temperature_2m,3,2024-04,30,30
gfs_global,temperature_2m,3,2024-05,31,31
gfs_global,temperature_2m,3,2024-06,30,30
gfs_global,temperature_2m,3,2024-07,31,31
gfs_global,temperature_2m,3,2024-08,31,31
gfs_global,temperature_2m,3,2024-09,30,30
gfs_global,temperature_2m,3,2024-10,31,31
gfs_global,temperature_2m,3,2024-11,30,30
gfs_global,temperature_2m,3,2024-12,31,31
gfs_global,temperature_2m,3,2025-01,31,31
gfs_global,temperature_2m,3,2025-02,28,28
gfs_global,temperature_2m,3,2025-03,31,31
gfs_global,temperature_2m,3,2025-04,30,30
gfs_global,temperature_2m,3,2025-05,31,31
gfs_global,temperature_2m,3,2025-06,30,30
gfs_global,temperature_2m,3,2025-07,31,31
gfs_global,temperature_2m,3,2025-08,31,31
gfs_global,temperature_2m,3,2025-09,30,30
gfs_global,temperature_2m,3,2025-10,31,31
gfs_global,temperature_2m,3,2025-11,30,30
gfs_global,temperature_2m,3,2025-12,31,31
gfs_global,temperature_2m,3,2026-01,31,31
gfs_global,temperature_2m,3,2026-02,28,28
gfs_global,temperature_2m,3,2026-03,31,31
gfs_global,temperature_2m,3,2026-04,30,30
gfs_global,temperature_2m,3,2026-05,31,31
gfs_global,temperature_2m,3,2026-06,30,30
gfs_global,temperature_2m,3,2026-07,31,31
gfs_global,temperature_2m,3,2026-08,31,31
gfs_global,temperature_2m,3,2026-09,20,20
gfs_global,temperature_2m,4,2024-01,31,9
gfs_global,temperature_2m,4,2024-02,29,29
gfs_global,temperature_2m,4,2024-03,31,31
gfs_global,temperature_2m,4,2024-04,30,30
gfs_global,temperature_2m,4,2024-05,31,31
gfs_global,temperature_2m,4,2024-06,30,30
gfs_global,temperature_2m,4,2024-07,31,31
gfs_global,temperature_2m,4,2024-08,31,31
gfs_global,temperature_2m,4,2024-09,30,30
gfs_global,temperature_2m,4,2024-10,31,31
gfs_global,temperature_2m,4,2024-11,30,30
gfs_global,temperature_2m,4,2024-12,31,31
gfs_global,temperature_2m,4,2025-01,31,31
gfs_global,temperature_2m,4,2025-02,28,28
gfs_global,temperature_2m,4,2025-03,31,31
gfs_global,temperature_2m,4,2025-04,30,30
gfs_global,temperature_2m,4,2025-05,31,31
gfs_global,temperature_2m,4,2025-06,30,30
gfs_global,temperature_2m,4,2025-07,31,31
gfs_global,temperature_2m,4,2025-08,31,31
gfs_global,temperature_2m,4,2025-09,30,30
gfs_global,temperature_2m,4,2025-10,31,31
gfs_global,temperature_2m,4,2025-11,30,30
gfs_global,temperature_2m,4,2025-12,31,31
gfs_global,temperature_2m,4,2026-01,31,31
gfs_global,temperature_2m,4,2026-02,28,28
gfs_global,temperature_2m,4,2026-03,31,31
gfs_global,temperature_2m,4,2026-04,30,30
gfs_global,temperature_2m,4,2026-05,31,31
gfs_global,temperature_2m,4,2026-06,30,30
gfs_global,temperature_2m,4,2026-07,31,31
gfs_global,temperature_2m,4,2026-08,31,31
gfs_global,temperature_2m,4,2026-09,20,20
gfs_global,temperature_2m,5,2024-01,31,8
gfs_global,temperature_2m,5,2024-02,29,29
gfs_global,temperature_2m,5,2024-03,31,31
gfs_global,temperature_2m,5,2024-04,30,30
gfs_global,temperature_2m,5,2024-05,31,31
gfs_global,temperature_2m,5,2024-06,30,30
gfs_global,temperature_2m,5,2024-07,31,31
gfs_global,temperature_2m,5,2024-08,31,31
gfs_global,temperature_2m,5,2024-09,30,30
gfs_global,temperature_2m,5,2024-10,31,31
gfs_global,temperature_2m,5,2024-11,30,30
gfs_global,temperature_2m,5,2024-12,31,31
gfs_global,temperature_2m,5,2025-01,31,31
gfs_global,temperature_2m,5,2025-02,28,28
gfs_global,temperature_2m,5,2025-03,31,31
gfs_global,temperature_2m,5,2025-04,30,30
gfs_global,temperature_2m,5,2025-05,31,31
gfs_global,temperature_2m,5,2025-06,30,30
gfs_global,temperature_2m,5,2025-07,31,31
gfs_global,temperature_2m,5,2025-08,31,31
gfs_global,temperature_2m,5,2025-09,30,30
gfs_global,temperature_2m,5,2025-10,31,31
gfs_global,temperature_2m,5,2025-11,30,30
gfs_global,temperature_2m,5,2025-12,31,31
gfs_global,temperature_2m,5,2026-01,31,31
gfs_global,temperature_2m,5,2026-02,28,28
gfs_global,temperature_2m,5,2026-03,31,31
gfs_global,temperature_2m,5,2026-04,30,30
gfs_global,temperature_2m,5,2026-05,31,31
gfs_global,temperature_2m,5,2026-06,30,30
gfs_global,temperature_2m,5,2026-07,31,31
gfs_global,temperature_2m,5,2026-08,31,31
gfs_global,temperature_2m,5,2026-09,20,20
gfs_global,temperature_2m,6,2024-01,31,7
gfs_global,temperature_2m,6,2024-02,29,29
gfs_global,temperature_2m,6,2024-03,31,31
gfs_global,temperature_2m,6,2024-04,30,30
gfs_global,temperature_2m,6,2024-05,31,31
gfs_global,temperature_2m,6,2024-06,30,30
gfs_global,temperature_2m,6,2024-07,31,31
gfs_global,temperature_2m,6,2024-08,31,31
gfs_global,temperature_2m,6,2024-09,30,30
gfs_global,temperature_2m,6,2024-10,31,31
gfs_global,temperature_2m,6,2024-11,30,30
gfs_global,temperature_2m,6,2024-12,31,31
gfs_global,temperature_2m,6,2025-01,31,31
gfs_global,temperature_2m,6,2025-02,28,28
gfs_global,temperature_2m,6,2025-03,31,31
gfs_global,temperature_2m,6,2025-04,30,30
gfs_global,temperature_2m,6,2025-05,31,31
gfs_global,temperature_2m,6,2025-06,30,30
gfs_global,temperature_2m,6,2025-07,31,31
gfs_global,temperature_2m,6,2025-08,31,31
gfs_global,temperature_2m,6,2025-09,30,30
gfs_global,temperature_2m,6,2025-10,31,31
gfs_global,temperature_2m,6,2025-11,30,30
gfs_global,temperature_2m,6,2025-12,31,31
gfs_global,temperature_2m,6,2026-01,31,31
gfs_global,temperature_2m,6,2026-02,28,28
gfs_global,temperature_2m,6,2026-03,31,31
gfs_global,temperature_2m,6,2026-04,30,30
gfs_global,temperature_2m,6,2026-05,31,31
gfs_global,temperature_2m,6,2026-06,30,30
gfs_global,temperature_2m,6,2026-07,31,31
gfs_global,temperature_2m,6,2026-08,31,31
gfs_global,temperature_2m,6,2026-09,20,20
gfs_global,temperature_2m,7,2024-01,31,6
gfs_global,temperature_2m,7,2024-02,29,29
gfs_global,temperature_2m,7,2024-03,31,31
gfs_global,temperature_2m,7,2024-04,30,30
gfs_global,temperature_2m,7,2024-05,31,31
gfs_global,temperature_2m,7,2024-06,30,30
gfs_global,temperature_2m,7,2024-07,31,31
gfs_global,temperature_2m,7,2024-08,31,31
gfs_global,temperature_2m,7,2024-09,30,30
gfs_global,temperature_2m,7,2024-10,31,31
gfs_global,temperature_2m,7,2024-11,30,30
gfs_global,temperature_2m,7,2024-12,31,31
gfs_global,temperature_2m,7,2025-01,31,31
gfs_global,temperature_2m,7,2025-02,28,28
gfs_global,temperature_2m,7,2025-03,31,31
gfs_global,temperature_2m,7,2025-04,30,30
gfs_global,temperature_2m,7,2025-05,31,31
gfs_global,temperature_2m,7,2025-06,30,30
gfs_global,temperature_2m,7,2025-07,31,31
gfs_global,temperature_2m,7,2025-08,31,31
gfs_global,temperature_2m,7,2025-09,30,30
gfs_global,temperature_2m,7,2025-10,31,31
gfs_global,temperature_2m,7,2025-11,30,30
gfs_global,temperature_2m,7,2025-12,31,31
gfs_global,temperature_2m,7,2026-01,31,31
gfs_global,temperature_2m,7,2026-02,28,28
gfs_global,temperature_2m,7,2026-03,31,31
gfs_global,temperature_2m,7,2026-04,30,30
gfs_global,temperature_2m,7,2026-05,31,31
gfs_global,temperature_2m,7,2026-06,30,30
gfs_global,temperature_2m,7,2026-07,31,31
gfs_global,temperature_2m,7,2026-08,31,31
gfs_global,temperature_2m,7,2026-09,20,20
gfs_global,wind_gusts_10m,1,2024-01,31,12
gfs_global,wind_gusts_10m,1,2024-02,29,29
gfs_global,wind_gusts_10m,1,2024-03,31,31
gfs_global,wind_gusts_10m,1,2024-04,30,30
gfs_global,wind_gusts_10m,1,2024-05,31,31
gfs_global,wind_gusts_10m,1,2024-06,30,30
gfs_global,wind_gusts_10m,1,2024-07,31,31
gfs_global,wind_gusts_10m,1,2024-08,31,31
gfs_global,wind_gusts_10m,1,2024-09,30,30
gfs_global,wind_gusts_10m,1,2024-10,31,31
gfs_global,wind_gusts_10m,1,2024-11,30,30
gfs_global,wind_gusts_10m,1,2024-12,31,31
gfs_global,wind_gusts_10m,1,2025-01,31,31
gfs_global,wind_gusts_10m,1,2025-02,28,28
gfs_global,wind_gusts_10m,1,2025-03,31,31
gfs_global,wind_gusts_10m,1,2025-04,30,30
gfs_global,wind_gusts_10m,1,2025-05,31,31
gfs_global,wind_gusts_10m,1,2025-06,30,30
gfs_global,wind_gusts_10m,1,2025-07,31,31
gfs_global,wind_gusts_10m,1,2025-08,31,31
gfs_global,wind_gusts_10m,1,2025-09,30,30
gfs_global,wind_gusts_10m,1,2025-10,31,31
gfs_global,wind_gusts_10m,1,2025-11,30,30
gfs_global,wind_gusts_10m,1,2025-12,31,31
gfs_global,wind_gusts_10m,1,2026-01,31,31
gfs_global,wind_gusts_10m,1,2026-02,28,28
gfs_global,wind_gusts_10m,1,2026-03,31,31
gfs_global,wind_gusts_10m,1,2026-04,30,30
gfs_global,wind_gusts_10m,1,2026-05,31,31
gfs_global,wind_gusts_10m,1,2026-06,30,30
gfs_global,wind_gusts_10m,1,2026-07,31,31
gfs_global,wind_gusts_10m,1,2026-08,31,31
gfs_global,wind_gusts_10m,1,2026-09,20,20
gfs_global,wind_gusts_10m,2,2024-01,31,11
gfs_global,wind_gusts_10m,2,2024-02,29,29
gfs_global,wind_gusts_10m,2,2024-03,31,31
gfs_global,wind_gusts_10m,2,2024-04,30,30
gfs_global,wind_gusts_10m,2,2024-05,31,31
gfs_global,wind_gusts_10m,2,2024-06,30,30
gfs_global,wind_gusts_10m,2,2024-07,31,31
gfs_global,wind_gusts_10m,2,2024-08,31,31
gfs_global,wind_gusts_10m,2,2024-09,30,30
gfs_global,wind_gusts_10m,2,2024-10,31,31
gfs_global,wind_gusts_10m,2,2024-11,30,30
gfs_global,wind_gusts_10m,2,2024-12,31,31
gfs_global,wind_gusts_10m,2,2025-01,31,31
gfs_global,wind_gusts_10m,2,2025-02,28,28
gfs_global,wind_gusts_10m,2,2025-03,31,31
gfs_global,wind_gusts_10m,2,2025-04,30,30
gfs_global,wind_gusts_10m,2,2025-05,31,31
gfs_global,wind_gusts_10m,2,2025-06,30,30
gfs_global,wind_gusts_10m,2,2025-07,31,31
gfs_global,wind_gusts_10m,2,2025-08,31,31
gfs_global,wind_gusts_10m,2,2025-09,30,30
gfs_global,wind_gusts_10m,2,2025-10,31,31
gfs_global,wind_gusts_10m,2,2025-11,30,30
gfs_global,wind_gusts_10m,2,2025-12,31,31
gfs_global,wind_gusts_10m,2,2026-01,31,31
gfs_global,wind_gusts_10m,2,2026-02,28,28
gfs_global,wind_gusts_10m,2,2026-03,31,31
gfs_global,wind_gusts_10m,2,2026-04,30,30
gfs_global,wind_gusts_10m,2,2026-05,31,31
gfs_global,wind_gusts_10m,2,2026-06,30,30
gfs_global,wind_gusts_10m,2,2026-07,31,31
gfs_global,wind_gusts_10m,2,2026-08,31,31
gfs_global,wind_gusts_10m,2,2026-09,20,20
gfs_global,wind_gusts_10m,3,2024-01,31,10
gfs_global,wind_gusts_10m,3,2024-02,29,29
gfs_global,wind_gusts_10m,3,2024-03,31,31
gfs_global,wind_gusts_10m,3,2024-04,30,30
gfs_global,wind_gusts_10m,3,2024-05,31,31
gfs_global,wind_gusts_10m,3,2024-06,30,30
gfs_global,wind_gusts_10m,3,2024-07,31,31
gfs_global,wind_gusts_10m,3,2024-08,31,31
gfs_global,wind_gusts_10m,3,2024-09,30,30
gfs_global,wind_gusts_10m,3,2024-10,31,31
gfs_global,wind_gusts_10m,3,2024-11,30,30
gfs_global,wind_gusts_10m,3,2024-12,31,31
gfs_global,wind_gusts_10m,3,2025-01,31,31
gfs_global,wind_gusts_10m,3,2025-02,28,28
gfs_global,wind_gusts_10m,3,2025-03,31,31
gfs_global,wind_gusts_10m,3,2025-04,30,30
gfs_global,wind_gusts_10m,3,2025-05,31,31
gfs_global,wind_gusts_10m,3,2025-06,30,30
gfs_global,wind_gusts_10m,3,2025-07,31,31
gfs_global,wind_gusts_10m,3,2025-08,31,31
gfs_global,wind_gusts_10m,3,2025-09,30,30
gfs_global,wind_gusts_10m,3,2025-10,31,31
gfs_global,wind_gusts_10m,3,2025-11,30,30
gfs_global,wind_gusts_10m,3,2025-12,31,31
gfs_global,wind_gusts_10m,3,2026-01,31,31
gfs_global,wind_gusts_10m,3,2026-02,28,28
gfs_global,wind_gusts_10m,3,2026-03,31,31
gfs_global,wind_gusts_10m,3,2026-04,30,30
gfs_global,wind_gusts_10m,3,2026-05,31,31
gfs_global,wind_gusts_10m,3,2026-06,30,30
gfs_global,wind_gusts_10m,3,2026-07,31,31
gfs_global,wind_gusts_10m,3,2026-08,31,31
gfs_global,wind_gusts_10m,3,2026-09,20,20
gfs_global,wind_gusts_10m,4,2024-01,31,9
gfs_global,wind_gusts_10m,4,2024-02,29,29
gfs_global,wind_gusts_10m,4,2024-03,31,31
gfs_global,wind_gusts_10m,4,2024-04,30,30
gfs_global,wind_gusts_10m,4,2024-05,31,31
gfs_global,wind_gusts_10m,4,2024-06,30,30
gfs_global,wind_gusts_10m,4,2024-07,31,31
gfs_global,wind_gusts_10m,4,2024-08,31,31
gfs_global,wind_gusts_10m,4,2024-09,30,30
gfs_global,wind_gusts_10m,4,2024-10,31,31
gfs_global,wind_gusts_10m,4,2024-11,30,30
gfs_global,wind_gusts_10m,4,2024-12,31,31
gfs_global,wind_gusts_10m,4,2025-01,31,31
gfs_global,wind_gusts_10m,4,2025-02,28,28
gfs_global,wind_gusts_10m,4,2025-03,31,31
gfs_global,wind_gusts_10m,4,2025-04,30,30
gfs_global,wind_gusts_10m,4,2025-05,31,31
gfs_global,wind_gusts_10m,4,2025-06,30,30
gfs_global,wind_gusts_10m,4,2025-07,31,31
gfs_global,wind_gusts_10m,4,2025-08,31,31
gfs_global,wind_gusts_10m,4,2025-09,30,30
gfs_global,wind_gusts_10m,4,2025-10,31,31
gfs_global,wind_gusts_10m,4,2025-11,30,30
gfs_global,wind_gusts_10m,4,2025-12,31,31
gfs_global,wind_gusts_10m,4,2026-01,31,31
gfs_global,wind_gusts_10m,4,2026-02,28,28
gfs_global,wind_gusts_10m,4,2026-03,31,31
gfs_global,wind_gusts_10m,4,2026-04,30,30
gfs_global,wind_gusts_10m,4,2026-05,31,31
gfs_global,wind_gusts_10m,4,2026-06,30,30
gfs_global,wind_gusts_10m,4,2026-07,31,31
gfs_global,wind_gusts_10m,4,2026-08,31,31
gfs_global,wind_gusts_10m,4,2026-09,20,20
gfs_global,wind_gusts_10m,5,2024-01,31,8
gfs_global,wind_gusts_10m,5,2024-02,29,29
gfs_global,wind_gusts_10m,5,2024-03,31,31
gfs_global,wind_gusts_10m,5,2024-04,30,30
gfs_global,wind_gusts_10m,5,2024-05,31,31
gfs_global,wind_gusts_10m,5,2024-06,30,30
gfs_global,wind_gusts_10m,5,2024-07,31,31
gfs_global,wind_gusts_10m,5,2024-08,31,31
gfs_global,wind_gusts_10m,5,2024-09,30,30
gfs_global,wind_gusts_10m,5,2024-10,31,31
gfs_global,wind_gusts_10m,5,2024-11,30,30
gfs_global,wind_gusts_10m,5,2024-12,31,31
gfs_global,wind_gusts_10m,5,2025-01,31,31
gfs_global,wind_gusts_10m,5,2025-02,28,28
gfs_global,wind_gusts_10m,5,2025-03,31,31
gfs_global,wind_gusts_10m,5,2025-04,30,30
gfs_global,wind_gusts_10m,5,2025-05,31,31
gfs_global,wind_gusts_10m,5,2025-06,30,30
gfs_global,wind_gusts_10m,5,2025-07,31,31
gfs_global,wind_gusts_10m,5,2025-08,31,31
gfs_global,wind_gusts_10m,5,2025-09,30,30
gfs_global,wind_gusts_10m,5,2025-10,31,31
gfs_global,wind_gusts_10m,5,2025-11,30,30
gfs_global,wind_gusts_10m,5,2025-12,31,31
gfs_global,wind_gusts_10m,5,2026-01,31,31
gfs_global,wind_gusts_10m,5,2026-02,28,28
gfs_global,wind_gusts_10m,5,2026-03,31,31
gfs_global,wind_gusts_10m,5,2026-04,30,30
gfs_global,wind_gusts_10m,5,2026-05,31,31
gfs_global,wind_gusts_10m,5,2026-06,30,30
gfs_global,wind_gusts_10m,5,2026-07,31,31
gfs_global,wind_gusts_10m,5,2026-08,31,31
gfs_global,wind_gusts_10m,5,2026-09,20,20
gfs_global,wind_gusts_10m,6,2024-01,31,7
gfs_global,wind_gusts_10m,6,2024-02,29,29
gfs_global,wind_gusts_10m,6,2024-03,31,31
gfs_global,wind_gusts_10m,6,2024-04,30,30
gfs_global,wind_gusts_10m,6,2024-05,31,31
gfs_global,wind_gusts_10m,6,2024-06,30,30
gfs_global,wind_gusts_10m,6,2024-07,31,31
gfs_global,wind_gusts_10m,6,2024-08,31,31
gfs_global,wind_gusts_10m,6,2024-09,30,30
gfs_global,wind_gusts_10m,6,2024-10,31,31
gfs_global,wind_gusts_10m,6,2024-11,30,30
gfs_global,wind_gusts_10m,6,2024-12,31,31
gfs_global,wind_gusts_10m,6,2025-01,31,31
gfs_global,wind_gusts_10m,6,2025-02,28,28
gfs_global,wind_gusts_10m,6,2025-03,31,31
gfs_global,wind_gusts_10m,6,2025-04,30,30
gfs_global,wind_gusts_10m,6,2025-05,31,31
gfs_global,wind_gusts_10m,6,2025-06,30,30
gfs_global,wind_gusts_10m,6,2025-07,31,31
gfs_global,wind_gusts_10m,6,2025-08,31,31
gfs_global,wind_gusts_10m,6,2025-09,30,30
gfs_global,wind_gusts_10m,6,2025-10,31,31
gfs_global,wind_gusts_10m,6,2025-11,30,30
gfs_global,wind_gusts_10m,6,2025-12,31,31
gfs_global,wind_gusts_10m,6,2026-01,31,31
gfs_global,wind_gusts_10m,6,2026-02,28,28
gfs_global,wind_gusts_10m,6,2026-03,31,31
gfs_global,wind_gusts_10m,6,2026-04,30,30
gfs_global,wind_gusts_10m,6,2026-05,31,31
gfs_global,wind_gusts_10m,6,2026-06,30,30
gfs_global,wind_gusts_10m,6,2026-07,31,31
gfs_global,wind_gusts_10m,6,2026-08,31,31
gfs_global,wind_gusts_10m,6,2026-09,20,20
gfs_global,wind_gusts_10m,7,2024-01,31,6
gfs_global,wind_gusts_10m,7,2024-02,29,29
gfs_global,wind_gusts_10m,7,2024-03,31,31
gfs_global,wind_gusts_10m,7,2024-04,30,30
gfs_global,wind_gusts_10m,7,2024-05,31,31
gfs_global,wind_gusts_10m,7,2024-06,30,30
gfs_global,wind_gusts_10m,7,2024-07,31,31
gfs_global,wind_gusts_10m,7,2024-08,31,31
gfs_global,wind_gusts_10m,7,2024-09,30,30
gfs_global,wind_gusts_10m,7,2024-10,31,31
gfs_global,wind_gusts_10m,7,2024-11,30,30
gfs_global,wind_gusts_10m,7,2024-12,31,31
gfs_global,wind_gusts_10m,7,2025-01,31,31
gfs_global,wind_gusts_10m,7,2025-02,28,28
gfs_global,wind_gusts_10m,7,2025-03,31,31
gfs_global,wind_gusts_10m,7,2025-04,30,30
gfs_global,wind_gusts_10m,7,2025-05,31,31
gfs_global,wind_gusts_10m,7,2025-06,30,30
gfs_global,wind_gusts_10m,7,2025-07,31,31
gfs_global,wind_gusts_10m,7,2025-08,31,31
gfs_global,wind_gusts_10m,7,2025-09,30,30
gfs_global,wind_gusts_10m,7,2025-10,31,31
gfs_global,wind_gusts_10m,7,2025-11,30,30
gfs_global,wind_gusts_10m,7,2025-12,31,31
gfs_global,wind_gusts_10m,7,2026-01,31,31
gfs_global,wind_gusts_10m,7,2026-02,28,28
gfs_global,wind_gusts_10m,7,2026-03,31,31
gfs_global,wind_gusts_10m,7,2026-04,30,30
gfs_global,wind_gusts_10m,7,2026-05,31,31
gfs_global,wind_gusts_10m,7,2026-06,30,30
gfs_global,wind_gusts_10m,7,2026-07,31,31
gfs_global,wind_gusts_10m,7,2026-08,31,31
gfs_global,wind_gusts_10m,7,2026-09,20,20
gfs_seamless,cape,1,2021-03,31,0
gfs_seamless,cape,1,2021-04,30,0
gfs_seamless,cape,1,2021-05,31,0
gfs_seamless,cape,1,2021-06,30,0
gfs_seamless,cape,1,2021-07,31,0
gfs_seamless,cape,1,2021-08,31,0
gfs_seamless,cape,1,2021-09,30,0
gfs_seamless,cape,1,2021-10,31,0
gfs_seamless,cape,1,2021-11,30,0
gfs_seamless,cape,1,2021-12,31,0
gfs_seamless,cape,1,2022-01,31,0
gfs_seamless,cape,1,2022-02,28,0
gfs_seamless,cape,1,2022-03,31,0
gfs_seamless,cape,1,2022-04,30,0
gfs_seamless,cape,1,2022-05,31,0
gfs_seamless,cape,1,2022-06,30,0
gfs_seamless,cape,1,2022-07,31,0
gfs_seamless,cape,1,2022-08,31,0
gfs_seamless,cape,1,2022-09,30,0
gfs_seamless,cape,1,2022-10,31,0
gfs_seamless,cape,1,2022-11,30,0
gfs_seamless,cape,1,2022-12,31,0
gfs_seamless,cape,1,2023-01,31,0
gfs_seamless,cape,1,2023-02,28,0
gfs_seamless,cape,1,2023-03,31,0
gfs_seamless,cape,1,2023-04,30,0
gfs_seamless,cape,1,2023-05,31,0
gfs_seamless,cape,1,2023-06,30,0
gfs_seamless,cape,1,2023-07,31,0
gfs_seamless,cape,1,2023-08,31,0
gfs_seamless,cape,1,2023-09,30,0
gfs_seamless,cape,1,2023-10,31,0
gfs_seamless,cape,1,2023-11,30,0
gfs_seamless,cape,1,2023-12,31,0
gfs_seamless,cape,1,2024-01,31,12
gfs_seamless,cape,1,2024-02,29,29
gfs_seamless,cape,1,2024-03,31,31
gfs_seamless,cape,1,2024-04,30,30
gfs_seamless,cape,1,2024-05,31,31
gfs_seamless,cape,1,2024-06,30,30
gfs_seamless,cape,1,2024-07,31,31
gfs_seamless,cape,1,2024-08,31,31
gfs_seamless,cape,1,2024-09,30,30
gfs_seamless,cape,1,2024-10,31,31
gfs_seamless,cape,1,2024-11,30,30
gfs_seamless,cape,1,2024-12,31,31
gfs_seamless,cape,1,2025-01,31,31
gfs_seamless,cape,1,2025-02,28,28
gfs_seamless,cape,1,2025-03,31,31
gfs_seamless,cape,1,2025-04,30,30
gfs_seamless,cape,1,2025-05,31,31
gfs_seamless,cape,1,2025-06,30,30
gfs_seamless,cape,1,2025-07,31,31
gfs_seamless,cape,1,2025-08,31,31
gfs_seamless,cape,1,2025-09,30,30
gfs_seamless,cape,1,2025-10,31,31
gfs_seamless,cape,1,2025-11,30,30
gfs_seamless,cape,1,2025-12,31,31
gfs_seamless,cape,1,2026-01,31,31
gfs_seamless,cape,1,2026-02,28,28
gfs_seamless,cape,1,2026-03,31,31
gfs_seamless,cape,1,2026-04,30,30
gfs_seamless,cape,1,2026-05,31,31
gfs_seamless,cape,1,2026-06,30,30
gfs_seamless,cape,1,2026-07,31,31
gfs_seamless,cape,1,2026-08,31,31
gfs_seamless,cape,1,2026-09,20,20
gfs_seamless,cape,2,2021-03,31,0
gfs_seamless,cape,2,2021-04,30,0
gfs_seamless,cape,2,2021-05,31,0
gfs_seamless,cape,2,2021-06,30,0
gfs_seamless,cape,2,2021-07,31,0
gfs_seamless,cape,2,2021-08,31,0
gfs_seamless,cape,2,2021-09,30,0
gfs_seamless,cape,2,2021-10,31,0
gfs_seamless,cape,2,2021-11,30,0
gfs_seamless,cape,2,2021-12,31,0
gfs_seamless,cape,2,2022-01,31,0
gfs_seamless,cape,2,2022-02,28,0
gfs_seamless,cape,2,2022-03,31,0
gfs_seamless,cape,2,2022-04,30,0
gfs_seamless,cape,2,2022-05,31,0
gfs_seamless,cape,2,2022-06,30,0
gfs_seamless,cape,2,2022-07,31,0
gfs_seamless,cape,2,2022-08,31,0
gfs_seamless,cape,2,2022-09,30,0
gfs_seamless,cape,2,2022-10,31,0
gfs_seamless,cape,2,2022-11,30,0
gfs_seamless,cape,2,2022-12,31,0
gfs_seamless,cape,2,2023-01,31,0
gfs_seamless,cape,2,2023-02,28,0
gfs_seamless,cape,2,2023-03,31,0
gfs_seamless,cape,2,2023-04,30,0
gfs_seamless,cape,2,2023-05,31,0
gfs_seamless,cape,2,2023-06,30,0
gfs_seamless,cape,2,2023-07,31,0
gfs_seamless,cape,2,2023-08,31,0
gfs_seamless,cape,2,2023-09,30,0
gfs_seamless,cape,2,2023-10,31,0
gfs_seamless,cape,2,2023-11,30,0
gfs_seamless,cape,2,2023-12,31,0
gfs_seamless,cape,2,2024-01,31,11
gfs_seamless,cape,2,2024-02,29,29
gfs_seamless,cape,2,2024-03,31,31
gfs_seamless,cape,2,2024-04,30,30
gfs_seamless,cape,2,2024-05,31,31
gfs_seamless,cape,2,2024-06,30,30
gfs_seamless,cape,2,2024-07,31,31
gfs_seamless,cape,2,2024-08,31,31
gfs_seamless,cape,2,2024-09,30,30
gfs_seamless,cape,2,2024-10,31,31
gfs_seamless,cape,2,2024-11,30,30
gfs_seamless,cape,2,2024-12,31,31
gfs_seamless,cape,2,2025-01,31,31
gfs_seamless,cape,2,2025-02,28,28
gfs_seamless,cape,2,2025-03,31,31
gfs_seamless,cape,2,2025-04,30,30
gfs_seamless,cape,2,2025-05,31,31
gfs_seamless,cape,2,2025-06,30,30
gfs_seamless,cape,2,2025-07,31,31
gfs_seamless,cape,2,2025-08,31,31
gfs_seamless,cape,2,2025-09,30,30
gfs_seamless,cape,2,2025-10,31,31
gfs_seamless,cape,2,2025-11,30,30
gfs_seamless,cape,2,2025-12,31,31
gfs_seamless,cape,2,2026-01,31,31
gfs_seamless,cape,2,2026-02,28,28
gfs_seamless,cape,2,2026-03,31,31
gfs_seamless,cape,2,2026-04,30,30
gfs_seamless,cape,2,2026-05,31,31
gfs_seamless,cape,2,2026-06,30,30
gfs_seamless,cape,2,2026-07,31,31
gfs_seamless,cape,2,2026-08,31,31
gfs_seamless,cape,2,2026-09,20,20
gfs_seamless,cape,3,2021-03,31,0
gfs_seamless,cape,3,2021-04,30,0
gfs_seamless,cape,3,2021-05,31,0
gfs_seamless,cape,3,2021-06,30,0
gfs_seamless,cape,3,2021-07,31,0
gfs_seamless,cape,3,2021-08,31,0
gfs_seamless,cape,3,2021-09,30,0
gfs_seamless,cape,3,2021-10,31,0
gfs_seamless,cape,3,2021-11,30,0
gfs_seamless,cape,3,2021-12,31,0
gfs_seamless,cape,3,2022-01,31,0
gfs_seamless,cape,3,2022-02,28,0
gfs_seamless,cape,3,2022-03,31,0
gfs_seamless,cape,3,2022-04,30,0
gfs_seamless,cape,3,2022-05,31,0
gfs_seamless,cape,3,2022-06,30,0
gfs_seamless,cape,3,2022-07,31,0
gfs_seamless,cape,3,2022-08,31,0
gfs_seamless,cape,3,2022-09,30,0
gfs_seamless,cape,3,2022-10,31,0
gfs_seamless,cape,3,2022-11,30,0
gfs_seamless,cape,3,2022-12,31,0
gfs_seamless,cape,3,2023-01,31,0
gfs_seamless,cape,3,2023-02,28,0
gfs_seamless,cape,3,2023-03,31,0
gfs_seamless,cape,3,2023-04,30,0
gfs_seamless,cape,3,2023-05,31,0
gfs_seamless,cape,3,2023-06,30,0
gfs_seamless,cape,3,2023-07,31,0
gfs_seamless,cape,3,2023-08,31,0
gfs_seamless,cape,3,2023-09,30,0
gfs_seamless,cape,3,2023-10,31,0
gfs_seamless,cape,3,2023-11,30,0
gfs_seamless,cape,3,2023-12,31,0
gfs_seamless,cape,3,2024-01,31,10
gfs_seamless,cape,3,2024-02,29,29
gfs_seamless,cape,3,2024-03,31,31
gfs_seamless,cape,3,2024-04,30,30
gfs_seamless,cape,3,2024-05,31,31
gfs_seamless,cape,3,2024-06,30,30
gfs_seamless,cape,3,2024-07,31,31
gfs_seamless,cape,3,2024-08,31,31
gfs_seamless,cape,3,2024-09,30,30
gfs_seamless,cape,3,2024-10,31,31
gfs_seamless,cape,3,2024-11,30,30
gfs_seamless,cape,3,2024-12,31,31
gfs_seamless,cape,3,2025-01,31,31
gfs_seamless,cape,3,2025-02,28,28
gfs_seamless,cape,3,2025-03,31,31
gfs_seamless,cape,3,2025-04,30,30
gfs_seamless,cape,3,2025-05,31,31
gfs_seamless,cape,3,2025-06,30,30
gfs_seamless,cape,3,2025-07,31,31
gfs_seamless,cape,3,2025-08,31,31
gfs_seamless,cape,3,2025-09,30,30
gfs_seamless,cape,3,2025-10,31,31
gfs_seamless,cape,3,2025-11,30,30
gfs_seamless,cape,3,2025-12,31,31
gfs_seamless,cape,3,2026-01,31,31
gfs_seamless,cape,3,2026-02,28,28
gfs_seamless,cape,3,2026-03,31,31
gfs_seamless,cape,3,2026-04,30,28
gfs_seamless,cape,3,2026-05,31,31
gfs_seamless,cape,3,2026-06,30,30
gfs_seamless,cape,3,2026-07,31,31
gfs_seamless,cape,3,2026-08,31,31
gfs_seamless,cape,3,2026-09,20,20
gfs_seamless,cape,4,2021-03,31,0
gfs_seamless,cape,4,2021-04,30,0
gfs_seamless,cape,4,2021-05,31,0
gfs_seamless,cape,4,2021-06,30,0
gfs_seamless,cape,4,2021-07,31,0
gfs_seamless,cape,4,2021-08,31,0
gfs_seamless,cape,4,2021-09,30,0
gfs_seamless,cape,4,2021-10,31,0
gfs_seamless,cape,4,2021-11,30,0
gfs_seamless,cape,4,2021-12,31,0
gfs_seamless,cape,4,2022-01,31,0
gfs_seamless,cape,4,2022-02,28,0
gfs_seamless,cape,4,2022-03,31,0
gfs_seamless,cape,4,2022-04,30,0
gfs_seamless,cape,4,2022-05,31,0
gfs_seamless,cape,4,2022-06,30,0
gfs_seamless,cape,4,2022-07,31,0
gfs_seamless,cape,4,2022-08,31,0
gfs_seamless,cape,4,2022-09,30,0
gfs_seamless,cape,4,2022-10,31,0
gfs_seamless,cape,4,2022-11,30,0
gfs_seamless,cape,4,2022-12,31,0
gfs_seamless,cape,4,2023-01,31,0
gfs_seamless,cape,4,2023-02,28,0
gfs_seamless,cape,4,2023-03,31,0
gfs_seamless,cape,4,2023-04,30,0
gfs_seamless,cape,4,2023-05,31,0
gfs_seamless,cape,4,2023-06,30,0
gfs_seamless,cape,4,2023-07,31,0
gfs_seamless,cape,4,2023-08,31,0
gfs_seamless,cape,4,2023-09,30,0
gfs_seamless,cape,4,2023-10,31,0
gfs_seamless,cape,4,2023-11,30,0
gfs_seamless,cape,4,2023-12,31,0
gfs_seamless,cape,4,2024-01,31,9
gfs_seamless,cape,4,2024-02,29,29
gfs_seamless,cape,4,2024-03,31,31
gfs_seamless,cape,4,2024-04,30,30
gfs_seamless,cape,4,2024-05,31,31
gfs_seamless,cape,4,2024-06,30,30
gfs_seamless,cape,4,2024-07,31,31
gfs_seamless,cape,4,2024-08,31,31
gfs_seamless,cape,4,2024-09,30,30
gfs_seamless,cape,4,2024-10,31,31
gfs_seamless,cape,4,2024-11,30,30
gfs_seamless,cape,4,2024-12,31,31
gfs_seamless,cape,4,2025-01,31,31
gfs_seamless,cape,4,2025-02,28,28
gfs_seamless,cape,4,2025-03,31,31
gfs_seamless,cape,4,2025-04,30,30
gfs_seamless,cape,4,2025-05,31,31
gfs_seamless,cape,4,2025-06,30,30
gfs_seamless,cape,4,2025-07,31,31
gfs_seamless,cape,4,2025-08,31,31
gfs_seamless,cape,4,2025-09,30,30
gfs_seamless,cape,4,2025-10,31,31
gfs_seamless,cape,4,2025-11,30,30
gfs_seamless,cape,4,2025-12,31,31
gfs_seamless,cape,4,2026-01,31,31
gfs_seamless,cape,4,2026-02,28,28
gfs_seamless,cape,4,2026-03,31,31
gfs_seamless,cape,4,2026-04,30,30
gfs_seamless,cape,4,2026-05,31,31
gfs_seamless,cape,4,2026-06,30,30
gfs_seamless,cape,4,2026-07,31,31
gfs_seamless,cape,4,2026-08,31,31
gfs_seamless,cape,4,2026-09,20,20
gfs_seamless,cape,5,2021-03,31,0
gfs_seamless,cape,5,2021-04,30,0
gfs_seamless,cape,5,2021-05,31,0
gfs_seamless,cape,5,2021-06,30,0
gfs_seamless,cape,5,2021-07,31,0
gfs_seamless,cape,5,2021-08,31,0
gfs_seamless,cape,5,2021-09,30,0
gfs_seamless,cape,5,2021-10,31,0
gfs_seamless,cape,5,2021-11,30,0
gfs_seamless,cape,5,2021-12,31,0
gfs_seamless,cape,5,2022-01,31,0
gfs_seamless,cape,5,2022-02,28,0
gfs_seamless,cape,5,2022-03,31,0
gfs_seamless,cape,5,2022-04,30,0
gfs_seamless,cape,5,2022-05,31,0
gfs_seamless,cape,5,2022-06,30,0
gfs_seamless,cape,5,2022-07,31,0
gfs_seamless,cape,5,2022-08,31,0
gfs_seamless,cape,5,2022-09,30,0
gfs_seamless,cape,5,2022-10,31,0
gfs_seamless,cape,5,2022-11,30,0
gfs_seamless,cape,5,2022-12,31,0
gfs_seamless,cape,5,2023-01,31,0
gfs_seamless,cape,5,2023-02,28,0
gfs_seamless,cape,5,2023-03,31,0
gfs_seamless,cape,5,2023-04,30,0
gfs_seamless,cape,5,2023-05,31,0
gfs_seamless,cape,5,2023-06,30,0
gfs_seamless,cape,5,2023-07,31,0
gfs_seamless,cape,5,2023-08,31,0
gfs_seamless,cape,5,2023-09,30,0
gfs_seamless,cape,5,2023-10,31,0
gfs_seamless,cape,5,2023-11,30,0
gfs_seamless,cape,5,2023-12,31,0
gfs_seamless,cape,5,2024-01,31,8
gfs_seamless,cape,5,2024-02,29,29
gfs_seamless,cape,5,2024-03,31,31
gfs_seamless,cape,5,2024-04,30,30
gfs_seamless,cape,5,2024-05,31,31
gfs_seamless,cape,5,2024-06,30,30
gfs_seamless,cape,5,2024-07,31,31
gfs_seamless,cape,5,2024-08,31,31
gfs_seamless,cape,5,2024-09,30,30
gfs_seamless,cape,5,2024-10,31,31
gfs_seamless,cape,5,2024-11,30,30
gfs_seamless,cape,5,2024-12,31,31
gfs_seamless,cape,5,2025-01,31,31
gfs_seamless,cape,5,2025-02,28,28
gfs_seamless,cape,5,2025-03,31,31
gfs_seamless,cape,5,2025-04,30,30
gfs_seamless,cape,5,2025-05,31,31
gfs_seamless,cape,5,2025-06,30,30
gfs_seamless,cape,5,2025-07,31,31
gfs_seamless,cape,5,2025-08,31,31
gfs_seamless,cape,5,2025-09,30,30
gfs_seamless,cape,5,2025-10,31,31
gfs_seamless,cape,5,2025-11,30,30
gfs_seamless,cape,5,2025-12,31,31
gfs_seamless,cape,5,2026-01,31,31
gfs_seamless,cape,5,2026-02,28,28
gfs_seamless,cape,5,2026-03,31,31
gfs_seamless,cape,5,2026-04,30,28
gfs_seamless,cape,5,2026-05,31,31
gfs_seamless,cape,5,2026-06,30,30
gfs_seamless,cape,5,2026-07,31,31
gfs_seamless,cape,5,2026-08,31,31
gfs_seamless,cape,5,2026-09,20,20
gfs_seamless,cape,6,2021-03,31,0
gfs_seamless,cape,6,2021-04,30,0
gfs_seamless,cape,6,2021-05,31,0
gfs_seamless,cape,6,2021-06,30,0
gfs_seamless,cape,6,2021-07,31,0
gfs_seamless,cape,6,2021-08,31,0
gfs_seamless,cape,6,2021-09,30,0
gfs_seamless,cape,6,2021-10,31,0
gfs_seamless,cape,6,2021-11,30,0
gfs_seamless,cape,6,2021-12,31,0
gfs_seamless,cape,6,2022-01,31,0
gfs_seamless,cape,6,2022-02,28,0
gfs_seamless,cape,6,2022-03,31,0
gfs_seamless,cape,6,2022-04,30,0
gfs_seamless,cape,6,2022-05,31,0
gfs_seamless,cape,6,2022-06,30,0
gfs_seamless,cape,6,2022-07,31,0
gfs_seamless,cape,6,2022-08,31,0
gfs_seamless,cape,6,2022-09,30,0
gfs_seamless,cape,6,2022-10,31,0
gfs_seamless,cape,6,2022-11,30,0
gfs_seamless,cape,6,2022-12,31,0
gfs_seamless,cape,6,2023-01,31,0
gfs_seamless,cape,6,2023-02,28,0
gfs_seamless,cape,6,2023-03,31,0
gfs_seamless,cape,6,2023-04,30,0
gfs_seamless,cape,6,2023-05,31,0
gfs_seamless,cape,6,2023-06,30,0
gfs_seamless,cape,6,2023-07,31,0
gfs_seamless,cape,6,2023-08,31,0
gfs_seamless,cape,6,2023-09,30,0
gfs_seamless,cape,6,2023-10,31,0
gfs_seamless,cape,6,2023-11,30,0
gfs_seamless,cape,6,2023-12,31,0
gfs_seamless,cape,6,2024-01,31,7
gfs_seamless,cape,6,2024-02,29,29
gfs_seamless,cape,6,2024-03,31,31
gfs_seamless,cape,6,2024-04,30,30
gfs_seamless,cape,6,2024-05,31,31
gfs_seamless,cape,6,2024-06,30,30
gfs_seamless,cape,6,2024-07,31,31
gfs_seamless,cape,6,2024-08,31,31
gfs_seamless,cape,6,2024-09,30,30
gfs_seamless,cape,6,2024-10,31,31
gfs_seamless,cape,6,2024-11,30,30
gfs_seamless,cape,6,2024-12,31,31
gfs_seamless,cape,6,2025-01,31,31
gfs_seamless,cape,6,2025-02,28,28
gfs_seamless,cape,6,2025-03,31,31
gfs_seamless,cape,6,2025-04,30,30
gfs_seamless,cape,6,2025-05,31,31
gfs_seamless,cape,6,2025-06,30,30
gfs_seamless,cape,6,2025-07,31,31
gfs_seamless,cape,6,2025-08,31,31
gfs_seamless,cape,6,2025-09,30,30
gfs_seamless,cape,6,2025-10,31,31
gfs_seamless,cape,6,2025-11,30,30
gfs_seamless,cape,6,2025-12,31,31
gfs_seamless,cape,6,2026-01,31,31
gfs_seamless,cape,6,2026-02,28,28
gfs_seamless,cape,6,2026-03,31,31
gfs_seamless,cape,6,2026-04,30,30
gfs_seamless,cape,6,2026-05,31,31
gfs_seamless,cape,6,2026-06,30,30
gfs_seamless,cape,6,2026-07,31,31
gfs_seamless,cape,6,2026-08,31,31
gfs_seamless,cape,6,2026-09,20,20
gfs_seamless,cape,7,2021-03,31,0
gfs_seamless,cape,7,2021-04,30,0
gfs_seamless,cape,7,2021-05,31,0
gfs_seamless,cape,7,2021-06,30,0
gfs_seamless,cape,7,2021-07,31,0
gfs_seamless,cape,7,2021-08,31,0
gfs_seamless,cape,7,2021-09,30,0
gfs_seamless,cape,7,2021-10,31,0
gfs_seamless,cape,7,2021-11,30,0
gfs_seamless,cape,7,2021-12,31,0
gfs_seamless,cape,7,2022-01,31,0
gfs_seamless,cape,7,2022-02,28,0
gfs_seamless,cape,7,2022-03,31,0
gfs_seamless,cape,7,2022-04,30,0
gfs_seamless,cape,7,2022-05,31,0
gfs_seamless,cape,7,2022-06,30,0
gfs_seamless,cape,7,2022-07,31,0
gfs_seamless,cape,7,2022-08,31,0
gfs_seamless,cape,7,2022-09,30,0
gfs_seamless,cape,7,2022-10,31,0
gfs_seamless,cape,7,2022-11,30,0
gfs_seamless,cape,7,2022-12,31,0
gfs_seamless,cape,7,2023-01,31,0
gfs_seamless,cape,7,2023-02,28,0
gfs_seamless,cape,7,2023-03,31,0
gfs_seamless,cape,7,2023-04,30,0
gfs_seamless,cape,7,2023-05,31,0
gfs_seamless,cape,7,2023-06,30,0
gfs_seamless,cape,7,2023-07,31,0
gfs_seamless,cape,7,2023-08,31,0
gfs_seamless,cape,7,2023-09,30,0
gfs_seamless,cape,7,2023-10,31,0
gfs_seamless,cape,7,2023-11,30,0
gfs_seamless,cape,7,2023-12,31,0
gfs_seamless,cape,7,2024-01,31,6
gfs_seamless,cape,7,2024-02,29,29
gfs_seamless,cape,7,2024-03,31,31
gfs_seamless,cape,7,2024-04,30,30
gfs_seamless,cape,7,2024-05,31,31
gfs_seamless,cape,7,2024-06,30,30
gfs_seamless,cape,7,2024-07,31,31
gfs_seamless,cape,7,2024-08,31,31
gfs_seamless,cape,7,2024-09,30,30
gfs_seamless,cape,7,2024-10,31,31
gfs_seamless,cape,7,2024-11,30,30
gfs_seamless,cape,7,2024-12,31,31
gfs_seamless,cape,7,2025-01,31,31
gfs_seamless,cape,7,2025-02,28,28
gfs_seamless,cape,7,2025-03,31,31
gfs_seamless,cape,7,2025-04,30,30
gfs_seamless,cape,7,2025-05,31,31
gfs_seamless,cape,7,2025-06,30,30
gfs_seamless,cape,7,2025-07,31,31
gfs_seamless,cape,7,2025-08,31,31
gfs_seamless,cape,7,2025-09,30,30
gfs_seamless,cape,7,2025-10,31,31
gfs_seamless,cape,7,2025-11,30,30
gfs_seamless,cape,7,2025-12,31,31
gfs_seamless,cape,7,2026-01,31,31
gfs_seamless,cape,7,2026-02,28,28
gfs_seamless,cape,7,2026-03,31,31
gfs_seamless,cape,7,2026-04,30,30
gfs_seamless,cape,7,2026-05,31,31
gfs_seamless,cape,7,2026-06,30,30
gfs_seamless,cape,7,2026-07,31,31
gfs_seamless,cape,7,2026-08,31,31
gfs_seamless,cape,7,2026-09,20,20
gfs_seamless,precipitation,1,2021-03,31,0
gfs_seamless,precipitation,1,2021-04,30,0
gfs_seamless,precipitation,1,2021-05,31,0
gfs_seamless,precipitation,1,2021-06,30,0
gfs_seamless,precipitation,1,2021-07,31,0
gfs_seamless,precipitation,1,2021-08,31,0
gfs_seamless,precipitation,1,2021-09,30,0
gfs_seamless,precipitation,1,2021-10,31,0
gfs_seamless,precipitation,1,2021-11,30,0
gfs_seamless,precipitation,1,2021-12,31,0
gfs_seamless,precipitation,1,2022-01,31,0
gfs_seamless,precipitation,1,2022-02,28,0
gfs_seamless,precipitation,1,2022-03,31,0
gfs_seamless,precipitation,1,2022-04,30,0
gfs_seamless,precipitation,1,2022-05,31,0
gfs_seamless,precipitation,1,2022-06,30,0
gfs_seamless,precipitation,1,2022-07,31,0
gfs_seamless,precipitation,1,2022-08,31,0
gfs_seamless,precipitation,1,2022-09,30,0
gfs_seamless,precipitation,1,2022-10,31,0
gfs_seamless,precipitation,1,2022-11,30,0
gfs_seamless,precipitation,1,2022-12,31,0
gfs_seamless,precipitation,1,2023-01,31,0
gfs_seamless,precipitation,1,2023-02,28,0
gfs_seamless,precipitation,1,2023-03,31,0
gfs_seamless,precipitation,1,2023-04,30,0
gfs_seamless,precipitation,1,2023-05,31,0
gfs_seamless,precipitation,1,2023-06,30,0
gfs_seamless,precipitation,1,2023-07,31,0
gfs_seamless,precipitation,1,2023-08,31,0
gfs_seamless,precipitation,1,2023-09,30,0
gfs_seamless,precipitation,1,2023-10,31,0
gfs_seamless,precipitation,1,2023-11,30,0
gfs_seamless,precipitation,1,2023-12,31,0
gfs_seamless,precipitation,1,2024-01,31,12
gfs_seamless,precipitation,1,2024-02,29,29
gfs_seamless,precipitation,1,2024-03,31,31
gfs_seamless,precipitation,1,2024-04,30,30
gfs_seamless,precipitation,1,2024-05,31,31
gfs_seamless,precipitation,1,2024-06,30,30
gfs_seamless,precipitation,1,2024-07,31,31
gfs_seamless,precipitation,1,2024-08,31,31
gfs_seamless,precipitation,1,2024-09,30,30
gfs_seamless,precipitation,1,2024-10,31,31
gfs_seamless,precipitation,1,2024-11,30,30
gfs_seamless,precipitation,1,2024-12,31,31
gfs_seamless,precipitation,1,2025-01,31,31
gfs_seamless,precipitation,1,2025-02,28,28
gfs_seamless,precipitation,1,2025-03,31,31
gfs_seamless,precipitation,1,2025-04,30,30
gfs_seamless,precipitation,1,2025-05,31,31
gfs_seamless,precipitation,1,2025-06,30,30
gfs_seamless,precipitation,1,2025-07,31,31
gfs_seamless,precipitation,1,2025-08,31,31
gfs_seamless,precipitation,1,2025-09,30,30
gfs_seamless,precipitation,1,2025-10,31,31
gfs_seamless,precipitation,1,2025-11,30,30
gfs_seamless,precipitation,1,2025-12,31,31
gfs_seamless,precipitation,1,2026-01,31,31
gfs_seamless,precipitation,1,2026-02,28,28
gfs_seamless,precipitation,1,2026-03,31,31
gfs_seamless,precipitation,1,2026-04,30,30
gfs_seamless,precipitation,1,2026-05,31,31
gfs_seamless,precipitation,1,2026-06,30,30
gfs_seamless,precipitation,1,2026-07,31,31
gfs_seamless,precipitation,1,2026-08,31,31
gfs_seamless,precipitation,1,2026-09,20,20
gfs_seamless,precipitation,2,2021-03,31,0
gfs_seamless,precipitation,2,2021-04,30,0
gfs_seamless,precipitation,2,2021-05,31,0
gfs_seamless,precipitation,2,2021-06,30,0
gfs_seamless,precipitation,2,2021-07,31,0
gfs_seamless,precipitation,2,2021-08,31,0
gfs_seamless,precipitation,2,2021-09,30,0
gfs_seamless,precipitation,2,2021-10,31,0
gfs_seamless,precipitation,2,2021-11,30,0
gfs_seamless,precipitation,2,2021-12,31,0
gfs_seamless,precipitation,2,2022-01,31,0
gfs_seamless,precipitation,2,2022-02,28,0
gfs_seamless,precipitation,2,2022-03,31,0
gfs_seamless,precipitation,2,2022-04,30,0
gfs_seamless,precipitation,2,2022-05,31,0
gfs_seamless,precipitation,2,2022-06,30,0
gfs_seamless,precipitation,2,2022-07,31,0
gfs_seamless,precipitation,2,2022-08,31,0
gfs_seamless,precipitation,2,2022-09,30,0
gfs_seamless,precipitation,2,2022-10,31,0
gfs_seamless,precipitation,2,2022-11,30,0
gfs_seamless,precipitation,2,2022-12,31,0
gfs_seamless,precipitation,2,2023-01,31,0
gfs_seamless,precipitation,2,2023-02,28,0
gfs_seamless,precipitation,2,2023-03,31,0
gfs_seamless,precipitation,2,2023-04,30,0
gfs_seamless,precipitation,2,2023-05,31,0
gfs_seamless,precipitation,2,2023-06,30,0
gfs_seamless,precipitation,2,2023-07,31,0
gfs_seamless,precipitation,2,2023-08,31,0
gfs_seamless,precipitation,2,2023-09,30,0
gfs_seamless,precipitation,2,2023-10,31,0
gfs_seamless,precipitation,2,2023-11,30,0
gfs_seamless,precipitation,2,2023-12,31,0
gfs_seamless,precipitation,2,2024-01,31,11
gfs_seamless,precipitation,2,2024-02,29,29
gfs_seamless,precipitation,2,2024-03,31,31
gfs_seamless,precipitation,2,2024-04,30,30
gfs_seamless,precipitation,2,2024-05,31,31
gfs_seamless,precipitation,2,2024-06,30,30
gfs_seamless,precipitation,2,2024-07,31,31
gfs_seamless,precipitation,2,2024-08,31,31
gfs_seamless,precipitation,2,2024-09,30,30
gfs_seamless,precipitation,2,2024-10,31,31
gfs_seamless,precipitation,2,2024-11,30,30
gfs_seamless,precipitation,2,2024-12,31,31
gfs_seamless,precipitation,2,2025-01,31,31
gfs_seamless,precipitation,2,2025-02,28,28
gfs_seamless,precipitation,2,2025-03,31,31
gfs_seamless,precipitation,2,2025-04,30,30
gfs_seamless,precipitation,2,2025-05,31,31
gfs_seamless,precipitation,2,2025-06,30,30
gfs_seamless,precipitation,2,2025-07,31,31
gfs_seamless,precipitation,2,2025-08,31,31
gfs_seamless,precipitation,2,2025-09,30,30
gfs_seamless,precipitation,2,2025-10,31,31
gfs_seamless,precipitation,2,2025-11,30,30
gfs_seamless,precipitation,2,2025-12,31,31
gfs_seamless,precipitation,2,2026-01,31,31
gfs_seamless,precipitation,2,2026-02,28,28
gfs_seamless,precipitation,2,2026-03,31,31
gfs_seamless,precipitation,2,2026-04,30,30
gfs_seamless,precipitation,2,2026-05,31,31
gfs_seamless,precipitation,2,2026-06,30,30
gfs_seamless,precipitation,2,2026-07,31,31
gfs_seamless,precipitation,2,2026-08,31,31
gfs_seamless,precipitation,2,2026-09,20,20
gfs_seamless,precipitation,3,2021-03,31,0
gfs_seamless,precipitation,3,2021-04,30,0
gfs_seamless,precipitation,3,2021-05,31,0
gfs_seamless,precipitation,3,2021-06,30,0
gfs_seamless,precipitation,3,2021-07,31,0
gfs_seamless,precipitation,3,2021-08,31,0
gfs_seamless,precipitation,3,2021-09,30,0
gfs_seamless,precipitation,3,2021-10,31,0
gfs_seamless,precipitation,3,2021-11,30,0
gfs_seamless,precipitation,3,2021-12,31,0
gfs_seamless,precipitation,3,2022-01,31,0
gfs_seamless,precipitation,3,2022-02,28,0
gfs_seamless,precipitation,3,2022-03,31,0
gfs_seamless,precipitation,3,2022-04,30,0
gfs_seamless,precipitation,3,2022-05,31,0
gfs_seamless,precipitation,3,2022-06,30,0
gfs_seamless,precipitation,3,2022-07,31,0
gfs_seamless,precipitation,3,2022-08,31,0
gfs_seamless,precipitation,3,2022-09,30,0
gfs_seamless,precipitation,3,2022-10,31,0
gfs_seamless,precipitation,3,2022-11,30,0
gfs_seamless,precipitation,3,2022-12,31,0
gfs_seamless,precipitation,3,2023-01,31,0
gfs_seamless,precipitation,3,2023-02,28,0
gfs_seamless,precipitation,3,2023-03,31,0
gfs_seamless,precipitation,3,2023-04,30,0
gfs_seamless,precipitation,3,2023-05,31,0
gfs_seamless,precipitation,3,2023-06,30,0
gfs_seamless,precipitation,3,2023-07,31,0
gfs_seamless,precipitation,3,2023-08,31,0
gfs_seamless,precipitation,3,2023-09,30,0
gfs_seamless,precipitation,3,2023-10,31,0
gfs_seamless,precipitation,3,2023-11,30,0
gfs_seamless,precipitation,3,2023-12,31,0
gfs_seamless,precipitation,3,2024-01,31,10
gfs_seamless,precipitation,3,2024-02,29,29
gfs_seamless,precipitation,3,2024-03,31,31
gfs_seamless,precipitation,3,2024-04,30,30
gfs_seamless,precipitation,3,2024-05,31,31
gfs_seamless,precipitation,3,2024-06,30,30
gfs_seamless,precipitation,3,2024-07,31,31
gfs_seamless,precipitation,3,2024-08,31,31
gfs_seamless,precipitation,3,2024-09,30,30
gfs_seamless,precipitation,3,2024-10,31,31
gfs_seamless,precipitation,3,2024-11,30,30
gfs_seamless,precipitation,3,2024-12,31,31
gfs_seamless,precipitation,3,2025-01,31,31
gfs_seamless,precipitation,3,2025-02,28,28
gfs_seamless,precipitation,3,2025-03,31,31
gfs_seamless,precipitation,3,2025-04,30,30
gfs_seamless,precipitation,3,2025-05,31,31
gfs_seamless,precipitation,3,2025-06,30,30
gfs_seamless,precipitation,3,2025-07,31,31
gfs_seamless,precipitation,3,2025-08,31,31
gfs_seamless,precipitation,3,2025-09,30,30
gfs_seamless,precipitation,3,2025-10,31,31
gfs_seamless,precipitation,3,2025-11,30,30
gfs_seamless,precipitation,3,2025-12,31,31
gfs_seamless,precipitation,3,2026-01,31,31
gfs_seamless,precipitation,3,2026-02,28,28
gfs_seamless,precipitation,3,2026-03,31,31
gfs_seamless,precipitation,3,2026-04,30,30
gfs_seamless,precipitation,3,2026-05,31,31
gfs_seamless,precipitation,3,2026-06,30,30
gfs_seamless,precipitation,3,2026-07,31,31
gfs_seamless,precipitation,3,2026-08,31,31
gfs_seamless,precipitation,3,2026-09,20,20
gfs_seamless,precipitation,4,2021-03,31,0
gfs_seamless,precipitation,4,2021-04,30,0
gfs_seamless,precipitation,4,2021-05,31,0
gfs_seamless,precipitation,4,2021-06,30,0
gfs_seamless,precipitation,4,2021-07,31,0
gfs_seamless,precipitation,4,2021-08,31,0
gfs_seamless,precipitation,4,2021-09,30,0
gfs_seamless,precipitation,4,2021-10,31,0
gfs_seamless,precipitation,4,2021-11,30,0
gfs_seamless,precipitation,4,2021-12,31,0
gfs_seamless,precipitation,4,2022-01,31,0
gfs_seamless,precipitation,4,2022-02,28,0
gfs_seamless,precipitation,4,2022-03,31,0
gfs_seamless,precipitation,4,2022-04,30,0
gfs_seamless,precipitation,4,2022-05,31,0
gfs_seamless,precipitation,4,2022-06,30,0
gfs_seamless,precipitation,4,2022-07,31,0
gfs_seamless,precipitation,4,2022-08,31,0
gfs_seamless,precipitation,4,2022-09,30,0
gfs_seamless,precipitation,4,2022-10,31,0
gfs_seamless,precipitation,4,2022-11,30,0
gfs_seamless,precipitation,4,2022-12,31,0
gfs_seamless,precipitation,4,2023-01,31,0
gfs_seamless,precipitation,4,2023-02,28,0
gfs_seamless,precipitation,4,2023-03,31,0
gfs_seamless,precipitation,4,2023-04,30,0
gfs_seamless,precipitation,4,2023-05,31,0
gfs_seamless,precipitation,4,2023-06,30,0
gfs_seamless,precipitation,4,2023-07,31,0
gfs_seamless,precipitation,4,2023-08,31,0
gfs_seamless,precipitation,4,2023-09,30,0
gfs_seamless,precipitation,4,2023-10,31,0
gfs_seamless,precipitation,4,2023-11,30,0
gfs_seamless,precipitation,4,2023-12,31,0
gfs_seamless,precipitation,4,2024-01,31,9
gfs_seamless,precipitation,4,2024-02,29,29
gfs_seamless,precipitation,4,2024-03,31,31
gfs_seamless,precipitation,4,2024-04,30,30
gfs_seamless,precipitation,4,2024-05,31,31
gfs_seamless,precipitation,4,2024-06,30,30
gfs_seamless,precipitation,4,2024-07,31,31
gfs_seamless,precipitation,4,2024-08,31,31
gfs_seamless,precipitation,4,2024-09,30,30
gfs_seamless,precipitation,4,2024-10,31,31
gfs_seamless,precipitation,4,2024-11,30,30
gfs_seamless,precipitation,4,2024-12,31,31
gfs_seamless,precipitation,4,2025-01,31,31
gfs_seamless,precipitation,4,2025-02,28,28
gfs_seamless,precipitation,4,2025-03,31,31
gfs_seamless,precipitation,4,2025-04,30,30
gfs_seamless,precipitation,4,2025-05,31,31
gfs_seamless,precipitation,4,2025-06,30,30
gfs_seamless,precipitation,4,2025-07,31,31
gfs_seamless,precipitation,4,2025-08,31,31
gfs_seamless,precipitation,4,2025-09,30,30
gfs_seamless,precipitation,4,2025-10,31,31
gfs_seamless,precipitation,4,2025-11,30,30
gfs_seamless,precipitation,4,2025-12,31,31
gfs_seamless,precipitation,4,2026-01,31,31
gfs_seamless,precipitation,4,2026-02,28,28
gfs_seamless,precipitation,4,2026-03,31,31
gfs_seamless,precipitation,4,2026-04,30,30
gfs_seamless,precipitation,4,2026-05,31,31
gfs_seamless,precipitation,4,2026-06,30,30
gfs_seamless,precipitation,4,2026-07,31,31
gfs_seamless,precipitation,4,2026-08,31,31
gfs_seamless,precipitation,4,2026-09,20,20
gfs_seamless,precipitation,5,2021-03,31,0
gfs_seamless,precipitation,5,2021-04,30,0
gfs_seamless,precipitation,5,2021-05,31,0
gfs_seamless,precipitation,5,2021-06,30,0
gfs_seamless,precipitation,5,2021-07,31,0
gfs_seamless,precipitation,5,2021-08,31,0
gfs_seamless,precipitation,5,2021-09,30,0
gfs_seamless,precipitation,5,2021-10,31,0
gfs_seamless,precipitation,5,2021-11,30,0
gfs_seamless,precipitation,5,2021-12,31,0
gfs_seamless,precipitation,5,2022-01,31,0
gfs_seamless,precipitation,5,2022-02,28,0
gfs_seamless,precipitation,5,2022-03,31,0
gfs_seamless,precipitation,5,2022-04,30,0
gfs_seamless,precipitation,5,2022-05,31,0
gfs_seamless,precipitation,5,2022-06,30,0
gfs_seamless,precipitation,5,2022-07,31,0
gfs_seamless,precipitation,5,2022-08,31,0
gfs_seamless,precipitation,5,2022-09,30,0
gfs_seamless,precipitation,5,2022-10,31,0
gfs_seamless,precipitation,5,2022-11,30,0
gfs_seamless,precipitation,5,2022-12,31,0
gfs_seamless,precipitation,5,2023-01,31,0
gfs_seamless,precipitation,5,2023-02,28,0
gfs_seamless,precipitation,5,2023-03,31,0
gfs_seamless,precipitation,5,2023-04,30,0
gfs_seamless,precipitation,5,2023-05,31,0
gfs_seamless,precipitation,5,2023-06,30,0
gfs_seamless,precipitation,5,2023-07,31,0
gfs_seamless,precipitation,5,2023-08,31,0
gfs_seamless,precipitation,5,2023-09,30,0
gfs_seamless,precipitation,5,2023-10,31,0
gfs_seamless,precipitation,5,2023-11,30,0
gfs_seamless,precipitation,5,2023-12,31,0
gfs_seamless,precipitation,5,2024-01,31,8
gfs_seamless,precipitation,5,2024-02,29,29
gfs_seamless,precipitation,5,2024-03,31,31
gfs_seamless,precipitation,5,2024-04,30,30
gfs_seamless,precipitation,5,2024-05,31,31
gfs_seamless,precipitation,5,2024-06,30,30
gfs_seamless,precipitation,5,2024-07,31,31
gfs_seamless,precipitation,5,2024-08,31,31
gfs_seamless,precipitation,5,2024-09,30,30
gfs_seamless,precipitation,5,2024-10,31,31
gfs_seamless,precipitation,5,2024-11,30,30
gfs_seamless,precipitation,5,2024-12,31,31
gfs_seamless,precipitation,5,2025-01,31,31
gfs_seamless,precipitation,5,2025-02,28,28
gfs_seamless,precipitation,5,2025-03,31,31
gfs_seamless,precipitation,5,2025-04,30,30
gfs_seamless,precipitation,5,2025-05,31,31
gfs_seamless,precipitation,5,2025-06,30,30
gfs_seamless,precipitation,5,2025-07,31,31
gfs_seamless,precipitation,5,2025-08,31,31
gfs_seamless,precipitation,5,2025-09,30,30
gfs_seamless,precipitation,5,2025-10,31,31
gfs_seamless,precipitation,5,2025-11,30,30
gfs_seamless,precipitation,5,2025-12,31,31
gfs_seamless,precipitation,5,2026-01,31,31
gfs_seamless,precipitation,5,2026-02,28,28
gfs_seamless,precipitation,5,2026-03,31,31
gfs_seamless,precipitation,5,2026-04,30,30
gfs_seamless,precipitation,5,2026-05,31,31
gfs_seamless,precipitation,5,2026-06,30,30
gfs_seamless,precipitation,5,2026-07,31,31
gfs_seamless,precipitation,5,2026-08,31,31
gfs_seamless,precipitation,5,2026-09,20,20
gfs_seamless,precipitation,6,2021-03,31,0
gfs_seamless,precipitation,6,2021-04,30,0
gfs_seamless,precipitation,6,2021-05,31,0
gfs_seamless,precipitation,6,2021-06,30,0
gfs_seamless,precipitation,6,2021-07,31,0
gfs_seamless,precipitation,6,2021-08,31,0
gfs_seamless,precipitation,6,2021-09,30,0
gfs_seamless,precipitation,6,2021-10,31,0
gfs_seamless,precipitation,6,2021-11,30,0
gfs_seamless,precipitation,6,2021-12,31,0
gfs_seamless,precipitation,6,2022-01,31,0
gfs_seamless,precipitation,6,2022-02,28,0
gfs_seamless,precipitation,6,2022-03,31,0
gfs_seamless,precipitation,6,2022-04,30,0
gfs_seamless,precipitation,6,2022-05,31,0
gfs_seamless,precipitation,6,2022-06,30,0
gfs_seamless,precipitation,6,2022-07,31,0
gfs_seamless,precipitation,6,2022-08,31,0
gfs_seamless,precipitation,6,2022-09,30,0
gfs_seamless,precipitation,6,2022-10,31,0
gfs_seamless,precipitation,6,2022-11,30,0
gfs_seamless,precipitation,6,2022-12,31,0
gfs_seamless,precipitation,6,2023-01,31,0
gfs_seamless,precipitation,6,2023-02,28,0
gfs_seamless,precipitation,6,2023-03,31,0
gfs_seamless,precipitation,6,2023-04,30,0
gfs_seamless,precipitation,6,2023-05,31,0
gfs_seamless,precipitation,6,2023-06,30,0
gfs_seamless,precipitation,6,2023-07,31,0
gfs_seamless,precipitation,6,2023-08,31,0
gfs_seamless,precipitation,6,2023-09,30,0
gfs_seamless,precipitation,6,2023-10,31,0
gfs_seamless,precipitation,6,2023-11,30,0
gfs_seamless,precipitation,6,2023-12,31,0
gfs_seamless,precipitation,6,2024-01,31,7
gfs_seamless,precipitation,6,2024-02,29,29
gfs_seamless,precipitation,6,2024-03,31,31
gfs_seamless,precipitation,6,2024-04,30,30
gfs_seamless,precipitation,6,2024-05,31,31
gfs_seamless,precipitation,6,2024-06,30,30
gfs_seamless,precipitation,6,2024-07,31,31
gfs_seamless,precipitation,6,2024-08,31,31
gfs_seamless,precipitation,6,2024-09,30,30
gfs_seamless,precipitation,6,2024-10,31,31
gfs_seamless,precipitation,6,2024-11,30,30
gfs_seamless,precipitation,6,2024-12,31,31
gfs_seamless,precipitation,6,2025-01,31,31
gfs_seamless,precipitation,6,2025-02,28,28
gfs_seamless,precipitation,6,2025-03,31,31
gfs_seamless,precipitation,6,2025-04,30,30
gfs_seamless,precipitation,6,2025-05,31,31
gfs_seamless,precipitation,6,2025-06,30,30
gfs_seamless,precipitation,6,2025-07,31,31
gfs_seamless,precipitation,6,2025-08,31,31
gfs_seamless,precipitation,6,2025-09,30,30
gfs_seamless,precipitation,6,2025-10,31,31
gfs_seamless,precipitation,6,2025-11,30,30
gfs_seamless,precipitation,6,2025-12,31,31
gfs_seamless,precipitation,6,2026-01,31,31
gfs_seamless,precipitation,6,2026-02,28,28
gfs_seamless,precipitation,6,2026-03,31,31
gfs_seamless,precipitation,6,2026-04,30,30
gfs_seamless,precipitation,6,2026-05,31,31
gfs_seamless,precipitation,6,2026-06,30,30
gfs_seamless,precipitation,6,2026-07,31,31
gfs_seamless,precipitation,6,2026-08,31,31
gfs_seamless,precipitation,6,2026-09,20,20
gfs_seamless,precipitation,7,2021-03,31,0
gfs_seamless,precipitation,7,2021-04,30,0
gfs_seamless,precipitation,7,2021-05,31,0
gfs_seamless,precipitation,7,2021-06,30,0
gfs_seamless,precipitation,7,2021-07,31,0
gfs_seamless,precipitation,7,2021-08,31,0
gfs_seamless,precipitation,7,2021-09,30,0
gfs_seamless,precipitation,7,2021-10,31,0
gfs_seamless,precipitation,7,2021-11,30,0
gfs_seamless,precipitation,7,2021-12,31,0
gfs_seamless,precipitation,7,2022-01,31,0
gfs_seamless,precipitation,7,2022-02,28,0
gfs_seamless,precipitation,7,2022-03,31,0
gfs_seamless,precipitation,7,2022-04,30,0
gfs_seamless,precipitation,7,2022-05,31,0
gfs_seamless,precipitation,7,2022-06,30,0
gfs_seamless,precipitation,7,2022-07,31,0
gfs_seamless,precipitation,7,2022-08,31,0
gfs_seamless,precipitation,7,2022-09,30,0
gfs_seamless,precipitation,7,2022-10,31,0
gfs_seamless,precipitation,7,2022-11,30,0
gfs_seamless,precipitation,7,2022-12,31,0
gfs_seamless,precipitation,7,2023-01,31,0
gfs_seamless,precipitation,7,2023-02,28,0
gfs_seamless,precipitation,7,2023-03,31,0
gfs_seamless,precipitation,7,2023-04,30,0
gfs_seamless,precipitation,7,2023-05,31,0
gfs_seamless,precipitation,7,2023-06,30,0
gfs_seamless,precipitation,7,2023-07,31,0
gfs_seamless,precipitation,7,2023-08,31,0
gfs_seamless,precipitation,7,2023-09,30,0
gfs_seamless,precipitation,7,2023-10,31,0
gfs_seamless,precipitation,7,2023-11,30,0
gfs_seamless,precipitation,7,2023-12,31,0
gfs_seamless,precipitation,7,2024-01,31,6
gfs_seamless,precipitation,7,2024-02,29,29
gfs_seamless,precipitation,7,2024-03,31,31
gfs_seamless,precipitation,7,2024-04,30,30
gfs_seamless,precipitation,7,2024-05,31,31
gfs_seamless,precipitation,7,2024-06,30,30
gfs_seamless,precipitation,7,2024-07,31,31
gfs_seamless,precipitation,7,2024-08,31,31
gfs_seamless,precipitation,7,2024-09,30,30
gfs_seamless,precipitation,7,2024-10,31,31
gfs_seamless,precipitation,7,2024-11,30,30
gfs_seamless,precipitation,7,2024-12,31,31
gfs_seamless,precipitation,7,2025-01,31,31
gfs_seamless,precipitation,7,2025-02,28,28
gfs_seamless,precipitation,7,2025-03,31,31
gfs_seamless,precipitation,7,2025-04,30,30
gfs_seamless,precipitation,7,2025-05,31,31
gfs_seamless,precipitation,7,2025-06,30,30
gfs_seamless,precipitation,7,2025-07,31,31
gfs_seamless,precipitation,7,2025-08,31,31
gfs_seamless,precipitation,7,2025-09,30,30
gfs_seamless,precipitation,7,2025-10,31,31
gfs_seamless,precipitation,7,2025-11,30,30
gfs_seamless,precipitation,7,2025-12,31,31
gfs_seamless,precipitation,7,2026-01,31,31
gfs_seamless,precipitation,7,2026-02,28,28
gfs_seamless,precipitation,7,2026-03,31,31
gfs_seamless,precipitation,7,2026-04,30,30
gfs_seamless,precipitation,7,2026-05,31,31
gfs_seamless,precipitation,7,2026-06,30,30
gfs_seamless,precipitation,7,2026-07,31,31
gfs_seamless,precipitation,7,2026-08,31,31
gfs_seamless,precipitation,7,2026-09,20,20
gfs_seamless,temperature_2m,1,2021-03,31,7
gfs_seamless,temperature_2m,1,2021-04,30,30
gfs_seamless,temperature_2m,1,2021-05,31,31
gfs_seamless,temperature_2m,1,2021-06,30,30
gfs_seamless,temperature_2m,1,2021-07,31,31
gfs_seamless,temperature_2m,1,2021-08,31,31
gfs_seamless,temperature_2m,1,2021-09,30,30
gfs_seamless,temperature_2m,1,2021-10,31,31
gfs_seamless,temperature_2m,1,2021-11,30,30
gfs_seamless,temperature_2m,1,2021-12,31,31
gfs_seamless,temperature_2m,1,2022-01,31,31
gfs_seamless,temperature_2m,1,2022-02,28,28
gfs_seamless,temperature_2m,1,2022-03,31,31
gfs_seamless,temperature_2m,1,2022-04,30,30
gfs_seamless,temperature_2m,1,2022-05,31,31
gfs_seamless,temperature_2m,1,2022-06,30,30
gfs_seamless,temperature_2m,1,2022-07,31,31
gfs_seamless,temperature_2m,1,2022-08,31,31
gfs_seamless,temperature_2m,1,2022-09,30,30
gfs_seamless,temperature_2m,1,2022-10,31,31
gfs_seamless,temperature_2m,1,2022-11,30,30
gfs_seamless,temperature_2m,1,2022-12,31,31
gfs_seamless,temperature_2m,1,2023-01,31,31
gfs_seamless,temperature_2m,1,2023-02,28,28
gfs_seamless,temperature_2m,1,2023-03,31,31
gfs_seamless,temperature_2m,1,2023-04,30,30
gfs_seamless,temperature_2m,1,2023-05,31,31
gfs_seamless,temperature_2m,1,2023-06,30,30
gfs_seamless,temperature_2m,1,2023-07,31,31
gfs_seamless,temperature_2m,1,2023-08,31,31
gfs_seamless,temperature_2m,1,2023-09,30,30
gfs_seamless,temperature_2m,1,2023-10,31,31
gfs_seamless,temperature_2m,1,2023-11,30,30
gfs_seamless,temperature_2m,1,2023-12,31,29
gfs_seamless,temperature_2m,1,2024-01,31,12
gfs_seamless,temperature_2m,1,2024-02,29,29
gfs_seamless,temperature_2m,1,2024-03,31,31
gfs_seamless,temperature_2m,1,2024-04,30,30
gfs_seamless,temperature_2m,1,2024-05,31,31
gfs_seamless,temperature_2m,1,2024-06,30,30
gfs_seamless,temperature_2m,1,2024-07,31,31
gfs_seamless,temperature_2m,1,2024-08,31,31
gfs_seamless,temperature_2m,1,2024-09,30,30
gfs_seamless,temperature_2m,1,2024-10,31,31
gfs_seamless,temperature_2m,1,2024-11,30,30
gfs_seamless,temperature_2m,1,2024-12,31,31
gfs_seamless,temperature_2m,1,2025-01,31,31
gfs_seamless,temperature_2m,1,2025-02,28,28
gfs_seamless,temperature_2m,1,2025-03,31,31
gfs_seamless,temperature_2m,1,2025-04,30,30
gfs_seamless,temperature_2m,1,2025-05,31,31
gfs_seamless,temperature_2m,1,2025-06,30,30
gfs_seamless,temperature_2m,1,2025-07,31,31
gfs_seamless,temperature_2m,1,2025-08,31,31
gfs_seamless,temperature_2m,1,2025-09,30,30
gfs_seamless,temperature_2m,1,2025-10,31,31
gfs_seamless,temperature_2m,1,2025-11,30,30
gfs_seamless,temperature_2m,1,2025-12,31,31
gfs_seamless,temperature_2m,1,2026-01,31,31
gfs_seamless,temperature_2m,1,2026-02,28,28
gfs_seamless,temperature_2m,1,2026-03,31,31
gfs_seamless,temperature_2m,1,2026-04,30,30
gfs_seamless,temperature_2m,1,2026-05,31,31
gfs_seamless,temperature_2m,1,2026-06,30,30
gfs_seamless,temperature_2m,1,2026-07,31,31
gfs_seamless,temperature_2m,1,2026-08,31,31
gfs_seamless,temperature_2m,1,2026-09,20,20
gfs_seamless,temperature_2m,2,2021-03,31,6
gfs_seamless,temperature_2m,2,2021-04,30,30
gfs_seamless,temperature_2m,2,2021-05,31,31
gfs_seamless,temperature_2m,2,2021-06,30,30
gfs_seamless,temperature_2m,2,2021-07,31,31
gfs_seamless,temperature_2m,2,2021-08,31,31
gfs_seamless,temperature_2m,2,2021-09,30,30
gfs_seamless,temperature_2m,2,2021-10,31,31
gfs_seamless,temperature_2m,2,2021-11,30,30
gfs_seamless,temperature_2m,2,2021-12,31,31
gfs_seamless,temperature_2m,2,2022-01,31,31
gfs_seamless,temperature_2m,2,2022-02,28,28
gfs_seamless,temperature_2m,2,2022-03,31,31
gfs_seamless,temperature_2m,2,2022-04,30,30
gfs_seamless,temperature_2m,2,2022-05,31,31
gfs_seamless,temperature_2m,2,2022-06,30,30
gfs_seamless,temperature_2m,2,2022-07,31,31
gfs_seamless,temperature_2m,2,2022-08,31,31
gfs_seamless,temperature_2m,2,2022-09,30,30
gfs_seamless,temperature_2m,2,2022-10,31,31
gfs_seamless,temperature_2m,2,2022-11,30,30
gfs_seamless,temperature_2m,2,2022-12,31,31
gfs_seamless,temperature_2m,2,2023-01,31,31
gfs_seamless,temperature_2m,2,2023-02,28,28
gfs_seamless,temperature_2m,2,2023-03,31,31
gfs_seamless,temperature_2m,2,2023-04,30,30
gfs_seamless,temperature_2m,2,2023-05,31,31
gfs_seamless,temperature_2m,2,2023-06,30,30
gfs_seamless,temperature_2m,2,2023-07,31,31
gfs_seamless,temperature_2m,2,2023-08,31,31
gfs_seamless,temperature_2m,2,2023-09,30,30
gfs_seamless,temperature_2m,2,2023-10,31,31
gfs_seamless,temperature_2m,2,2023-11,30,30
gfs_seamless,temperature_2m,2,2023-12,31,29
gfs_seamless,temperature_2m,2,2024-01,31,11
gfs_seamless,temperature_2m,2,2024-02,29,29
gfs_seamless,temperature_2m,2,2024-03,31,31
gfs_seamless,temperature_2m,2,2024-04,30,30
gfs_seamless,temperature_2m,2,2024-05,31,31
gfs_seamless,temperature_2m,2,2024-06,30,30
gfs_seamless,temperature_2m,2,2024-07,31,31
gfs_seamless,temperature_2m,2,2024-08,31,31
gfs_seamless,temperature_2m,2,2024-09,30,30
gfs_seamless,temperature_2m,2,2024-10,31,31
gfs_seamless,temperature_2m,2,2024-11,30,30
gfs_seamless,temperature_2m,2,2024-12,31,31
gfs_seamless,temperature_2m,2,2025-01,31,31
gfs_seamless,temperature_2m,2,2025-02,28,28
gfs_seamless,temperature_2m,2,2025-03,31,31
gfs_seamless,temperature_2m,2,2025-04,30,30
gfs_seamless,temperature_2m,2,2025-05,31,31
gfs_seamless,temperature_2m,2,2025-06,30,30
gfs_seamless,temperature_2m,2,2025-07,31,31
gfs_seamless,temperature_2m,2,2025-08,31,31
gfs_seamless,temperature_2m,2,2025-09,30,30
gfs_seamless,temperature_2m,2,2025-10,31,31
gfs_seamless,temperature_2m,2,2025-11,30,30
gfs_seamless,temperature_2m,2,2025-12,31,31
gfs_seamless,temperature_2m,2,2026-01,31,31
gfs_seamless,temperature_2m,2,2026-02,28,28
gfs_seamless,temperature_2m,2,2026-03,31,31
gfs_seamless,temperature_2m,2,2026-04,30,30
gfs_seamless,temperature_2m,2,2026-05,31,31
gfs_seamless,temperature_2m,2,2026-06,30,30
gfs_seamless,temperature_2m,2,2026-07,31,31
gfs_seamless,temperature_2m,2,2026-08,31,31
gfs_seamless,temperature_2m,2,2026-09,20,20
gfs_seamless,temperature_2m,3,2021-03,31,5
gfs_seamless,temperature_2m,3,2021-04,30,30
gfs_seamless,temperature_2m,3,2021-05,31,31
gfs_seamless,temperature_2m,3,2021-06,30,30
gfs_seamless,temperature_2m,3,2021-07,31,31
gfs_seamless,temperature_2m,3,2021-08,31,31
gfs_seamless,temperature_2m,3,2021-09,30,30
gfs_seamless,temperature_2m,3,2021-10,31,31
gfs_seamless,temperature_2m,3,2021-11,30,30
gfs_seamless,temperature_2m,3,2021-12,31,31
gfs_seamless,temperature_2m,3,2022-01,31,31
gfs_seamless,temperature_2m,3,2022-02,28,28
gfs_seamless,temperature_2m,3,2022-03,31,31
gfs_seamless,temperature_2m,3,2022-04,30,30
gfs_seamless,temperature_2m,3,2022-05,31,31
gfs_seamless,temperature_2m,3,2022-06,30,30
gfs_seamless,temperature_2m,3,2022-07,31,31
gfs_seamless,temperature_2m,3,2022-08,31,31
gfs_seamless,temperature_2m,3,2022-09,30,30
gfs_seamless,temperature_2m,3,2022-10,31,31
gfs_seamless,temperature_2m,3,2022-11,30,30
gfs_seamless,temperature_2m,3,2022-12,31,31
gfs_seamless,temperature_2m,3,2023-01,31,31
gfs_seamless,temperature_2m,3,2023-02,28,28
gfs_seamless,temperature_2m,3,2023-03,31,31
gfs_seamless,temperature_2m,3,2023-04,30,30
gfs_seamless,temperature_2m,3,2023-05,31,31
gfs_seamless,temperature_2m,3,2023-06,30,30
gfs_seamless,temperature_2m,3,2023-07,31,31
gfs_seamless,temperature_2m,3,2023-08,31,31
gfs_seamless,temperature_2m,3,2023-09,30,30
gfs_seamless,temperature_2m,3,2023-10,31,31
gfs_seamless,temperature_2m,3,2023-11,30,30
gfs_seamless,temperature_2m,3,2023-12,31,29
gfs_seamless,temperature_2m,3,2024-01,31,10
gfs_seamless,temperature_2m,3,2024-02,29,29
gfs_seamless,temperature_2m,3,2024-03,31,31
gfs_seamless,temperature_2m,3,2024-04,30,30
gfs_seamless,temperature_2m,3,2024-05,31,31
gfs_seamless,temperature_2m,3,2024-06,30,30
gfs_seamless,temperature_2m,3,2024-07,31,31
gfs_seamless,temperature_2m,3,2024-08,31,31
gfs_seamless,temperature_2m,3,2024-09,30,30
gfs_seamless,temperature_2m,3,2024-10,31,31
gfs_seamless,temperature_2m,3,2024-11,30,30
gfs_seamless,temperature_2m,3,2024-12,31,31
gfs_seamless,temperature_2m,3,2025-01,31,31
gfs_seamless,temperature_2m,3,2025-02,28,28
gfs_seamless,temperature_2m,3,2025-03,31,31
gfs_seamless,temperature_2m,3,2025-04,30,30
gfs_seamless,temperature_2m,3,2025-05,31,31
gfs_seamless,temperature_2m,3,2025-06,30,30
gfs_seamless,temperature_2m,3,2025-07,31,31
gfs_seamless,temperature_2m,3,2025-08,31,31
gfs_seamless,temperature_2m,3,2025-09,30,30
gfs_seamless,temperature_2m,3,2025-10,31,31
gfs_seamless,temperature_2m,3,2025-11,30,30
gfs_seamless,temperature_2m,3,2025-12,31,31
gfs_seamless,temperature_2m,3,2026-01,31,31
gfs_seamless,temperature_2m,3,2026-02,28,28
gfs_seamless,temperature_2m,3,2026-03,31,31
gfs_seamless,temperature_2m,3,2026-04,30,30
gfs_seamless,temperature_2m,3,2026-05,31,31
gfs_seamless,temperature_2m,3,2026-06,30,30
gfs_seamless,temperature_2m,3,2026-07,31,31
gfs_seamless,temperature_2m,3,2026-08,31,31
gfs_seamless,temperature_2m,3,2026-09,20,20
gfs_seamless,temperature_2m,4,2021-03,31,4
gfs_seamless,temperature_2m,4,2021-04,30,30
gfs_seamless,temperature_2m,4,2021-05,31,31
gfs_seamless,temperature_2m,4,2021-06,30,30
gfs_seamless,temperature_2m,4,2021-07,31,31
gfs_seamless,temperature_2m,4,2021-08,31,31
gfs_seamless,temperature_2m,4,2021-09,30,30
gfs_seamless,temperature_2m,4,2021-10,31,31
gfs_seamless,temperature_2m,4,2021-11,30,30
gfs_seamless,temperature_2m,4,2021-12,31,31
gfs_seamless,temperature_2m,4,2022-01,31,31
gfs_seamless,temperature_2m,4,2022-02,28,28
gfs_seamless,temperature_2m,4,2022-03,31,31
gfs_seamless,temperature_2m,4,2022-04,30,30
gfs_seamless,temperature_2m,4,2022-05,31,31
gfs_seamless,temperature_2m,4,2022-06,30,30
gfs_seamless,temperature_2m,4,2022-07,31,31
gfs_seamless,temperature_2m,4,2022-08,31,31
gfs_seamless,temperature_2m,4,2022-09,30,30
gfs_seamless,temperature_2m,4,2022-10,31,31
gfs_seamless,temperature_2m,4,2022-11,30,30
gfs_seamless,temperature_2m,4,2022-12,31,31
gfs_seamless,temperature_2m,4,2023-01,31,31
gfs_seamless,temperature_2m,4,2023-02,28,28
gfs_seamless,temperature_2m,4,2023-03,31,31
gfs_seamless,temperature_2m,4,2023-04,30,30
gfs_seamless,temperature_2m,4,2023-05,31,31
gfs_seamless,temperature_2m,4,2023-06,30,30
gfs_seamless,temperature_2m,4,2023-07,31,31
gfs_seamless,temperature_2m,4,2023-08,31,31
gfs_seamless,temperature_2m,4,2023-09,30,30
gfs_seamless,temperature_2m,4,2023-10,31,31
gfs_seamless,temperature_2m,4,2023-11,30,30
gfs_seamless,temperature_2m,4,2023-12,31,29
gfs_seamless,temperature_2m,4,2024-01,31,9
gfs_seamless,temperature_2m,4,2024-02,29,29
gfs_seamless,temperature_2m,4,2024-03,31,31
gfs_seamless,temperature_2m,4,2024-04,30,30
gfs_seamless,temperature_2m,4,2024-05,31,31
gfs_seamless,temperature_2m,4,2024-06,30,30
gfs_seamless,temperature_2m,4,2024-07,31,31
gfs_seamless,temperature_2m,4,2024-08,31,31
gfs_seamless,temperature_2m,4,2024-09,30,30
gfs_seamless,temperature_2m,4,2024-10,31,31
gfs_seamless,temperature_2m,4,2024-11,30,30
gfs_seamless,temperature_2m,4,2024-12,31,31
gfs_seamless,temperature_2m,4,2025-01,31,31
gfs_seamless,temperature_2m,4,2025-02,28,28
gfs_seamless,temperature_2m,4,2025-03,31,31
gfs_seamless,temperature_2m,4,2025-04,30,30
gfs_seamless,temperature_2m,4,2025-05,31,31
gfs_seamless,temperature_2m,4,2025-06,30,30
gfs_seamless,temperature_2m,4,2025-07,31,31
gfs_seamless,temperature_2m,4,2025-08,31,31
gfs_seamless,temperature_2m,4,2025-09,30,30
gfs_seamless,temperature_2m,4,2025-10,31,31
gfs_seamless,temperature_2m,4,2025-11,30,30
gfs_seamless,temperature_2m,4,2025-12,31,31
gfs_seamless,temperature_2m,4,2026-01,31,31
gfs_seamless,temperature_2m,4,2026-02,28,28
gfs_seamless,temperature_2m,4,2026-03,31,31
gfs_seamless,temperature_2m,4,2026-04,30,30
gfs_seamless,temperature_2m,4,2026-05,31,31
gfs_seamless,temperature_2m,4,2026-06,30,30
gfs_seamless,temperature_2m,4,2026-07,31,31
gfs_seamless,temperature_2m,4,2026-08,31,31
gfs_seamless,temperature_2m,4,2026-09,20,20
gfs_seamless,temperature_2m,5,2021-03,31,3
gfs_seamless,temperature_2m,5,2021-04,30,30
gfs_seamless,temperature_2m,5,2021-05,31,31
gfs_seamless,temperature_2m,5,2021-06,30,30
gfs_seamless,temperature_2m,5,2021-07,31,31
gfs_seamless,temperature_2m,5,2021-08,31,31
gfs_seamless,temperature_2m,5,2021-09,30,30
gfs_seamless,temperature_2m,5,2021-10,31,31
gfs_seamless,temperature_2m,5,2021-11,30,30
gfs_seamless,temperature_2m,5,2021-12,31,31
gfs_seamless,temperature_2m,5,2022-01,31,31
gfs_seamless,temperature_2m,5,2022-02,28,28
gfs_seamless,temperature_2m,5,2022-03,31,31
gfs_seamless,temperature_2m,5,2022-04,30,30
gfs_seamless,temperature_2m,5,2022-05,31,31
gfs_seamless,temperature_2m,5,2022-06,30,30
gfs_seamless,temperature_2m,5,2022-07,31,31
gfs_seamless,temperature_2m,5,2022-08,31,31
gfs_seamless,temperature_2m,5,2022-09,30,30
gfs_seamless,temperature_2m,5,2022-10,31,31
gfs_seamless,temperature_2m,5,2022-11,30,30
gfs_seamless,temperature_2m,5,2022-12,31,31
gfs_seamless,temperature_2m,5,2023-01,31,31
gfs_seamless,temperature_2m,5,2023-02,28,28
gfs_seamless,temperature_2m,5,2023-03,31,31
gfs_seamless,temperature_2m,5,2023-04,30,30
gfs_seamless,temperature_2m,5,2023-05,31,31
gfs_seamless,temperature_2m,5,2023-06,30,30
gfs_seamless,temperature_2m,5,2023-07,31,31
gfs_seamless,temperature_2m,5,2023-08,31,31
gfs_seamless,temperature_2m,5,2023-09,30,30
gfs_seamless,temperature_2m,5,2023-10,31,31
gfs_seamless,temperature_2m,5,2023-11,30,30
gfs_seamless,temperature_2m,5,2023-12,31,29
gfs_seamless,temperature_2m,5,2024-01,31,8
gfs_seamless,temperature_2m,5,2024-02,29,29
gfs_seamless,temperature_2m,5,2024-03,31,31
gfs_seamless,temperature_2m,5,2024-04,30,30
gfs_seamless,temperature_2m,5,2024-05,31,31
gfs_seamless,temperature_2m,5,2024-06,30,30
gfs_seamless,temperature_2m,5,2024-07,31,31
gfs_seamless,temperature_2m,5,2024-08,31,31
gfs_seamless,temperature_2m,5,2024-09,30,30
gfs_seamless,temperature_2m,5,2024-10,31,31
gfs_seamless,temperature_2m,5,2024-11,30,30
gfs_seamless,temperature_2m,5,2024-12,31,31
gfs_seamless,temperature_2m,5,2025-01,31,31
gfs_seamless,temperature_2m,5,2025-02,28,28
gfs_seamless,temperature_2m,5,2025-03,31,31
gfs_seamless,temperature_2m,5,2025-04,30,30
gfs_seamless,temperature_2m,5,2025-05,31,31
gfs_seamless,temperature_2m,5,2025-06,30,30
gfs_seamless,temperature_2m,5,2025-07,31,31
gfs_seamless,temperature_2m,5,2025-08,31,31
gfs_seamless,temperature_2m,5,2025-09,30,30
gfs_seamless,temperature_2m,5,2025-10,31,31
gfs_seamless,temperature_2m,5,2025-11,30,30
gfs_seamless,temperature_2m,5,2025-12,31,31
gfs_seamless,temperature_2m,5,2026-01,31,31
gfs_seamless,temperature_2m,5,2026-02,28,28
gfs_seamless,temperature_2m,5,2026-03,31,31
gfs_seamless,temperature_2m,5,2026-04,30,30
gfs_seamless,temperature_2m,5,2026-05,31,31
gfs_seamless,temperature_2m,5,2026-06,30,30
gfs_seamless,temperature_2m,5,2026-07,31,31
gfs_seamless,temperature_2m,5,2026-08,31,31
gfs_seamless,temperature_2m,5,2026-09,20,20
gfs_seamless,temperature_2m,6,2021-03,31,2
gfs_seamless,temperature_2m,6,2021-04,30,30
gfs_seamless,temperature_2m,6,2021-05,31,31
gfs_seamless,temperature_2m,6,2021-06,30,30
gfs_seamless,temperature_2m,6,2021-07,31,31
gfs_seamless,temperature_2m,6,2021-08,31,31
gfs_seamless,temperature_2m,6,2021-09,30,30
gfs_seamless,temperature_2m,6,2021-10,31,31
gfs_seamless,temperature_2m,6,2021-11,30,30
gfs_seamless,temperature_2m,6,2021-12,31,31
gfs_seamless,temperature_2m,6,2022-01,31,31
gfs_seamless,temperature_2m,6,2022-02,28,28
gfs_seamless,temperature_2m,6,2022-03,31,31
gfs_seamless,temperature_2m,6,2022-04,30,30
gfs_seamless,temperature_2m,6,2022-05,31,31
gfs_seamless,temperature_2m,6,2022-06,30,30
gfs_seamless,temperature_2m,6,2022-07,31,31
gfs_seamless,temperature_2m,6,2022-08,31,31
gfs_seamless,temperature_2m,6,2022-09,30,30
gfs_seamless,temperature_2m,6,2022-10,31,31
gfs_seamless,temperature_2m,6,2022-11,30,30
gfs_seamless,temperature_2m,6,2022-12,31,31
gfs_seamless,temperature_2m,6,2023-01,31,31
gfs_seamless,temperature_2m,6,2023-02,28,28
gfs_seamless,temperature_2m,6,2023-03,31,31
gfs_seamless,temperature_2m,6,2023-04,30,30
gfs_seamless,temperature_2m,6,2023-05,31,31
gfs_seamless,temperature_2m,6,2023-06,30,30
gfs_seamless,temperature_2m,6,2023-07,31,31
gfs_seamless,temperature_2m,6,2023-08,31,31
gfs_seamless,temperature_2m,6,2023-09,30,30
gfs_seamless,temperature_2m,6,2023-10,31,31
gfs_seamless,temperature_2m,6,2023-11,30,30
gfs_seamless,temperature_2m,6,2023-12,31,29
gfs_seamless,temperature_2m,6,2024-01,31,7
gfs_seamless,temperature_2m,6,2024-02,29,29
gfs_seamless,temperature_2m,6,2024-03,31,31
gfs_seamless,temperature_2m,6,2024-04,30,30
gfs_seamless,temperature_2m,6,2024-05,31,31
gfs_seamless,temperature_2m,6,2024-06,30,30
gfs_seamless,temperature_2m,6,2024-07,31,31
gfs_seamless,temperature_2m,6,2024-08,31,31
gfs_seamless,temperature_2m,6,2024-09,30,30
gfs_seamless,temperature_2m,6,2024-10,31,31
gfs_seamless,temperature_2m,6,2024-11,30,30
gfs_seamless,temperature_2m,6,2024-12,31,31
gfs_seamless,temperature_2m,6,2025-01,31,31
gfs_seamless,temperature_2m,6,2025-02,28,28
gfs_seamless,temperature_2m,6,2025-03,31,31
gfs_seamless,temperature_2m,6,2025-04,30,30
gfs_seamless,temperature_2m,6,2025-05,31,31
gfs_seamless,temperature_2m,6,2025-06,30,30
gfs_seamless,temperature_2m,6,2025-07,31,31
gfs_seamless,temperature_2m,6,2025-08,31,31
gfs_seamless,temperature_2m,6,2025-09,30,30
gfs_seamless,temperature_2m,6,2025-10,31,31
gfs_seamless,temperature_2m,6,2025-11,30,30
gfs_seamless,temperature_2m,6,2025-12,31,31
gfs_seamless,temperature_2m,6,2026-01,31,31
gfs_seamless,temperature_2m,6,2026-02,28,28
gfs_seamless,temperature_2m,6,2026-03,31,31
gfs_seamless,temperature_2m,6,2026-04,30,30
gfs_seamless,temperature_2m,6,2026-05,31,31
gfs_seamless,temperature_2m,6,2026-06,30,30
gfs_seamless,temperature_2m,6,2026-07,31,31
gfs_seamless,temperature_2m,6,2026-08,31,31
gfs_seamless,temperature_2m,6,2026-09,20,20
gfs_seamless,temperature_2m,7,2021-03,31,1
gfs_seamless,temperature_2m,7,2021-04,30,30
gfs_seamless,temperature_2m,7,2021-05,31,31
gfs_seamless,temperature_2m,7,2021-06,30,30
gfs_seamless,temperature_2m,7,2021-07,31,31
gfs_seamless,temperature_2m,7,2021-08,31,31
gfs_seamless,temperature_2m,7,2021-09,30,30
gfs_seamless,temperature_2m,7,2021-10,31,31
gfs_seamless,temperature_2m,7,2021-11,30,30
gfs_seamless,temperature_2m,7,2021-12,31,31
gfs_seamless,temperature_2m,7,2022-01,31,31
gfs_seamless,temperature_2m,7,2022-02,28,28
gfs_seamless,temperature_2m,7,2022-03,31,31
gfs_seamless,temperature_2m,7,2022-04,30,30
gfs_seamless,temperature_2m,7,2022-05,31,31
gfs_seamless,temperature_2m,7,2022-06,30,30
gfs_seamless,temperature_2m,7,2022-07,31,31
gfs_seamless,temperature_2m,7,2022-08,31,31
gfs_seamless,temperature_2m,7,2022-09,30,30
gfs_seamless,temperature_2m,7,2022-10,31,31
gfs_seamless,temperature_2m,7,2022-11,30,30
gfs_seamless,temperature_2m,7,2022-12,31,31
gfs_seamless,temperature_2m,7,2023-01,31,31
gfs_seamless,temperature_2m,7,2023-02,28,28
gfs_seamless,temperature_2m,7,2023-03,31,31
gfs_seamless,temperature_2m,7,2023-04,30,30
gfs_seamless,temperature_2m,7,2023-05,31,31
gfs_seamless,temperature_2m,7,2023-06,30,30
gfs_seamless,temperature_2m,7,2023-07,31,31
gfs_seamless,temperature_2m,7,2023-08,31,31
gfs_seamless,temperature_2m,7,2023-09,30,30
gfs_seamless,temperature_2m,7,2023-10,31,31
gfs_seamless,temperature_2m,7,2023-11,30,30
gfs_seamless,temperature_2m,7,2023-12,31,29
gfs_seamless,temperature_2m,7,2024-01,31,6
gfs_seamless,temperature_2m,7,2024-02,29,29
gfs_seamless,temperature_2m,7,2024-03,31,31
gfs_seamless,temperature_2m,7,2024-04,30,30
gfs_seamless,temperature_2m,7,2024-05,31,31
gfs_seamless,temperature_2m,7,2024-06,30,30
gfs_seamless,temperature_2m,7,2024-07,31,31
gfs_seamless,temperature_2m,7,2024-08,31,31
gfs_seamless,temperature_2m,7,2024-09,30,30
gfs_seamless,temperature_2m,7,2024-10,31,31
gfs_seamless,temperature_2m,7,2024-11,30,30
gfs_seamless,temperature_2m,7,2024-12,31,31
gfs_seamless,temperature_2m,7,2025-01,31,31
gfs_seamless,temperature_2m,7,2025-02,28,28
gfs_seamless,temperature_2m,7,2025-03,31,31
gfs_seamless,temperature_2m,7,2025-04,30,30
gfs_seamless,temperature_2m,7,2025-05,31,31
gfs_seamless,temperature_2m,7,2025-06,30,30
gfs_seamless,temperature_2m,7,2025-07,31,31
gfs_seamless,temperature_2m,7,2025-08,31,31
gfs_seamless,temperature_2m,7,2025-09,30,30
gfs_seamless,temperature_2m,7,2025-10,31,31
gfs_seamless,temperature_2m,7,2025-11,30,30
gfs_seamless,temperature_2m,7,2025-12,31,31
gfs_seamless,temperature_2m,7,2026-01,31,31
gfs_seamless,temperature_2m,7,2026-02,28,28
gfs_seamless,temperature_2m,7,2026-03,31,31
gfs_seamless,temperature_2m,7,2026-04,30,30
gfs_seamless,temperature_2m,7,2026-05,31,31
gfs_seamless,temperature_2m,7,2026-06,30,30
gfs_seamless,temperature_2m,7,2026-07,31,31
gfs_seamless,temperature_2m,7,2026-08,31,31
gfs_seamless,temperature_2m,7,2026-09,20,20
gfs_seamless,wind_gusts_10m,1,2021-03,31,0
gfs_seamless,wind_gusts_10m,1,2021-04,30,0
gfs_seamless,wind_gusts_10m,1,2021-05,31,0
gfs_seamless,wind_gusts_10m,1,2021-06,30,0
gfs_seamless,wind_gusts_10m,1,2021-07,31,0
gfs_seamless,wind_gusts_10m,1,2021-08,31,0
gfs_seamless,wind_gusts_10m,1,2021-09,30,0
gfs_seamless,wind_gusts_10m,1,2021-10,31,0
gfs_seamless,wind_gusts_10m,1,2021-11,30,0
gfs_seamless,wind_gusts_10m,1,2021-12,31,0
gfs_seamless,wind_gusts_10m,1,2022-01,31,0
gfs_seamless,wind_gusts_10m,1,2022-02,28,0
gfs_seamless,wind_gusts_10m,1,2022-03,31,0
gfs_seamless,wind_gusts_10m,1,2022-04,30,0
gfs_seamless,wind_gusts_10m,1,2022-05,31,0
gfs_seamless,wind_gusts_10m,1,2022-06,30,0
gfs_seamless,wind_gusts_10m,1,2022-07,31,0
gfs_seamless,wind_gusts_10m,1,2022-08,31,0
gfs_seamless,wind_gusts_10m,1,2022-09,30,0
gfs_seamless,wind_gusts_10m,1,2022-10,31,0
gfs_seamless,wind_gusts_10m,1,2022-11,30,0
gfs_seamless,wind_gusts_10m,1,2022-12,31,0
gfs_seamless,wind_gusts_10m,1,2023-01,31,0
gfs_seamless,wind_gusts_10m,1,2023-02,28,0
gfs_seamless,wind_gusts_10m,1,2023-03,31,0
gfs_seamless,wind_gusts_10m,1,2023-04,30,0
gfs_seamless,wind_gusts_10m,1,2023-05,31,0
gfs_seamless,wind_gusts_10m,1,2023-06,30,0
gfs_seamless,wind_gusts_10m,1,2023-07,31,0
gfs_seamless,wind_gusts_10m,1,2023-08,31,0
gfs_seamless,wind_gusts_10m,1,2023-09,30,0
gfs_seamless,wind_gusts_10m,1,2023-10,31,0
gfs_seamless,wind_gusts_10m,1,2023-11,30,0
gfs_seamless,wind_gusts_10m,1,2023-12,31,0
gfs_seamless,wind_gusts_10m,1,2024-01,31,12
gfs_seamless,wind_gusts_10m,1,2024-02,29,29
gfs_seamless,wind_gusts_10m,1,2024-03,31,31
gfs_seamless,wind_gusts_10m,1,2024-04,30,30
gfs_seamless,wind_gusts_10m,1,2024-05,31,31
gfs_seamless,wind_gusts_10m,1,2024-06,30,30
gfs_seamless,wind_gusts_10m,1,2024-07,31,31
gfs_seamless,wind_gusts_10m,1,2024-08,31,31
gfs_seamless,wind_gusts_10m,1,2024-09,30,30
gfs_seamless,wind_gusts_10m,1,2024-10,31,31
gfs_seamless,wind_gusts_10m,1,2024-11,30,30
gfs_seamless,wind_gusts_10m,1,2024-12,31,31
gfs_seamless,wind_gusts_10m,1,2025-01,31,31
gfs_seamless,wind_gusts_10m,1,2025-02,28,28
gfs_seamless,wind_gusts_10m,1,2025-03,31,31
gfs_seamless,wind_gusts_10m,1,2025-04,30,30
gfs_seamless,wind_gusts_10m,1,2025-05,31,31
gfs_seamless,wind_gusts_10m,1,2025-06,30,30
gfs_seamless,wind_gusts_10m,1,2025-07,31,31
gfs_seamless,wind_gusts_10m,1,2025-08,31,31
gfs_seamless,wind_gusts_10m,1,2025-09,30,30
gfs_seamless,wind_gusts_10m,1,2025-10,31,31
gfs_seamless,wind_gusts_10m,1,2025-11,30,30
gfs_seamless,wind_gusts_10m,1,2025-12,31,31
gfs_seamless,wind_gusts_10m,1,2026-01,31,31
gfs_seamless,wind_gusts_10m,1,2026-02,28,28
gfs_seamless,wind_gusts_10m,1,2026-03,31,31
gfs_seamless,wind_gusts_10m,1,2026-04,30,30
gfs_seamless,wind_gusts_10m,1,2026-05,31,31
gfs_seamless,wind_gusts_10m,1,2026-06,30,30
gfs_seamless,wind_gusts_10m,1,2026-07,31,31
gfs_seamless,wind_gusts_10m,1,2026-08,31,31
gfs_seamless,wind_gusts_10m,1,2026-09,20,20
gfs_seamless,wind_gusts_10m,2,2021-03,31,0
gfs_seamless,wind_gusts_10m,2,2021-04,30,0
gfs_seamless,wind_gusts_10m,2,2021-05,31,0
gfs_seamless,wind_gusts_10m,2,2021-06,30,0
gfs_seamless,wind_gusts_10m,2,2021-07,31,0
gfs_seamless,wind_gusts_10m,2,2021-08,31,0
gfs_seamless,wind_gusts_10m,2,2021-09,30,0
gfs_seamless,wind_gusts_10m,2,2021-10,31,0
gfs_seamless,wind_gusts_10m,2,2021-11,30,0
gfs_seamless,wind_gusts_10m,2,2021-12,31,0
gfs_seamless,wind_gusts_10m,2,2022-01,31,0
gfs_seamless,wind_gusts_10m,2,2022-02,28,0
gfs_seamless,wind_gusts_10m,2,2022-03,31,0
gfs_seamless,wind_gusts_10m,2,2022-04,30,0
gfs_seamless,wind_gusts_10m,2,2022-05,31,0
gfs_seamless,wind_gusts_10m,2,2022-06,30,0
gfs_seamless,wind_gusts_10m,2,2022-07,31,0
gfs_seamless,wind_gusts_10m,2,2022-08,31,0
gfs_seamless,wind_gusts_10m,2,2022-09,30,0
gfs_seamless,wind_gusts_10m,2,2022-10,31,0
gfs_seamless,wind_gusts_10m,2,2022-11,30,0
gfs_seamless,wind_gusts_10m,2,2022-12,31,0
gfs_seamless,wind_gusts_10m,2,2023-01,31,0
gfs_seamless,wind_gusts_10m,2,2023-02,28,0
gfs_seamless,wind_gusts_10m,2,2023-03,31,0
gfs_seamless,wind_gusts_10m,2,2023-04,30,0
gfs_seamless,wind_gusts_10m,2,2023-05,31,0
gfs_seamless,wind_gusts_10m,2,2023-06,30,0
gfs_seamless,wind_gusts_10m,2,2023-07,31,0
gfs_seamless,wind_gusts_10m,2,2023-08,31,0
gfs_seamless,wind_gusts_10m,2,2023-09,30,0
gfs_seamless,wind_gusts_10m,2,2023-10,31,0
gfs_seamless,wind_gusts_10m,2,2023-11,30,0
gfs_seamless,wind_gusts_10m,2,2023-12,31,0
gfs_seamless,wind_gusts_10m,2,2024-01,31,11
gfs_seamless,wind_gusts_10m,2,2024-02,29,29
gfs_seamless,wind_gusts_10m,2,2024-03,31,31
gfs_seamless,wind_gusts_10m,2,2024-04,30,30
gfs_seamless,wind_gusts_10m,2,2024-05,31,31
gfs_seamless,wind_gusts_10m,2,2024-06,30,30
gfs_seamless,wind_gusts_10m,2,2024-07,31,31
gfs_seamless,wind_gusts_10m,2,2024-08,31,31
gfs_seamless,wind_gusts_10m,2,2024-09,30,30
gfs_seamless,wind_gusts_10m,2,2024-10,31,31
gfs_seamless,wind_gusts_10m,2,2024-11,30,30
gfs_seamless,wind_gusts_10m,2,2024-12,31,31
gfs_seamless,wind_gusts_10m,2,2025-01,31,31
gfs_seamless,wind_gusts_10m,2,2025-02,28,28
gfs_seamless,wind_gusts_10m,2,2025-03,31,31
gfs_seamless,wind_gusts_10m,2,2025-04,30,30
gfs_seamless,wind_gusts_10m,2,2025-05,31,31
gfs_seamless,wind_gusts_10m,2,2025-06,30,30
gfs_seamless,wind_gusts_10m,2,2025-07,31,31
gfs_seamless,wind_gusts_10m,2,2025-08,31,31
gfs_seamless,wind_gusts_10m,2,2025-09,30,30
gfs_seamless,wind_gusts_10m,2,2025-10,31,31
gfs_seamless,wind_gusts_10m,2,2025-11,30,30
gfs_seamless,wind_gusts_10m,2,2025-12,31,31
gfs_seamless,wind_gusts_10m,2,2026-01,31,31
gfs_seamless,wind_gusts_10m,2,2026-02,28,28
gfs_seamless,wind_gusts_10m,2,2026-03,31,31
gfs_seamless,wind_gusts_10m,2,2026-04,30,30
gfs_seamless,wind_gusts_10m,2,2026-05,31,31
gfs_seamless,wind_gusts_10m,2,2026-06,30,30
gfs_seamless,wind_gusts_10m,2,2026-07,31,31
gfs_seamless,wind_gusts_10m,2,2026-08,31,31
gfs_seamless,wind_gusts_10m,2,2026-09,20,20
gfs_seamless,wind_gusts_10m,3,2021-03,31,0
gfs_seamless,wind_gusts_10m,3,2021-04,30,0
gfs_seamless,wind_gusts_10m,3,2021-05,31,0
gfs_seamless,wind_gusts_10m,3,2021-06,30,0
gfs_seamless,wind_gusts_10m,3,2021-07,31,0
gfs_seamless,wind_gusts_10m,3,2021-08,31,0
gfs_seamless,wind_gusts_10m,3,2021-09,30,0
gfs_seamless,wind_gusts_10m,3,2021-10,31,0
gfs_seamless,wind_gusts_10m,3,2021-11,30,0
gfs_seamless,wind_gusts_10m,3,2021-12,31,0
gfs_seamless,wind_gusts_10m,3,2022-01,31,0
gfs_seamless,wind_gusts_10m,3,2022-02,28,0
gfs_seamless,wind_gusts_10m,3,2022-03,31,0
gfs_seamless,wind_gusts_10m,3,2022-04,30,0
gfs_seamless,wind_gusts_10m,3,2022-05,31,0
gfs_seamless,wind_gusts_10m,3,2022-06,30,0
gfs_seamless,wind_gusts_10m,3,2022-07,31,0
gfs_seamless,wind_gusts_10m,3,2022-08,31,0
gfs_seamless,wind_gusts_10m,3,2022-09,30,0
gfs_seamless,wind_gusts_10m,3,2022-10,31,0
gfs_seamless,wind_gusts_10m,3,2022-11,30,0
gfs_seamless,wind_gusts_10m,3,2022-12,31,0
gfs_seamless,wind_gusts_10m,3,2023-01,31,0
gfs_seamless,wind_gusts_10m,3,2023-02,28,0
gfs_seamless,wind_gusts_10m,3,2023-03,31,0
gfs_seamless,wind_gusts_10m,3,2023-04,30,0
gfs_seamless,wind_gusts_10m,3,2023-05,31,0
gfs_seamless,wind_gusts_10m,3,2023-06,30,0
gfs_seamless,wind_gusts_10m,3,2023-07,31,0
gfs_seamless,wind_gusts_10m,3,2023-08,31,0
gfs_seamless,wind_gusts_10m,3,2023-09,30,0
gfs_seamless,wind_gusts_10m,3,2023-10,31,0
gfs_seamless,wind_gusts_10m,3,2023-11,30,0
gfs_seamless,wind_gusts_10m,3,2023-12,31,0
gfs_seamless,wind_gusts_10m,3,2024-01,31,10
gfs_seamless,wind_gusts_10m,3,2024-02,29,29
gfs_seamless,wind_gusts_10m,3,2024-03,31,31
gfs_seamless,wind_gusts_10m,3,2024-04,30,30
gfs_seamless,wind_gusts_10m,3,2024-05,31,31
gfs_seamless,wind_gusts_10m,3,2024-06,30,30
gfs_seamless,wind_gusts_10m,3,2024-07,31,31
gfs_seamless,wind_gusts_10m,3,2024-08,31,31
gfs_seamless,wind_gusts_10m,3,2024-09,30,30
gfs_seamless,wind_gusts_10m,3,2024-10,31,31
gfs_seamless,wind_gusts_10m,3,2024-11,30,30
gfs_seamless,wind_gusts_10m,3,2024-12,31,31
gfs_seamless,wind_gusts_10m,3,2025-01,31,31
gfs_seamless,wind_gusts_10m,3,2025-02,28,28
gfs_seamless,wind_gusts_10m,3,2025-03,31,31
gfs_seamless,wind_gusts_10m,3,2025-04,30,30
gfs_seamless,wind_gusts_10m,3,2025-05,31,31
gfs_seamless,wind_gusts_10m,3,2025-06,30,30
gfs_seamless,wind_gusts_10m,3,2025-07,31,31
gfs_seamless,wind_gusts_10m,3,2025-08,31,31
gfs_seamless,wind_gusts_10m,3,2025-09,30,30
gfs_seamless,wind_gusts_10m,3,2025-10,31,31
gfs_seamless,wind_gusts_10m,3,2025-11,30,30
gfs_seamless,wind_gusts_10m,3,2025-12,31,31
gfs_seamless,wind_gusts_10m,3,2026-01,31,31
gfs_seamless,wind_gusts_10m,3,2026-02,28,28
gfs_seamless,wind_gusts_10m,3,2026-03,31,31
gfs_seamless,wind_gusts_10m,3,2026-04,30,30
gfs_seamless,wind_gusts_10m,3,2026-05,31,31
gfs_seamless,wind_gusts_10m,3,2026-06,30,30
gfs_seamless,wind_gusts_10m,3,2026-07,31,31
gfs_seamless,wind_gusts_10m,3,2026-08,31,31
gfs_seamless,wind_gusts_10m,3,2026-09,20,20
gfs_seamless,wind_gusts_10m,4,2021-03,31,0
gfs_seamless,wind_gusts_10m,4,2021-04,30,0
gfs_seamless,wind_gusts_10m,4,2021-05,31,0
gfs_seamless,wind_gusts_10m,4,2021-06,30,0
gfs_seamless,wind_gusts_10m,4,2021-07,31,0
gfs_seamless,wind_gusts_10m,4,2021-08,31,0
gfs_seamless,wind_gusts_10m,4,2021-09,30,0
gfs_seamless,wind_gusts_10m,4,2021-10,31,0
gfs_seamless,wind_gusts_10m,4,2021-11,30,0
gfs_seamless,wind_gusts_10m,4,2021-12,31,0
gfs_seamless,wind_gusts_10m,4,2022-01,31,0
gfs_seamless,wind_gusts_10m,4,2022-02,28,0
gfs_seamless,wind_gusts_10m,4,2022-03,31,0
gfs_seamless,wind_gusts_10m,4,2022-04,30,0
gfs_seamless,wind_gusts_10m,4,2022-05,31,0
gfs_seamless,wind_gusts_10m,4,2022-06,30,0
gfs_seamless,wind_gusts_10m,4,2022-07,31,0
gfs_seamless,wind_gusts_10m,4,2022-08,31,0
gfs_seamless,wind_gusts_10m,4,2022-09,30,0
gfs_seamless,wind_gusts_10m,4,2022-10,31,0
gfs_seamless,wind_gusts_10m,4,2022-11,30,0
gfs_seamless,wind_gusts_10m,4,2022-12,31,0
gfs_seamless,wind_gusts_10m,4,2023-01,31,0
gfs_seamless,wind_gusts_10m,4,2023-02,28,0
gfs_seamless,wind_gusts_10m,4,2023-03,31,0
gfs_seamless,wind_gusts_10m,4,2023-04,30,0
gfs_seamless,wind_gusts_10m,4,2023-05,31,0
gfs_seamless,wind_gusts_10m,4,2023-06,30,0
gfs_seamless,wind_gusts_10m,4,2023-07,31,0
gfs_seamless,wind_gusts_10m,4,2023-08,31,0
gfs_seamless,wind_gusts_10m,4,2023-09,30,0
gfs_seamless,wind_gusts_10m,4,2023-10,31,0
gfs_seamless,wind_gusts_10m,4,2023-11,30,0
gfs_seamless,wind_gusts_10m,4,2023-12,31,0
gfs_seamless,wind_gusts_10m,4,2024-01,31,9
gfs_seamless,wind_gusts_10m,4,2024-02,29,29
gfs_seamless,wind_gusts_10m,4,2024-03,31,31
gfs_seamless,wind_gusts_10m,4,2024-04,30,30
gfs_seamless,wind_gusts_10m,4,2024-05,31,31
gfs_seamless,wind_gusts_10m,4,2024-06,30,30
gfs_seamless,wind_gusts_10m,4,2024-07,31,31
gfs_seamless,wind_gusts_10m,4,2024-08,31,31
gfs_seamless,wind_gusts_10m,4,2024-09,30,30
gfs_seamless,wind_gusts_10m,4,2024-10,31,31
gfs_seamless,wind_gusts_10m,4,2024-11,30,30
gfs_seamless,wind_gusts_10m,4,2024-12,31,31
gfs_seamless,wind_gusts_10m,4,2025-01,31,31
gfs_seamless,wind_gusts_10m,4,2025-02,28,28
gfs_seamless,wind_gusts_10m,4,2025-03,31,31
gfs_seamless,wind_gusts_10m,4,2025-04,30,30
gfs_seamless,wind_gusts_10m,4,2025-05,31,31
gfs_seamless,wind_gusts_10m,4,2025-06,30,30
gfs_seamless,wind_gusts_10m,4,2025-07,31,31
gfs_seamless,wind_gusts_10m,4,2025-08,31,31
gfs_seamless,wind_gusts_10m,4,2025-09,30,30
gfs_seamless,wind_gusts_10m,4,2025-10,31,31
gfs_seamless,wind_gusts_10m,4,2025-11,30,30
gfs_seamless,wind_gusts_10m,4,2025-12,31,31
gfs_seamless,wind_gusts_10m,4,2026-01,31,31
gfs_seamless,wind_gusts_10m,4,2026-02,28,28
gfs_seamless,wind_gusts_10m,4,2026-03,31,31
gfs_seamless,wind_gusts_10m,4,2026-04,30,30
gfs_seamless,wind_gusts_10m,4,2026-05,31,31
gfs_seamless,wind_gusts_10m,4,2026-06,30,30
gfs_seamless,wind_gusts_10m,4,2026-07,31,31
gfs_seamless,wind_gusts_10m,4,2026-08,31,31
gfs_seamless,wind_gusts_10m,4,2026-09,20,20
gfs_seamless,wind_gusts_10m,5,2021-03,31,0
gfs_seamless,wind_gusts_10m,5,2021-04,30,0
gfs_seamless,wind_gusts_10m,5,2021-05,31,0
gfs_seamless,wind_gusts_10m,5,2021-06,30,0
gfs_seamless,wind_gusts_10m,5,2021-07,31,0
gfs_seamless,wind_gusts_10m,5,2021-08,31,0
gfs_seamless,wind_gusts_10m,5,2021-09,30,0
gfs_seamless,wind_gusts_10m,5,2021-10,31,0
gfs_seamless,wind_gusts_10m,5,2021-11,30,0
gfs_seamless,wind_gusts_10m,5,2021-12,31,0
gfs_seamless,wind_gusts_10m,5,2022-01,31,0
gfs_seamless,wind_gusts_10m,5,2022-02,28,0
gfs_seamless,wind_gusts_10m,5,2022-03,31,0
gfs_seamless,wind_gusts_10m,5,2022-04,30,0
gfs_seamless,wind_gusts_10m,5,2022-05,31,0
gfs_seamless,wind_gusts_10m,5,2022-06,30,0
gfs_seamless,wind_gusts_10m,5,2022-07,31,0
gfs_seamless,wind_gusts_10m,5,2022-08,31,0
gfs_seamless,wind_gusts_10m,5,2022-09,30,0
gfs_seamless,wind_gusts_10m,5,2022-10,31,0
gfs_seamless,wind_gusts_10m,5,2022-11,30,0
gfs_seamless,wind_gusts_10m,5,2022-12,31,0
gfs_seamless,wind_gusts_10m,5,2023-01,31,0
gfs_seamless,wind_gusts_10m,5,2023-02,28,0
gfs_seamless,wind_gusts_10m,5,2023-03,31,0
gfs_seamless,wind_gusts_10m,5,2023-04,30,0
gfs_seamless,wind_gusts_10m,5,2023-05,31,0
gfs_seamless,wind_gusts_10m,5,2023-06,30,0
gfs_seamless,wind_gusts_10m,5,2023-07,31,0
gfs_seamless,wind_gusts_10m,5,2023-08,31,0
gfs_seamless,wind_gusts_10m,5,2023-09,30,0
gfs_seamless,wind_gusts_10m,5,2023-10,31,0
gfs_seamless,wind_gusts_10m,5,2023-11,30,0
gfs_seamless,wind_gusts_10m,5,2023-12,31,0
gfs_seamless,wind_gusts_10m,5,2024-01,31,8
gfs_seamless,wind_gusts_10m,5,2024-02,29,29
gfs_seamless,wind_gusts_10m,5,2024-03,31,31
gfs_seamless,wind_gusts_10m,5,2024-04,30,30
gfs_seamless,wind_gusts_10m,5,2024-05,31,31
gfs_seamless,wind_gusts_10m,5,2024-06,30,30
gfs_seamless,wind_gusts_10m,5,2024-07,31,31
gfs_seamless,wind_gusts_10m,5,2024-08,31,31
gfs_seamless,wind_gusts_10m,5,2024-09,30,30
gfs_seamless,wind_gusts_10m,5,2024-10,31,31
gfs_seamless,wind_gusts_10m,5,2024-11,30,30
gfs_seamless,wind_gusts_10m,5,2024-12,31,31
gfs_seamless,wind_gusts_10m,5,2025-01,31,31
gfs_seamless,wind_gusts_10m,5,2025-02,28,28
gfs_seamless,wind_gusts_10m,5,2025-03,31,31
gfs_seamless,wind_gusts_10m,5,2025-04,30,30
gfs_seamless,wind_gusts_10m,5,2025-05,31,31
gfs_seamless,wind_gusts_10m,5,2025-06,30,30
gfs_seamless,wind_gusts_10m,5,2025-07,31,31
gfs_seamless,wind_gusts_10m,5,2025-08,31,31
gfs_seamless,wind_gusts_10m,5,2025-09,30,30
gfs_seamless,wind_gusts_10m,5,2025-10,31,31
gfs_seamless,wind_gusts_10m,5,2025-11,30,30
gfs_seamless,wind_gusts_10m,5,2025-12,31,31
gfs_seamless,wind_gusts_10m,5,2026-01,31,31
gfs_seamless,wind_gusts_10m,5,2026-02,28,28
gfs_seamless,wind_gusts_10m,5,2026-03,31,31
gfs_seamless,wind_gusts_10m,5,2026-04,30,30
gfs_seamless,wind_gusts_10m,5,2026-05,31,31
gfs_seamless,wind_gusts_10m,5,2026-06,30,30
gfs_seamless,wind_gusts_10m,5,2026-07,31,31
gfs_seamless,wind_gusts_10m,5,2026-08,31,31
gfs_seamless,wind_gusts_10m,5,2026-09,20,20
gfs_seamless,wind_gusts_10m,6,2021-03,31,0
gfs_seamless,wind_gusts_10m,6,2021-04,30,0
gfs_seamless,wind_gusts_10m,6,2021-05,31,0
gfs_seamless,wind_gusts_10m,6,2021-06,30,0
gfs_seamless,wind_gusts_10m,6,2021-07,31,0
gfs_seamless,wind_gusts_10m,6,2021-08,31,0
gfs_seamless,wind_gusts_10m,6,2021-09,30,0
gfs_seamless,wind_gusts_10m,6,2021-10,31,0
gfs_seamless,wind_gusts_10m,6,2021-11,30,0
gfs_seamless,wind_gusts_10m,6,2021-12,31,0
gfs_seamless,wind_gusts_10m,6,2022-01,31,0
gfs_seamless,wind_gusts_10m,6,2022-02,28,0
gfs_seamless,wind_gusts_10m,6,2022-03,31,0
gfs_seamless,wind_gusts_10m,6,2022-04,30,0
gfs_seamless,wind_gusts_10m,6,2022-05,31,0
gfs_seamless,wind_gusts_10m,6,2022-06,30,0
gfs_seamless,wind_gusts_10m,6,2022-07,31,0
gfs_seamless,wind_gusts_10m,6,2022-08,31,0
gfs_seamless,wind_gusts_10m,6,2022-09,30,0
gfs_seamless,wind_gusts_10m,6,2022-10,31,0
gfs_seamless,wind_gusts_10m,6,2022-11,30,0
gfs_seamless,wind_gusts_10m,6,2022-12,31,0
gfs_seamless,wind_gusts_10m,6,2023-01,31,0
gfs_seamless,wind_gusts_10m,6,2023-02,28,0
gfs_seamless,wind_gusts_10m,6,2023-03,31,0
gfs_seamless,wind_gusts_10m,6,2023-04,30,0
gfs_seamless,wind_gusts_10m,6,2023-05,31,0
gfs_seamless,wind_gusts_10m,6,2023-06,30,0
gfs_seamless,wind_gusts_10m,6,2023-07,31,0
gfs_seamless,wind_gusts_10m,6,2023-08,31,0
gfs_seamless,wind_gusts_10m,6,2023-09,30,0
gfs_seamless,wind_gusts_10m,6,2023-10,31,0
gfs_seamless,wind_gusts_10m,6,2023-11,30,0
gfs_seamless,wind_gusts_10m,6,2023-12,31,0
gfs_seamless,wind_gusts_10m,6,2024-01,31,7
gfs_seamless,wind_gusts_10m,6,2024-02,29,29
gfs_seamless,wind_gusts_10m,6,2024-03,31,31
gfs_seamless,wind_gusts_10m,6,2024-04,30,30
gfs_seamless,wind_gusts_10m,6,2024-05,31,31
gfs_seamless,wind_gusts_10m,6,2024-06,30,30
gfs_seamless,wind_gusts_10m,6,2024-07,31,31
gfs_seamless,wind_gusts_10m,6,2024-08,31,31
gfs_seamless,wind_gusts_10m,6,2024-09,30,30
gfs_seamless,wind_gusts_10m,6,2024-10,31,31
gfs_seamless,wind_gusts_10m,6,2024-11,30,30
gfs_seamless,wind_gusts_10m,6,2024-12,31,31
gfs_seamless,wind_gusts_10m,6,2025-01,31,31
gfs_seamless,wind_gusts_10m,6,2025-02,28,28
gfs_seamless,wind_gusts_10m,6,2025-03,31,31
gfs_seamless,wind_gusts_10m,6,2025-04,30,30
gfs_seamless,wind_gusts_10m,6,2025-05,31,31
gfs_seamless,wind_gusts_10m,6,2025-06,30,30
gfs_seamless,wind_gusts_10m,6,2025-07,31,31
gfs_seamless,wind_gusts_10m,6,2025-08,31,31
gfs_seamless,wind_gusts_10m,6,2025-09,30,30
gfs_seamless,wind_gusts_10m,6,2025-10,31,31
gfs_seamless,wind_gusts_10m,6,2025-11,30,30
gfs_seamless,wind_gusts_10m,6,2025-12,31,31
gfs_seamless,wind_gusts_10m,6,2026-01,31,31
gfs_seamless,wind_gusts_10m,6,2026-02,28,28
gfs_seamless,wind_gusts_10m,6,2026-03,31,31
gfs_seamless,wind_gusts_10m,6,2026-04,30,30
gfs_seamless,wind_gusts_10m,6,2026-05,31,31
gfs_seamless,wind_gusts_10m,6,2026-06,30,30
gfs_seamless,wind_gusts_10m,6,2026-07,31,31
gfs_seamless,wind_gusts_10m,6,2026-08,31,31
gfs_seamless,wind_gusts_10m,6,2026-09,20,20
gfs_seamless,wind_gusts_10m,7,2021-03,31,0
gfs_seamless,wind_gusts_10m,7,2021-04,30,0
gfs_seamless,wind_gusts_10m,7,2021-05,31,0
gfs_seamless,wind_gusts_10m,7,2021-06,30,0
gfs_seamless,wind_gusts_10m,7,2021-07,31,0
gfs_seamless,wind_gusts_10m,7,2021-08,31,0
gfs_seamless,wind_gusts_10m,7,2021-09,30,0
gfs_seamless,wind_gusts_10m,7,2021-10,31,0
gfs_seamless,wind_gusts_10m,7,2021-11,30,0
gfs_seamless,wind_gusts_10m,7,2021-12,31,0
gfs_seamless,wind_gusts_10m,7,2022-01,31,0
gfs_seamless,wind_gusts_10m,7,2022-02,28,0
gfs_seamless,wind_gusts_10m,7,2022-03,31,0
gfs_seamless,wind_gusts_10m,7,2022-04,30,0
gfs_seamless,wind_gusts_10m,7,2022-05,31,0
gfs_seamless,wind_gusts_10m,7,2022-06,30,0
gfs_seamless,wind_gusts_10m,7,2022-07,31,0
gfs_seamless,wind_gusts_10m,7,2022-08,31,0
gfs_seamless,wind_gusts_10m,7,2022-09,30,0
gfs_seamless,wind_gusts_10m,7,2022-10,31,0
gfs_seamless,wind_gusts_10m,7,2022-11,30,0
gfs_seamless,wind_gusts_10m,7,2022-12,31,0
gfs_seamless,wind_gusts_10m,7,2023-01,31,0
gfs_seamless,wind_gusts_10m,7,2023-02,28,0
gfs_seamless,wind_gusts_10m,7,2023-03,31,0
gfs_seamless,wind_gusts_10m,7,2023-04,30,0
gfs_seamless,wind_gusts_10m,7,2023-05,31,0
gfs_seamless,wind_gusts_10m,7,2023-06,30,0
gfs_seamless,wind_gusts_10m,7,2023-07,31,0
gfs_seamless,wind_gusts_10m,7,2023-08,31,0
gfs_seamless,wind_gusts_10m,7,2023-09,30,0
gfs_seamless,wind_gusts_10m,7,2023-10,31,0
gfs_seamless,wind_gusts_10m,7,2023-11,30,0
gfs_seamless,wind_gusts_10m,7,2023-12,31,0
gfs_seamless,wind_gusts_10m,7,2024-01,31,6
gfs_seamless,wind_gusts_10m,7,2024-02,29,29
gfs_seamless,wind_gusts_10m,7,2024-03,31,31
gfs_seamless,wind_gusts_10m,7,2024-04,30,30
gfs_seamless,wind_gusts_10m,7,2024-05,31,31
gfs_seamless,wind_gusts_10m,7,2024-06,30,30
gfs_seamless,wind_gusts_10m,7,2024-07,31,31
gfs_seamless,wind_gusts_10m,7,2024-08,31,31
gfs_seamless,wind_gusts_10m,7,2024-09,30,30
gfs_seamless,wind_gusts_10m,7,2024-10,31,31
gfs_seamless,wind_gusts_10m,7,2024-11,30,30
gfs_seamless,wind_gusts_10m,7,2024-12,31,31
gfs_seamless,wind_gusts_10m,7,2025-01,31,31
gfs_seamless,wind_gusts_10m,7,2025-02,28,28
gfs_seamless,wind_gusts_10m,7,2025-03,31,31
gfs_seamless,wind_gusts_10m,7,2025-04,30,30
gfs_seamless,wind_gusts_10m,7,2025-05,31,31
gfs_seamless,wind_gusts_10m,7,2025-06,30,30
gfs_seamless,wind_gusts_10m,7,2025-07,31,31
gfs_seamless,wind_gusts_10m,7,2025-08,31,31
gfs_seamless,wind_gusts_10m,7,2025-09,30,30
gfs_seamless,wind_gusts_10m,7,2025-10,31,31
gfs_seamless,wind_gusts_10m,7,2025-11,30,30
gfs_seamless,wind_gusts_10m,7,2025-12,31,31
gfs_seamless,wind_gusts_10m,7,2026-01,31,31
gfs_seamless,wind_gusts_10m,7,2026-02,28,28
gfs_seamless,wind_gusts_10m,7,2026-03,31,31
gfs_seamless,wind_gusts_10m,7,2026-04,30,30
gfs_seamless,wind_gusts_10m,7,2026-05,31,31
gfs_seamless,wind_gusts_10m,7,2026-06,30,30
gfs_seamless,wind_gusts_10m,7,2026-07,31,31
gfs_seamless,wind_gusts_10m,7,2026-08,31,31
gfs_seamless,wind_gusts_10m,7,2026-09,20,20
icon_global,cape,1,2024-01,31,0
icon_global,cape,1,2024-02,29,0
icon_global,cape,1,2024-03,31,0
icon_global,cape,1,2024-04,30,0
icon_global,cape,1,2024-05,31,0
icon_global,cape,1,2024-06,30,0
icon_global,cape,1,2024-07,31,0
icon_global,cape,1,2024-08,31,0
icon_global,cape,1,2024-09,30,0
icon_global,cape,1,2024-10,31,0
icon_global,cape,1,2024-11,30,0
icon_global,cape,1,2024-12,31,0
icon_global,cape,1,2025-01,31,0
icon_global,cape,1,2025-02,28,0
icon_global,cape,1,2025-03,31,0
icon_global,cape,1,2025-04,30,0
icon_global,cape,1,2025-05,31,0
icon_global,cape,1,2025-06,30,0
icon_global,cape,1,2025-07,31,0
icon_global,cape,1,2025-08,31,0
icon_global,cape,1,2025-09,30,0
icon_global,cape,1,2025-10,31,0
icon_global,cape,1,2025-11,30,0
icon_global,cape,1,2025-12,31,0
icon_global,cape,1,2026-01,31,0
icon_global,cape,1,2026-02,28,0
icon_global,cape,1,2026-03,31,0
icon_global,cape,1,2026-04,30,0
icon_global,cape,1,2026-05,31,0
icon_global,cape,1,2026-06,30,0
icon_global,cape,1,2026-07,31,0
icon_global,cape,1,2026-08,31,0
icon_global,cape,1,2026-09,20,0
icon_global,cape,2,2024-01,31,0
icon_global,cape,2,2024-02,29,0
icon_global,cape,2,2024-03,31,0
icon_global,cape,2,2024-04,30,0
icon_global,cape,2,2024-05,31,0
icon_global,cape,2,2024-06,30,0
icon_global,cape,2,2024-07,31,0
icon_global,cape,2,2024-08,31,0
icon_global,cape,2,2024-09,30,0
icon_global,cape,2,2024-10,31,0
icon_global,cape,2,2024-11,30,0
icon_global,cape,2,2024-12,31,0
icon_global,cape,2,2025-01,31,0
icon_global,cape,2,2025-02,28,0
icon_global,cape,2,2025-03,31,0
icon_global,cape,2,2025-04,30,0
icon_global,cape,2,2025-05,31,0
icon_global,cape,2,2025-06,30,0
icon_global,cape,2,2025-07,31,0
icon_global,cape,2,2025-08,31,0
icon_global,cape,2,2025-09,30,0
icon_global,cape,2,2025-10,31,0
icon_global,cape,2,2025-11,30,0
icon_global,cape,2,2025-12,31,0
icon_global,cape,2,2026-01,31,0
icon_global,cape,2,2026-02,28,0
icon_global,cape,2,2026-03,31,0
icon_global,cape,2,2026-04,30,0
icon_global,cape,2,2026-05,31,0
icon_global,cape,2,2026-06,30,0
icon_global,cape,2,2026-07,31,0
icon_global,cape,2,2026-08,31,0
icon_global,cape,2,2026-09,20,0
icon_global,cape,3,2024-01,31,0
icon_global,cape,3,2024-02,29,0
icon_global,cape,3,2024-03,31,0
icon_global,cape,3,2024-04,30,0
icon_global,cape,3,2024-05,31,0
icon_global,cape,3,2024-06,30,0
icon_global,cape,3,2024-07,31,0
icon_global,cape,3,2024-08,31,0
icon_global,cape,3,2024-09,30,0
icon_global,cape,3,2024-10,31,0
icon_global,cape,3,2024-11,30,0
icon_global,cape,3,2024-12,31,0
icon_global,cape,3,2025-01,31,0
icon_global,cape,3,2025-02,28,0
icon_global,cape,3,2025-03,31,0
icon_global,cape,3,2025-04,30,0
icon_global,cape,3,2025-05,31,0
icon_global,cape,3,2025-06,30,0
icon_global,cape,3,2025-07,31,0
icon_global,cape,3,2025-08,31,0
icon_global,cape,3,2025-09,30,0
icon_global,cape,3,2025-10,31,0
icon_global,cape,3,2025-11,30,0
icon_global,cape,3,2025-12,31,0
icon_global,cape,3,2026-01,31,0
icon_global,cape,3,2026-02,28,0
icon_global,cape,3,2026-03,31,0
icon_global,cape,3,2026-04,30,0
icon_global,cape,3,2026-05,31,0
icon_global,cape,3,2026-06,30,0
icon_global,cape,3,2026-07,31,0
icon_global,cape,3,2026-08,31,0
icon_global,cape,3,2026-09,20,0
icon_global,cape,4,2024-01,31,0
icon_global,cape,4,2024-02,29,0
icon_global,cape,4,2024-03,31,0
icon_global,cape,4,2024-04,30,0
icon_global,cape,4,2024-05,31,0
icon_global,cape,4,2024-06,30,0
icon_global,cape,4,2024-07,31,0
icon_global,cape,4,2024-08,31,0
icon_global,cape,4,2024-09,30,0
icon_global,cape,4,2024-10,31,0
icon_global,cape,4,2024-11,30,0
icon_global,cape,4,2024-12,31,0
icon_global,cape,4,2025-01,31,0
icon_global,cape,4,2025-02,28,0
icon_global,cape,4,2025-03,31,0
icon_global,cape,4,2025-04,30,0
icon_global,cape,4,2025-05,31,0
icon_global,cape,4,2025-06,30,0
icon_global,cape,4,2025-07,31,0
icon_global,cape,4,2025-08,31,0
icon_global,cape,4,2025-09,30,0
icon_global,cape,4,2025-10,31,0
icon_global,cape,4,2025-11,30,0
icon_global,cape,4,2025-12,31,0
icon_global,cape,4,2026-01,31,0
icon_global,cape,4,2026-02,28,0
icon_global,cape,4,2026-03,31,0
icon_global,cape,4,2026-04,30,0
icon_global,cape,4,2026-05,31,0
icon_global,cape,4,2026-06,30,0
icon_global,cape,4,2026-07,31,0
icon_global,cape,4,2026-08,31,0
icon_global,cape,4,2026-09,20,0
icon_global,cape,5,2024-01,31,0
icon_global,cape,5,2024-02,29,0
icon_global,cape,5,2024-03,31,0
icon_global,cape,5,2024-04,30,0
icon_global,cape,5,2024-05,31,0
icon_global,cape,5,2024-06,30,0
icon_global,cape,5,2024-07,31,0
icon_global,cape,5,2024-08,31,0
icon_global,cape,5,2024-09,30,0
icon_global,cape,5,2024-10,31,0
icon_global,cape,5,2024-11,30,0
icon_global,cape,5,2024-12,31,0
icon_global,cape,5,2025-01,31,0
icon_global,cape,5,2025-02,28,0
icon_global,cape,5,2025-03,31,0
icon_global,cape,5,2025-04,30,0
icon_global,cape,5,2025-05,31,0
icon_global,cape,5,2025-06,30,0
icon_global,cape,5,2025-07,31,0
icon_global,cape,5,2025-08,31,0
icon_global,cape,5,2025-09,30,0
icon_global,cape,5,2025-10,31,0
icon_global,cape,5,2025-11,30,0
icon_global,cape,5,2025-12,31,0
icon_global,cape,5,2026-01,31,0
icon_global,cape,5,2026-02,28,0
icon_global,cape,5,2026-03,31,0
icon_global,cape,5,2026-04,30,0
icon_global,cape,5,2026-05,31,0
icon_global,cape,5,2026-06,30,0
icon_global,cape,5,2026-07,31,0
icon_global,cape,5,2026-08,31,0
icon_global,cape,5,2026-09,20,0
icon_global,cape,6,2024-01,31,0
icon_global,cape,6,2024-02,29,0
icon_global,cape,6,2024-03,31,0
icon_global,cape,6,2024-04,30,0
icon_global,cape,6,2024-05,31,0
icon_global,cape,6,2024-06,30,0
icon_global,cape,6,2024-07,31,0
icon_global,cape,6,2024-08,31,0
icon_global,cape,6,2024-09,30,0
icon_global,cape,6,2024-10,31,0
icon_global,cape,6,2024-11,30,0
icon_global,cape,6,2024-12,31,0
icon_global,cape,6,2025-01,31,0
icon_global,cape,6,2025-02,28,0
icon_global,cape,6,2025-03,31,0
icon_global,cape,6,2025-04,30,0
icon_global,cape,6,2025-05,31,0
icon_global,cape,6,2025-06,30,0
icon_global,cape,6,2025-07,31,0
icon_global,cape,6,2025-08,31,0
icon_global,cape,6,2025-09,30,0
icon_global,cape,6,2025-10,31,0
icon_global,cape,6,2025-11,30,0
icon_global,cape,6,2025-12,31,0
icon_global,cape,6,2026-01,31,0
icon_global,cape,6,2026-02,28,0
icon_global,cape,6,2026-03,31,0
icon_global,cape,6,2026-04,30,0
icon_global,cape,6,2026-05,31,0
icon_global,cape,6,2026-06,30,0
icon_global,cape,6,2026-07,31,0
icon_global,cape,6,2026-08,31,0
icon_global,cape,6,2026-09,20,0
icon_global,cape,7,2024-01,31,0
icon_global,cape,7,2024-02,29,0
icon_global,cape,7,2024-03,31,0
icon_global,cape,7,2024-04,30,0
icon_global,cape,7,2024-05,31,0
icon_global,cape,7,2024-06,30,0
icon_global,cape,7,2024-07,31,0
icon_global,cape,7,2024-08,31,0
icon_global,cape,7,2024-09,30,0
icon_global,cape,7,2024-10,31,0
icon_global,cape,7,2024-11,30,0
icon_global,cape,7,2024-12,31,0
icon_global,cape,7,2025-01,31,0
icon_global,cape,7,2025-02,28,0
icon_global,cape,7,2025-03,31,0
icon_global,cape,7,2025-04,30,0
icon_global,cape,7,2025-05,31,0
icon_global,cape,7,2025-06,30,0
icon_global,cape,7,2025-07,31,0
icon_global,cape,7,2025-08,31,0
icon_global,cape,7,2025-09,30,0
icon_global,cape,7,2025-10,31,0
icon_global,cape,7,2025-11,30,0
icon_global,cape,7,2025-12,31,0
icon_global,cape,7,2026-01,31,0
icon_global,cape,7,2026-02,28,0
icon_global,cape,7,2026-03,31,0
icon_global,cape,7,2026-04,30,0
icon_global,cape,7,2026-05,31,0
icon_global,cape,7,2026-06,30,0
icon_global,cape,7,2026-07,31,0
icon_global,cape,7,2026-08,31,0
icon_global,cape,7,2026-09,20,0
icon_global,precipitation,1,2024-01,31,12
icon_global,precipitation,1,2024-02,29,29
icon_global,precipitation,1,2024-03,31,31
icon_global,precipitation,1,2024-04,30,30
icon_global,precipitation,1,2024-05,31,31
icon_global,precipitation,1,2024-06,30,30
icon_global,precipitation,1,2024-07,31,31
icon_global,precipitation,1,2024-08,31,31
icon_global,precipitation,1,2024-09,30,30
icon_global,precipitation,1,2024-10,31,31
icon_global,precipitation,1,2024-11,30,30
icon_global,precipitation,1,2024-12,31,31
icon_global,precipitation,1,2025-01,31,31
icon_global,precipitation,1,2025-02,28,28
icon_global,precipitation,1,2025-03,31,31
icon_global,precipitation,1,2025-04,30,30
icon_global,precipitation,1,2025-05,31,31
icon_global,precipitation,1,2025-06,30,30
icon_global,precipitation,1,2025-07,31,31
icon_global,precipitation,1,2025-08,31,31
icon_global,precipitation,1,2025-09,30,30
icon_global,precipitation,1,2025-10,31,31
icon_global,precipitation,1,2025-11,30,30
icon_global,precipitation,1,2025-12,31,31
icon_global,precipitation,1,2026-01,31,31
icon_global,precipitation,1,2026-02,28,28
icon_global,precipitation,1,2026-03,31,31
icon_global,precipitation,1,2026-04,30,26
icon_global,precipitation,1,2026-05,31,31
icon_global,precipitation,1,2026-06,30,30
icon_global,precipitation,1,2026-07,31,31
icon_global,precipitation,1,2026-08,31,31
icon_global,precipitation,1,2026-09,20,20
icon_global,precipitation,2,2024-01,31,11
icon_global,precipitation,2,2024-02,29,29
icon_global,precipitation,2,2024-03,31,31
icon_global,precipitation,2,2024-04,30,30
icon_global,precipitation,2,2024-05,31,31
icon_global,precipitation,2,2024-06,30,30
icon_global,precipitation,2,2024-07,31,31
icon_global,precipitation,2,2024-08,31,31
icon_global,precipitation,2,2024-09,30,30
icon_global,precipitation,2,2024-10,31,31
icon_global,precipitation,2,2024-11,30,30
icon_global,precipitation,2,2024-12,31,31
icon_global,precipitation,2,2025-01,31,31
icon_global,precipitation,2,2025-02,28,28
icon_global,precipitation,2,2025-03,31,31
icon_global,precipitation,2,2025-04,30,30
icon_global,precipitation,2,2025-05,31,31
icon_global,precipitation,2,2025-06,30,30
icon_global,precipitation,2,2025-07,31,31
icon_global,precipitation,2,2025-08,31,31
icon_global,precipitation,2,2025-09,30,30
icon_global,precipitation,2,2025-10,31,31
icon_global,precipitation,2,2025-11,30,30
icon_global,precipitation,2,2025-12,31,31
icon_global,precipitation,2,2026-01,31,31
icon_global,precipitation,2,2026-02,28,28
icon_global,precipitation,2,2026-03,31,31
icon_global,precipitation,2,2026-04,30,26
icon_global,precipitation,2,2026-05,31,31
icon_global,precipitation,2,2026-06,30,30
icon_global,precipitation,2,2026-07,31,31
icon_global,precipitation,2,2026-08,31,31
icon_global,precipitation,2,2026-09,20,20
icon_global,precipitation,3,2024-01,31,10
icon_global,precipitation,3,2024-02,29,29
icon_global,precipitation,3,2024-03,31,31
icon_global,precipitation,3,2024-04,30,30
icon_global,precipitation,3,2024-05,31,31
icon_global,precipitation,3,2024-06,30,30
icon_global,precipitation,3,2024-07,31,31
icon_global,precipitation,3,2024-08,31,31
icon_global,precipitation,3,2024-09,30,30
icon_global,precipitation,3,2024-10,31,31
icon_global,precipitation,3,2024-11,30,30
icon_global,precipitation,3,2024-12,31,31
icon_global,precipitation,3,2025-01,31,31
icon_global,precipitation,3,2025-02,28,28
icon_global,precipitation,3,2025-03,31,31
icon_global,precipitation,3,2025-04,30,30
icon_global,precipitation,3,2025-05,31,31
icon_global,precipitation,3,2025-06,30,30
icon_global,precipitation,3,2025-07,31,31
icon_global,precipitation,3,2025-08,31,31
icon_global,precipitation,3,2025-09,30,30
icon_global,precipitation,3,2025-10,31,31
icon_global,precipitation,3,2025-11,30,30
icon_global,precipitation,3,2025-12,31,31
icon_global,precipitation,3,2026-01,31,31
icon_global,precipitation,3,2026-02,28,28
icon_global,precipitation,3,2026-03,31,31
icon_global,precipitation,3,2026-04,30,30
icon_global,precipitation,3,2026-05,31,31
icon_global,precipitation,3,2026-06,30,30
icon_global,precipitation,3,2026-07,31,31
icon_global,precipitation,3,2026-08,31,31
icon_global,precipitation,3,2026-09,20,20
icon_global,precipitation,4,2024-01,31,9
icon_global,precipitation,4,2024-02,29,29
icon_global,precipitation,4,2024-03,31,31
icon_global,precipitation,4,2024-04,30,30
icon_global,precipitation,4,2024-05,31,31
icon_global,precipitation,4,2024-06,30,30
icon_global,precipitation,4,2024-07,31,31
icon_global,precipitation,4,2024-08,31,31
icon_global,precipitation,4,2024-09,30,30
icon_global,precipitation,4,2024-10,31,31
icon_global,precipitation,4,2024-11,30,30
icon_global,precipitation,4,2024-12,31,31
icon_global,precipitation,4,2025-01,31,31
icon_global,precipitation,4,2025-02,28,28
icon_global,precipitation,4,2025-03,31,31
icon_global,precipitation,4,2025-04,30,30
icon_global,precipitation,4,2025-05,31,31
icon_global,precipitation,4,2025-06,30,30
icon_global,precipitation,4,2025-07,31,31
icon_global,precipitation,4,2025-08,31,31
icon_global,precipitation,4,2025-09,30,30
icon_global,precipitation,4,2025-10,31,31
icon_global,precipitation,4,2025-11,30,30
icon_global,precipitation,4,2025-12,31,31
icon_global,precipitation,4,2026-01,31,31
icon_global,precipitation,4,2026-02,28,28
icon_global,precipitation,4,2026-03,31,31
icon_global,precipitation,4,2026-04,30,30
icon_global,precipitation,4,2026-05,31,31
icon_global,precipitation,4,2026-06,30,30
icon_global,precipitation,4,2026-07,31,31
icon_global,precipitation,4,2026-08,31,31
icon_global,precipitation,4,2026-09,20,20
icon_global,precipitation,5,2024-01,31,8
icon_global,precipitation,5,2024-02,29,29
icon_global,precipitation,5,2024-03,31,31
icon_global,precipitation,5,2024-04,30,30
icon_global,precipitation,5,2024-05,31,31
icon_global,precipitation,5,2024-06,30,30
icon_global,precipitation,5,2024-07,31,31
icon_global,precipitation,5,2024-08,31,31
icon_global,precipitation,5,2024-09,30,30
icon_global,precipitation,5,2024-10,31,31
icon_global,precipitation,5,2024-11,30,30
icon_global,precipitation,5,2024-12,31,31
icon_global,precipitation,5,2025-01,31,31
icon_global,precipitation,5,2025-02,28,28
icon_global,precipitation,5,2025-03,31,31
icon_global,precipitation,5,2025-04,30,30
icon_global,precipitation,5,2025-05,31,31
icon_global,precipitation,5,2025-06,30,30
icon_global,precipitation,5,2025-07,31,31
icon_global,precipitation,5,2025-08,31,31
icon_global,precipitation,5,2025-09,30,30
icon_global,precipitation,5,2025-10,31,31
icon_global,precipitation,5,2025-11,30,30
icon_global,precipitation,5,2025-12,31,31
icon_global,precipitation,5,2026-01,31,31
icon_global,precipitation,5,2026-02,28,28
icon_global,precipitation,5,2026-03,31,31
icon_global,precipitation,5,2026-04,30,30
icon_global,precipitation,5,2026-05,31,31
icon_global,precipitation,5,2026-06,30,30
icon_global,precipitation,5,2026-07,31,31
icon_global,precipitation,5,2026-08,31,31
icon_global,precipitation,5,2026-09,20,20
icon_global,precipitation,6,2024-01,31,7
icon_global,precipitation,6,2024-02,29,29
icon_global,precipitation,6,2024-03,31,31
icon_global,precipitation,6,2024-04,30,30
icon_global,precipitation,6,2024-05,31,31
icon_global,precipitation,6,2024-06,30,30
icon_global,precipitation,6,2024-07,31,31
icon_global,precipitation,6,2024-08,31,31
icon_global,precipitation,6,2024-09,30,30
icon_global,precipitation,6,2024-10,31,31
icon_global,precipitation,6,2024-11,30,30
icon_global,precipitation,6,2024-12,31,31
icon_global,precipitation,6,2025-01,31,31
icon_global,precipitation,6,2025-02,28,28
icon_global,precipitation,6,2025-03,31,31
icon_global,precipitation,6,2025-04,30,30
icon_global,precipitation,6,2025-05,31,31
icon_global,precipitation,6,2025-06,30,30
icon_global,precipitation,6,2025-07,31,31
icon_global,precipitation,6,2025-08,31,31
icon_global,precipitation,6,2025-09,30,30
icon_global,precipitation,6,2025-10,31,31
icon_global,precipitation,6,2025-11,30,30
icon_global,precipitation,6,2025-12,31,31
icon_global,precipitation,6,2026-01,31,31
icon_global,precipitation,6,2026-02,28,28
icon_global,precipitation,6,2026-03,31,31
icon_global,precipitation,6,2026-04,30,26
icon_global,precipitation,6,2026-05,31,31
icon_global,precipitation,6,2026-06,30,30
icon_global,precipitation,6,2026-07,31,31
icon_global,precipitation,6,2026-08,31,31
icon_global,precipitation,6,2026-09,20,20
icon_global,precipitation,7,2024-01,31,0
icon_global,precipitation,7,2024-02,29,0
icon_global,precipitation,7,2024-03,31,0
icon_global,precipitation,7,2024-04,30,0
icon_global,precipitation,7,2024-05,31,0
icon_global,precipitation,7,2024-06,30,0
icon_global,precipitation,7,2024-07,31,0
icon_global,precipitation,7,2024-08,31,0
icon_global,precipitation,7,2024-09,30,0
icon_global,precipitation,7,2024-10,31,0
icon_global,precipitation,7,2024-11,30,0
icon_global,precipitation,7,2024-12,31,0
icon_global,precipitation,7,2025-01,31,0
icon_global,precipitation,7,2025-02,28,0
icon_global,precipitation,7,2025-03,31,0
icon_global,precipitation,7,2025-04,30,0
icon_global,precipitation,7,2025-05,31,0
icon_global,precipitation,7,2025-06,30,0
icon_global,precipitation,7,2025-07,31,0
icon_global,precipitation,7,2025-08,31,0
icon_global,precipitation,7,2025-09,30,0
icon_global,precipitation,7,2025-10,31,0
icon_global,precipitation,7,2025-11,30,0
icon_global,precipitation,7,2025-12,31,0
icon_global,precipitation,7,2026-01,31,0
icon_global,precipitation,7,2026-02,28,0
icon_global,precipitation,7,2026-03,31,0
icon_global,precipitation,7,2026-04,30,0
icon_global,precipitation,7,2026-05,31,0
icon_global,precipitation,7,2026-06,30,0
icon_global,precipitation,7,2026-07,31,0
icon_global,precipitation,7,2026-08,31,0
icon_global,precipitation,7,2026-09,20,0
icon_global,temperature_2m,1,2024-01,31,12
icon_global,temperature_2m,1,2024-02,29,29
icon_global,temperature_2m,1,2024-03,31,31
icon_global,temperature_2m,1,2024-04,30,30
icon_global,temperature_2m,1,2024-05,31,31
icon_global,temperature_2m,1,2024-06,30,30
icon_global,temperature_2m,1,2024-07,31,31
icon_global,temperature_2m,1,2024-08,31,31
icon_global,temperature_2m,1,2024-09,30,30
icon_global,temperature_2m,1,2024-10,31,31
icon_global,temperature_2m,1,2024-11,30,30
icon_global,temperature_2m,1,2024-12,31,31
icon_global,temperature_2m,1,2025-01,31,31
icon_global,temperature_2m,1,2025-02,28,28
icon_global,temperature_2m,1,2025-03,31,31
icon_global,temperature_2m,1,2025-04,30,30
icon_global,temperature_2m,1,2025-05,31,31
icon_global,temperature_2m,1,2025-06,30,30
icon_global,temperature_2m,1,2025-07,31,31
icon_global,temperature_2m,1,2025-08,31,31
icon_global,temperature_2m,1,2025-09,30,30
icon_global,temperature_2m,1,2025-10,31,31
icon_global,temperature_2m,1,2025-11,30,30
icon_global,temperature_2m,1,2025-12,31,31
icon_global,temperature_2m,1,2026-01,31,31
icon_global,temperature_2m,1,2026-02,28,28
icon_global,temperature_2m,1,2026-03,31,31
icon_global,temperature_2m,1,2026-04,30,26
icon_global,temperature_2m,1,2026-05,31,31
icon_global,temperature_2m,1,2026-06,30,30
icon_global,temperature_2m,1,2026-07,31,31
icon_global,temperature_2m,1,2026-08,31,31
icon_global,temperature_2m,1,2026-09,20,20
icon_global,temperature_2m,2,2024-01,31,11
icon_global,temperature_2m,2,2024-02,29,29
icon_global,temperature_2m,2,2024-03,31,31
icon_global,temperature_2m,2,2024-04,30,30
icon_global,temperature_2m,2,2024-05,31,31
icon_global,temperature_2m,2,2024-06,30,30
icon_global,temperature_2m,2,2024-07,31,31
icon_global,temperature_2m,2,2024-08,31,31
icon_global,temperature_2m,2,2024-09,30,30
icon_global,temperature_2m,2,2024-10,31,31
icon_global,temperature_2m,2,2024-11,30,30
icon_global,temperature_2m,2,2024-12,31,31
icon_global,temperature_2m,2,2025-01,31,31
icon_global,temperature_2m,2,2025-02,28,28
icon_global,temperature_2m,2,2025-03,31,31
icon_global,temperature_2m,2,2025-04,30,30
icon_global,temperature_2m,2,2025-05,31,31
icon_global,temperature_2m,2,2025-06,30,30
icon_global,temperature_2m,2,2025-07,31,31
icon_global,temperature_2m,2,2025-08,31,31
icon_global,temperature_2m,2,2025-09,30,30
icon_global,temperature_2m,2,2025-10,31,31
icon_global,temperature_2m,2,2025-11,30,30
icon_global,temperature_2m,2,2025-12,31,31
icon_global,temperature_2m,2,2026-01,31,31
icon_global,temperature_2m,2,2026-02,28,28
icon_global,temperature_2m,2,2026-03,31,31
icon_global,temperature_2m,2,2026-04,30,30
icon_global,temperature_2m,2,2026-05,31,31
icon_global,temperature_2m,2,2026-06,30,30
icon_global,temperature_2m,2,2026-07,31,31
icon_global,temperature_2m,2,2026-08,31,31
icon_global,temperature_2m,2,2026-09,20,20
icon_global,temperature_2m,3,2024-01,31,10
icon_global,temperature_2m,3,2024-02,29,29
icon_global,temperature_2m,3,2024-03,31,31
icon_global,temperature_2m,3,2024-04,30,30
icon_global,temperature_2m,3,2024-05,31,31
icon_global,temperature_2m,3,2024-06,30,30
icon_global,temperature_2m,3,2024-07,31,31
icon_global,temperature_2m,3,2024-08,31,31
icon_global,temperature_2m,3,2024-09,30,30
icon_global,temperature_2m,3,2024-10,31,31
icon_global,temperature_2m,3,2024-11,30,30
icon_global,temperature_2m,3,2024-12,31,31
icon_global,temperature_2m,3,2025-01,31,31
icon_global,temperature_2m,3,2025-02,28,28
icon_global,temperature_2m,3,2025-03,31,31
icon_global,temperature_2m,3,2025-04,30,30
icon_global,temperature_2m,3,2025-05,31,31
icon_global,temperature_2m,3,2025-06,30,30
icon_global,temperature_2m,3,2025-07,31,31
icon_global,temperature_2m,3,2025-08,31,31
icon_global,temperature_2m,3,2025-09,30,30
icon_global,temperature_2m,3,2025-10,31,31
icon_global,temperature_2m,3,2025-11,30,30
icon_global,temperature_2m,3,2025-12,31,31
icon_global,temperature_2m,3,2026-01,31,31
icon_global,temperature_2m,3,2026-02,28,28
icon_global,temperature_2m,3,2026-03,31,31
icon_global,temperature_2m,3,2026-04,30,26
icon_global,temperature_2m,3,2026-05,31,31
icon_global,temperature_2m,3,2026-06,30,30
icon_global,temperature_2m,3,2026-07,31,31
icon_global,temperature_2m,3,2026-08,31,31
icon_global,temperature_2m,3,2026-09,20,20
icon_global,temperature_2m,4,2024-01,31,9
icon_global,temperature_2m,4,2024-02,29,29
icon_global,temperature_2m,4,2024-03,31,31
icon_global,temperature_2m,4,2024-04,30,30
icon_global,temperature_2m,4,2024-05,31,31
icon_global,temperature_2m,4,2024-06,30,30
icon_global,temperature_2m,4,2024-07,31,31
icon_global,temperature_2m,4,2024-08,31,31
icon_global,temperature_2m,4,2024-09,30,30
icon_global,temperature_2m,4,2024-10,31,31
icon_global,temperature_2m,4,2024-11,30,30
icon_global,temperature_2m,4,2024-12,31,31
icon_global,temperature_2m,4,2025-01,31,31
icon_global,temperature_2m,4,2025-02,28,28
icon_global,temperature_2m,4,2025-03,31,31
icon_global,temperature_2m,4,2025-04,30,30
icon_global,temperature_2m,4,2025-05,31,31
icon_global,temperature_2m,4,2025-06,30,30
icon_global,temperature_2m,4,2025-07,31,31
icon_global,temperature_2m,4,2025-08,31,31
icon_global,temperature_2m,4,2025-09,30,30
icon_global,temperature_2m,4,2025-10,31,31
icon_global,temperature_2m,4,2025-11,30,30
icon_global,temperature_2m,4,2025-12,31,31
icon_global,temperature_2m,4,2026-01,31,31
icon_global,temperature_2m,4,2026-02,28,28
icon_global,temperature_2m,4,2026-03,31,31
icon_global,temperature_2m,4,2026-04,30,26
icon_global,temperature_2m,4,2026-05,31,31
icon_global,temperature_2m,4,2026-06,30,30
icon_global,temperature_2m,4,2026-07,31,31
icon_global,temperature_2m,4,2026-08,31,31
icon_global,temperature_2m,4,2026-09,20,20
icon_global,temperature_2m,5,2024-01,31,8
icon_global,temperature_2m,5,2024-02,29,29
icon_global,temperature_2m,5,2024-03,31,31
icon_global,temperature_2m,5,2024-04,30,30
icon_global,temperature_2m,5,2024-05,31,31
icon_global,temperature_2m,5,2024-06,30,30
icon_global,temperature_2m,5,2024-07,31,31
icon_global,temperature_2m,5,2024-08,31,31
icon_global,temperature_2m,5,2024-09,30,30
icon_global,temperature_2m,5,2024-10,31,31
icon_global,temperature_2m,5,2024-11,30,30
icon_global,temperature_2m,5,2024-12,31,31
icon_global,temperature_2m,5,2025-01,31,31
icon_global,temperature_2m,5,2025-02,28,28
icon_global,temperature_2m,5,2025-03,31,31
icon_global,temperature_2m,5,2025-04,30,30
icon_global,temperature_2m,5,2025-05,31,31
icon_global,temperature_2m,5,2025-06,30,30
icon_global,temperature_2m,5,2025-07,31,31
icon_global,temperature_2m,5,2025-08,31,31
icon_global,temperature_2m,5,2025-09,30,30
icon_global,temperature_2m,5,2025-10,31,31
icon_global,temperature_2m,5,2025-11,30,30
icon_global,temperature_2m,5,2025-12,31,31
icon_global,temperature_2m,5,2026-01,31,31
icon_global,temperature_2m,5,2026-02,28,28
icon_global,temperature_2m,5,2026-03,31,31
icon_global,temperature_2m,5,2026-04,30,26
icon_global,temperature_2m,5,2026-05,31,31
icon_global,temperature_2m,5,2026-06,30,30
icon_global,temperature_2m,5,2026-07,31,31
icon_global,temperature_2m,5,2026-08,31,31
icon_global,temperature_2m,5,2026-09,20,20
icon_global,temperature_2m,6,2024-01,31,7
icon_global,temperature_2m,6,2024-02,29,29
icon_global,temperature_2m,6,2024-03,31,31
icon_global,temperature_2m,6,2024-04,30,30
icon_global,temperature_2m,6,2024-05,31,31
icon_global,temperature_2m,6,2024-06,30,30
icon_global,temperature_2m,6,2024-07,31,31
icon_global,temperature_2m,6,2024-08,31,31
icon_global,temperature_2m,6,2024-09,30,30
icon_global,temperature_2m,6,2024-10,31,31
icon_global,temperature_2m,6,2024-11,30,30
icon_global,temperature_2m,6,2024-12,31,31
icon_global,temperature_2m,6,2025-01,31,31
icon_global,temperature_2m,6,2025-02,28,28
icon_global,temperature_2m,6,2025-03,31,31
icon_global,temperature_2m,6,2025-04,30,30
icon_global,temperature_2m,6,2025-05,31,31
icon_global,temperature_2m,6,2025-06,30,30
icon_global,temperature_2m,6,2025-07,31,31
icon_global,temperature_2m,6,2025-08,31,31
icon_global,temperature_2m,6,2025-09,30,30
icon_global,temperature_2m,6,2025-10,31,31
icon_global,temperature_2m,6,2025-11,30,30
icon_global,temperature_2m,6,2025-12,31,31
icon_global,temperature_2m,6,2026-01,31,31
icon_global,temperature_2m,6,2026-02,28,28
icon_global,temperature_2m,6,2026-03,31,31
icon_global,temperature_2m,6,2026-04,30,26
icon_global,temperature_2m,6,2026-05,31,31
icon_global,temperature_2m,6,2026-06,30,30
icon_global,temperature_2m,6,2026-07,31,31
icon_global,temperature_2m,6,2026-08,31,31
icon_global,temperature_2m,6,2026-09,20,20
icon_global,temperature_2m,7,2024-01,31,0
icon_global,temperature_2m,7,2024-02,29,0
icon_global,temperature_2m,7,2024-03,31,0
icon_global,temperature_2m,7,2024-04,30,0
icon_global,temperature_2m,7,2024-05,31,0
icon_global,temperature_2m,7,2024-06,30,0
icon_global,temperature_2m,7,2024-07,31,0
icon_global,temperature_2m,7,2024-08,31,0
icon_global,temperature_2m,7,2024-09,30,0
icon_global,temperature_2m,7,2024-10,31,0
icon_global,temperature_2m,7,2024-11,30,0
icon_global,temperature_2m,7,2024-12,31,0
icon_global,temperature_2m,7,2025-01,31,0
icon_global,temperature_2m,7,2025-02,28,0
icon_global,temperature_2m,7,2025-03,31,0
icon_global,temperature_2m,7,2025-04,30,0
icon_global,temperature_2m,7,2025-05,31,0
icon_global,temperature_2m,7,2025-06,30,0
icon_global,temperature_2m,7,2025-07,31,0
icon_global,temperature_2m,7,2025-08,31,0
icon_global,temperature_2m,7,2025-09,30,0
icon_global,temperature_2m,7,2025-10,31,0
icon_global,temperature_2m,7,2025-11,30,0
icon_global,temperature_2m,7,2025-12,31,0
icon_global,temperature_2m,7,2026-01,31,0
icon_global,temperature_2m,7,2026-02,28,0
icon_global,temperature_2m,7,2026-03,31,0
icon_global,temperature_2m,7,2026-04,30,0
icon_global,temperature_2m,7,2026-05,31,0
icon_global,temperature_2m,7,2026-06,30,0
icon_global,temperature_2m,7,2026-07,31,0
icon_global,temperature_2m,7,2026-08,31,0
icon_global,temperature_2m,7,2026-09,20,0
icon_global,wind_gusts_10m,1,2024-01,31,12
icon_global,wind_gusts_10m,1,2024-02,29,29
icon_global,wind_gusts_10m,1,2024-03,31,31
icon_global,wind_gusts_10m,1,2024-04,30,30
icon_global,wind_gusts_10m,1,2024-05,31,31
icon_global,wind_gusts_10m,1,2024-06,30,30
icon_global,wind_gusts_10m,1,2024-07,31,31
icon_global,wind_gusts_10m,1,2024-08,31,31
icon_global,wind_gusts_10m,1,2024-09,30,30
icon_global,wind_gusts_10m,1,2024-10,31,31
icon_global,wind_gusts_10m,1,2024-11,30,30
icon_global,wind_gusts_10m,1,2024-12,31,31
icon_global,wind_gusts_10m,1,2025-01,31,31
icon_global,wind_gusts_10m,1,2025-02,28,28
icon_global,wind_gusts_10m,1,2025-03,31,31
icon_global,wind_gusts_10m,1,2025-04,30,30
icon_global,wind_gusts_10m,1,2025-05,31,31
icon_global,wind_gusts_10m,1,2025-06,30,30
icon_global,wind_gusts_10m,1,2025-07,31,31
icon_global,wind_gusts_10m,1,2025-08,31,31
icon_global,wind_gusts_10m,1,2025-09,30,30
icon_global,wind_gusts_10m,1,2025-10,31,31
icon_global,wind_gusts_10m,1,2025-11,30,30
icon_global,wind_gusts_10m,1,2025-12,31,31
icon_global,wind_gusts_10m,1,2026-01,31,31
icon_global,wind_gusts_10m,1,2026-02,28,28
icon_global,wind_gusts_10m,1,2026-03,31,31
icon_global,wind_gusts_10m,1,2026-04,30,30
icon_global,wind_gusts_10m,1,2026-05,31,31
icon_global,wind_gusts_10m,1,2026-06,30,30
icon_global,wind_gusts_10m,1,2026-07,31,31
icon_global,wind_gusts_10m,1,2026-08,31,31
icon_global,wind_gusts_10m,1,2026-09,20,20
icon_global,wind_gusts_10m,2,2024-01,31,11
icon_global,wind_gusts_10m,2,2024-02,29,29
icon_global,wind_gusts_10m,2,2024-03,31,31
icon_global,wind_gusts_10m,2,2024-04,30,30
icon_global,wind_gusts_10m,2,2024-05,31,31
icon_global,wind_gusts_10m,2,2024-06,30,30
icon_global,wind_gusts_10m,2,2024-07,31,31
icon_global,wind_gusts_10m,2,2024-08,31,31
icon_global,wind_gusts_10m,2,2024-09,30,30
icon_global,wind_gusts_10m,2,2024-10,31,31
icon_global,wind_gusts_10m,2,2024-11,30,30
icon_global,wind_gusts_10m,2,2024-12,31,31
icon_global,wind_gusts_10m,2,2025-01,31,31
icon_global,wind_gusts_10m,2,2025-02,28,28
icon_global,wind_gusts_10m,2,2025-03,31,31
icon_global,wind_gusts_10m,2,2025-04,30,30
icon_global,wind_gusts_10m,2,2025-05,31,31
icon_global,wind_gusts_10m,2,2025-06,30,30
icon_global,wind_gusts_10m,2,2025-07,31,31
icon_global,wind_gusts_10m,2,2025-08,31,31
icon_global,wind_gusts_10m,2,2025-09,30,30
icon_global,wind_gusts_10m,2,2025-10,31,31
icon_global,wind_gusts_10m,2,2025-11,30,30
icon_global,wind_gusts_10m,2,2025-12,31,31
icon_global,wind_gusts_10m,2,2026-01,31,31
icon_global,wind_gusts_10m,2,2026-02,28,28
icon_global,wind_gusts_10m,2,2026-03,31,31
icon_global,wind_gusts_10m,2,2026-04,30,30
icon_global,wind_gusts_10m,2,2026-05,31,31
icon_global,wind_gusts_10m,2,2026-06,30,30
icon_global,wind_gusts_10m,2,2026-07,31,31
icon_global,wind_gusts_10m,2,2026-08,31,31
icon_global,wind_gusts_10m,2,2026-09,20,20
icon_global,wind_gusts_10m,3,2024-01,31,10
icon_global,wind_gusts_10m,3,2024-02,29,29
icon_global,wind_gusts_10m,3,2024-03,31,31
icon_global,wind_gusts_10m,3,2024-04,30,30
icon_global,wind_gusts_10m,3,2024-05,31,31
icon_global,wind_gusts_10m,3,2024-06,30,30
icon_global,wind_gusts_10m,3,2024-07,31,31
icon_global,wind_gusts_10m,3,2024-08,31,31
icon_global,wind_gusts_10m,3,2024-09,30,30
icon_global,wind_gusts_10m,3,2024-10,31,31
icon_global,wind_gusts_10m,3,2024-11,30,30
icon_global,wind_gusts_10m,3,2024-12,31,31
icon_global,wind_gusts_10m,3,2025-01,31,31
icon_global,wind_gusts_10m,3,2025-02,28,28
icon_global,wind_gusts_10m,3,2025-03,31,31
icon_global,wind_gusts_10m,3,2025-04,30,30
icon_global,wind_gusts_10m,3,2025-05,31,31
icon_global,wind_gusts_10m,3,2025-06,30,30
icon_global,wind_gusts_10m,3,2025-07,31,31
icon_global,wind_gusts_10m,3,2025-08,31,31
icon_global,wind_gusts_10m,3,2025-09,30,30
icon_global,wind_gusts_10m,3,2025-10,31,31
icon_global,wind_gusts_10m,3,2025-11,30,30
icon_global,wind_gusts_10m,3,2025-12,31,31
icon_global,wind_gusts_10m,3,2026-01,31,31
icon_global,wind_gusts_10m,3,2026-02,28,28
icon_global,wind_gusts_10m,3,2026-03,31,31
icon_global,wind_gusts_10m,3,2026-04,30,30
icon_global,wind_gusts_10m,3,2026-05,31,31
icon_global,wind_gusts_10m,3,2026-06,30,30
icon_global,wind_gusts_10m,3,2026-07,31,31
icon_global,wind_gusts_10m,3,2026-08,31,31
icon_global,wind_gusts_10m,3,2026-09,20,20
icon_global,wind_gusts_10m,4,2024-01,31,9
icon_global,wind_gusts_10m,4,2024-02,29,29
icon_global,wind_gusts_10m,4,2024-03,31,31
icon_global,wind_gusts_10m,4,2024-04,30,30
icon_global,wind_gusts_10m,4,2024-05,31,31
icon_global,wind_gusts_10m,4,2024-06,30,30
icon_global,wind_gusts_10m,4,2024-07,31,31
icon_global,wind_gusts_10m,4,2024-08,31,31
icon_global,wind_gusts_10m,4,2024-09,30,30
icon_global,wind_gusts_10m,4,2024-10,31,31
icon_global,wind_gusts_10m,4,2024-11,30,30
icon_global,wind_gusts_10m,4,2024-12,31,31
icon_global,wind_gusts_10m,4,2025-01,31,31
icon_global,wind_gusts_10m,4,2025-02,28,28
icon_global,wind_gusts_10m,4,2025-03,31,31
icon_global,wind_gusts_10m,4,2025-04,30,30
icon_global,wind_gusts_10m,4,2025-05,31,31
icon_global,wind_gusts_10m,4,2025-06,30,30
icon_global,wind_gusts_10m,4,2025-07,31,31
icon_global,wind_gusts_10m,4,2025-08,31,31
icon_global,wind_gusts_10m,4,2025-09,30,30
icon_global,wind_gusts_10m,4,2025-10,31,31
icon_global,wind_gusts_10m,4,2025-11,30,30
icon_global,wind_gusts_10m,4,2025-12,31,31
icon_global,wind_gusts_10m,4,2026-01,31,31
icon_global,wind_gusts_10m,4,2026-02,28,28
icon_global,wind_gusts_10m,4,2026-03,31,31
icon_global,wind_gusts_10m,4,2026-04,30,30
icon_global,wind_gusts_10m,4,2026-05,31,31
icon_global,wind_gusts_10m,4,2026-06,30,30
icon_global,wind_gusts_10m,4,2026-07,31,31
icon_global,wind_gusts_10m,4,2026-08,31,31
icon_global,wind_gusts_10m,4,2026-09,20,20
icon_global,wind_gusts_10m,5,2024-01,31,8
icon_global,wind_gusts_10m,5,2024-02,29,29
icon_global,wind_gusts_10m,5,2024-03,31,31
icon_global,wind_gusts_10m,5,2024-04,30,30
icon_global,wind_gusts_10m,5,2024-05,31,31
icon_global,wind_gusts_10m,5,2024-06,30,30
icon_global,wind_gusts_10m,5,2024-07,31,31
icon_global,wind_gusts_10m,5,2024-08,31,31
icon_global,wind_gusts_10m,5,2024-09,30,30
icon_global,wind_gusts_10m,5,2024-10,31,31
icon_global,wind_gusts_10m,5,2024-11,30,30
icon_global,wind_gusts_10m,5,2024-12,31,31
icon_global,wind_gusts_10m,5,2025-01,31,31
icon_global,wind_gusts_10m,5,2025-02,28,28
icon_global,wind_gusts_10m,5,2025-03,31,31
icon_global,wind_gusts_10m,5,2025-04,30,30
icon_global,wind_gusts_10m,5,2025-05,31,31
icon_global,wind_gusts_10m,5,2025-06,30,30
icon_global,wind_gusts_10m,5,2025-07,31,31
icon_global,wind_gusts_10m,5,2025-08,31,31
icon_global,wind_gusts_10m,5,2025-09,30,30
icon_global,wind_gusts_10m,5,2025-10,31,31
icon_global,wind_gusts_10m,5,2025-11,30,30
icon_global,wind_gusts_10m,5,2025-12,31,31
icon_global,wind_gusts_10m,5,2026-01,31,31
icon_global,wind_gusts_10m,5,2026-02,28,28
icon_global,wind_gusts_10m,5,2026-03,31,31
icon_global,wind_gusts_10m,5,2026-04,30,30
icon_global,wind_gusts_10m,5,2026-05,31,31
icon_global,wind_gusts_10m,5,2026-06,30,30
icon_global,wind_gusts_10m,5,2026-07,31,31
icon_global,wind_gusts_10m,5,2026-08,31,31
icon_global,wind_gusts_10m,5,2026-09,20,20
icon_global,wind_gusts_10m,6,2024-01,31,7
icon_global,wind_gusts_10m,6,2024-02,29,29
icon_global,wind_gusts_10m,6,2024-03,31,31
icon_global,wind_gusts_10m,6,2024-04,30,30
icon_global,wind_gusts_10m,6,2024-05,31,31
icon_global,wind_gusts_10m,6,2024-06,30,30
icon_global,wind_gusts_10m,6,2024-07,31,31
icon_global,wind_gusts_10m,6,2024-08,31,31
icon_global,wind_gusts_10m,6,2024-09,30,30
icon_global,wind_gusts_10m,6,2024-10,31,31
icon_global,wind_gusts_10m,6,2024-11,30,30
icon_global,wind_gusts_10m,6,2024-12,31,31
icon_global,wind_gusts_10m,6,2025-01,31,31
icon_global,wind_gusts_10m,6,2025-02,28,28
icon_global,wind_gusts_10m,6,2025-03,31,31
icon_global,wind_gusts_10m,6,2025-04,30,30
icon_global,wind_gusts_10m,6,2025-05,31,31
icon_global,wind_gusts_10m,6,2025-06,30,30
icon_global,wind_gusts_10m,6,2025-07,31,31
icon_global,wind_gusts_10m,6,2025-08,31,31
icon_global,wind_gusts_10m,6,2025-09,30,30
icon_global,wind_gusts_10m,6,2025-10,31,31
icon_global,wind_gusts_10m,6,2025-11,30,30
icon_global,wind_gusts_10m,6,2025-12,31,31
icon_global,wind_gusts_10m,6,2026-01,31,31
icon_global,wind_gusts_10m,6,2026-02,28,28
icon_global,wind_gusts_10m,6,2026-03,31,31
icon_global,wind_gusts_10m,6,2026-04,30,30
icon_global,wind_gusts_10m,6,2026-05,31,31
icon_global,wind_gusts_10m,6,2026-06,30,30
icon_global,wind_gusts_10m,6,2026-07,31,31
icon_global,wind_gusts_10m,6,2026-08,31,31
icon_global,wind_gusts_10m,6,2026-09,20,20
icon_global,wind_gusts_10m,7,2024-01,31,0
icon_global,wind_gusts_10m,7,2024-02,29,0
icon_global,wind_gusts_10m,7,2024-03,31,0
icon_global,wind_gusts_10m,7,2024-04,30,0
icon_global,wind_gusts_10m,7,2024-05,31,0
icon_global,wind_gusts_10m,7,2024-06,30,0
icon_global,wind_gusts_10m,7,2024-07,31,0
icon_global,wind_gusts_10m,7,2024-08,31,0
icon_global,wind_gusts_10m,7,2024-09,30,0
icon_global,wind_gusts_10m,7,2024-10,31,0
icon_global,wind_gusts_10m,7,2024-11,30,0
icon_global,wind_gusts_10m,7,2024-12,31,0
icon_global,wind_gusts_10m,7,2025-01,31,0
icon_global,wind_gusts_10m,7,2025-02,28,0
icon_global,wind_gusts_10m,7,2025-03,31,0
icon_global,wind_gusts_10m,7,2025-04,30,0
icon_global,wind_gusts_10m,7,2025-05,31,0
icon_global,wind_gusts_10m,7,2025-06,30,0
icon_global,wind_gusts_10m,7,2025-07,31,0
icon_global,wind_gusts_10m,7,2025-08,31,0
icon_global,wind_gusts_10m,7,2025-09,30,0
icon_global,wind_gusts_10m,7,2025-10,31,0
icon_global,wind_gusts_10m,7,2025-11,30,0
icon_global,wind_gusts_10m,7,2025-12,31,0
icon_global,wind_gusts_10m,7,2026-01,31,0
icon_global,wind_gusts_10m,7,2026-02,28,0
icon_global,wind_gusts_10m,7,2026-03,31,0
icon_global,wind_gusts_10m,7,2026-04,30,0
icon_global,wind_gusts_10m,7,2026-05,31,0
icon_global,wind_gusts_10m,7,2026-06,30,0
icon_global,wind_gusts_10m,7,2026-07,31,0
icon_global,wind_gusts_10m,7,2026-08,31,0
icon_global,wind_gusts_10m,7,2026-09,20,0
icon_seamless,cape,1,2024-01,31,0
icon_seamless,cape,1,2024-02,29,0
icon_seamless,cape,1,2024-03,31,0
icon_seamless,cape,1,2024-04,30,0
icon_seamless,cape,1,2024-05,31,0
icon_seamless,cape,1,2024-06,30,0
icon_seamless,cape,1,2024-07,31,0
icon_seamless,cape,1,2024-08,31,0
icon_seamless,cape,1,2024-09,30,0
icon_seamless,cape,1,2024-10,31,0
icon_seamless,cape,1,2024-11,30,0
icon_seamless,cape,1,2024-12,31,0
icon_seamless,cape,1,2025-01,31,0
icon_seamless,cape,1,2025-02,28,0
icon_seamless,cape,1,2025-03,31,0
icon_seamless,cape,1,2025-04,30,0
icon_seamless,cape,1,2025-05,31,0
icon_seamless,cape,1,2025-06,30,0
icon_seamless,cape,1,2025-07,31,0
icon_seamless,cape,1,2025-08,31,0
icon_seamless,cape,1,2025-09,30,0
icon_seamless,cape,1,2025-10,31,0
icon_seamless,cape,1,2025-11,30,0
icon_seamless,cape,1,2025-12,31,0
icon_seamless,cape,1,2026-01,31,0
icon_seamless,cape,1,2026-02,28,0
icon_seamless,cape,1,2026-03,31,0
icon_seamless,cape,1,2026-04,30,0
icon_seamless,cape,1,2026-05,31,0
icon_seamless,cape,1,2026-06,30,0
icon_seamless,cape,1,2026-07,31,0
icon_seamless,cape,1,2026-08,31,0
icon_seamless,cape,1,2026-09,20,0
icon_seamless,cape,2,2024-01,31,0
icon_seamless,cape,2,2024-02,29,0
icon_seamless,cape,2,2024-03,31,0
icon_seamless,cape,2,2024-04,30,0
icon_seamless,cape,2,2024-05,31,0
icon_seamless,cape,2,2024-06,30,0
icon_seamless,cape,2,2024-07,31,0
icon_seamless,cape,2,2024-08,31,0
icon_seamless,cape,2,2024-09,30,0
icon_seamless,cape,2,2024-10,31,0
icon_seamless,cape,2,2024-11,30,0
icon_seamless,cape,2,2024-12,31,0
icon_seamless,cape,2,2025-01,31,0
icon_seamless,cape,2,2025-02,28,0
icon_seamless,cape,2,2025-03,31,0
icon_seamless,cape,2,2025-04,30,0
icon_seamless,cape,2,2025-05,31,0
icon_seamless,cape,2,2025-06,30,0
icon_seamless,cape,2,2025-07,31,0
icon_seamless,cape,2,2025-08,31,0
icon_seamless,cape,2,2025-09,30,0
icon_seamless,cape,2,2025-10,31,0
icon_seamless,cape,2,2025-11,30,0
icon_seamless,cape,2,2025-12,31,0
icon_seamless,cape,2,2026-01,31,0
icon_seamless,cape,2,2026-02,28,0
icon_seamless,cape,2,2026-03,31,0
icon_seamless,cape,2,2026-04,30,0
icon_seamless,cape,2,2026-05,31,0
icon_seamless,cape,2,2026-06,30,0
icon_seamless,cape,2,2026-07,31,0
icon_seamless,cape,2,2026-08,31,0
icon_seamless,cape,2,2026-09,20,0
icon_seamless,cape,3,2024-01,31,0
icon_seamless,cape,3,2024-02,29,0
icon_seamless,cape,3,2024-03,31,0
icon_seamless,cape,3,2024-04,30,0
icon_seamless,cape,3,2024-05,31,0
icon_seamless,cape,3,2024-06,30,0
icon_seamless,cape,3,2024-07,31,0
icon_seamless,cape,3,2024-08,31,0
icon_seamless,cape,3,2024-09,30,0
icon_seamless,cape,3,2024-10,31,0
icon_seamless,cape,3,2024-11,30,0
icon_seamless,cape,3,2024-12,31,0
icon_seamless,cape,3,2025-01,31,0
icon_seamless,cape,3,2025-02,28,0
icon_seamless,cape,3,2025-03,31,0
icon_seamless,cape,3,2025-04,30,0
icon_seamless,cape,3,2025-05,31,0
icon_seamless,cape,3,2025-06,30,0
icon_seamless,cape,3,2025-07,31,0
icon_seamless,cape,3,2025-08,31,0
icon_seamless,cape,3,2025-09,30,0
icon_seamless,cape,3,2025-10,31,0
icon_seamless,cape,3,2025-11,30,0
icon_seamless,cape,3,2025-12,31,0
icon_seamless,cape,3,2026-01,31,0
icon_seamless,cape,3,2026-02,28,0
icon_seamless,cape,3,2026-03,31,0
icon_seamless,cape,3,2026-04,30,0
icon_seamless,cape,3,2026-05,31,0
icon_seamless,cape,3,2026-06,30,0
icon_seamless,cape,3,2026-07,31,0
icon_seamless,cape,3,2026-08,31,0
icon_seamless,cape,3,2026-09,20,0
icon_seamless,cape,4,2024-01,31,0
icon_seamless,cape,4,2024-02,29,0
icon_seamless,cape,4,2024-03,31,0
icon_seamless,cape,4,2024-04,30,0
icon_seamless,cape,4,2024-05,31,0
icon_seamless,cape,4,2024-06,30,0
icon_seamless,cape,4,2024-07,31,0
icon_seamless,cape,4,2024-08,31,0
icon_seamless,cape,4,2024-09,30,0
icon_seamless,cape,4,2024-10,31,0
icon_seamless,cape,4,2024-11,30,0
icon_seamless,cape,4,2024-12,31,0
icon_seamless,cape,4,2025-01,31,0
icon_seamless,cape,4,2025-02,28,0
icon_seamless,cape,4,2025-03,31,0
icon_seamless,cape,4,2025-04,30,0
icon_seamless,cape,4,2025-05,31,0
icon_seamless,cape,4,2025-06,30,0
icon_seamless,cape,4,2025-07,31,0
icon_seamless,cape,4,2025-08,31,0
icon_seamless,cape,4,2025-09,30,0
icon_seamless,cape,4,2025-10,31,0
icon_seamless,cape,4,2025-11,30,0
icon_seamless,cape,4,2025-12,31,0
icon_seamless,cape,4,2026-01,31,0
icon_seamless,cape,4,2026-02,28,0
icon_seamless,cape,4,2026-03,31,0
icon_seamless,cape,4,2026-04,30,0
icon_seamless,cape,4,2026-05,31,0
icon_seamless,cape,4,2026-06,30,0
icon_seamless,cape,4,2026-07,31,0
icon_seamless,cape,4,2026-08,31,0
icon_seamless,cape,4,2026-09,20,0
icon_seamless,cape,5,2024-01,31,0
icon_seamless,cape,5,2024-02,29,0
icon_seamless,cape,5,2024-03,31,0
icon_seamless,cape,5,2024-04,30,0
icon_seamless,cape,5,2024-05,31,0
icon_seamless,cape,5,2024-06,30,0
icon_seamless,cape,5,2024-07,31,0
icon_seamless,cape,5,2024-08,31,0
icon_seamless,cape,5,2024-09,30,0
icon_seamless,cape,5,2024-10,31,0
icon_seamless,cape,5,2024-11,30,0
icon_seamless,cape,5,2024-12,31,0
icon_seamless,cape,5,2025-01,31,0
icon_seamless,cape,5,2025-02,28,0
icon_seamless,cape,5,2025-03,31,0
icon_seamless,cape,5,2025-04,30,0
icon_seamless,cape,5,2025-05,31,0
icon_seamless,cape,5,2025-06,30,0
icon_seamless,cape,5,2025-07,31,0
icon_seamless,cape,5,2025-08,31,0
icon_seamless,cape,5,2025-09,30,0
icon_seamless,cape,5,2025-10,31,0
icon_seamless,cape,5,2025-11,30,0
icon_seamless,cape,5,2025-12,31,0
icon_seamless,cape,5,2026-01,31,0
icon_seamless,cape,5,2026-02,28,0
icon_seamless,cape,5,2026-03,31,0
icon_seamless,cape,5,2026-04,30,0
icon_seamless,cape,5,2026-05,31,0
icon_seamless,cape,5,2026-06,30,0
icon_seamless,cape,5,2026-07,31,0
icon_seamless,cape,5,2026-08,31,0
icon_seamless,cape,5,2026-09,20,0
icon_seamless,cape,6,2024-01,31,0
icon_seamless,cape,6,2024-02,29,0
icon_seamless,cape,6,2024-03,31,0
icon_seamless,cape,6,2024-04,30,0
icon_seamless,cape,6,2024-05,31,0
icon_seamless,cape,6,2024-06,30,0
icon_seamless,cape,6,2024-07,31,0
icon_seamless,cape,6,2024-08,31,0
icon_seamless,cape,6,2024-09,30,0
icon_seamless,cape,6,2024-10,31,0
icon_seamless,cape,6,2024-11,30,0
icon_seamless,cape,6,2024-12,31,0
icon_seamless,cape,6,2025-01,31,0
icon_seamless,cape,6,2025-02,28,0
icon_seamless,cape,6,2025-03,31,0
icon_seamless,cape,6,2025-04,30,0
icon_seamless,cape,6,2025-05,31,0
icon_seamless,cape,6,2025-06,30,0
icon_seamless,cape,6,2025-07,31,0
icon_seamless,cape,6,2025-08,31,0
icon_seamless,cape,6,2025-09,30,0
icon_seamless,cape,6,2025-10,31,0
icon_seamless,cape,6,2025-11,30,0
icon_seamless,cape,6,2025-12,31,0
icon_seamless,cape,6,2026-01,31,0
icon_seamless,cape,6,2026-02,28,0
icon_seamless,cape,6,2026-03,31,0
icon_seamless,cape,6,2026-04,30,0
icon_seamless,cape,6,2026-05,31,0
icon_seamless,cape,6,2026-06,30,0
icon_seamless,cape,6,2026-07,31,0
icon_seamless,cape,6,2026-08,31,0
icon_seamless,cape,6,2026-09,20,0
icon_seamless,cape,7,2024-01,31,0
icon_seamless,cape,7,2024-02,29,0
icon_seamless,cape,7,2024-03,31,0
icon_seamless,cape,7,2024-04,30,0
icon_seamless,cape,7,2024-05,31,0
icon_seamless,cape,7,2024-06,30,0
icon_seamless,cape,7,2024-07,31,0
icon_seamless,cape,7,2024-08,31,0
icon_seamless,cape,7,2024-09,30,0
icon_seamless,cape,7,2024-10,31,0
icon_seamless,cape,7,2024-11,30,0
icon_seamless,cape,7,2024-12,31,0
icon_seamless,cape,7,2025-01,31,0
icon_seamless,cape,7,2025-02,28,0
icon_seamless,cape,7,2025-03,31,0
icon_seamless,cape,7,2025-04,30,0
icon_seamless,cape,7,2025-05,31,0
icon_seamless,cape,7,2025-06,30,0
icon_seamless,cape,7,2025-07,31,0
icon_seamless,cape,7,2025-08,31,0
icon_seamless,cape,7,2025-09,30,0
icon_seamless,cape,7,2025-10,31,0
icon_seamless,cape,7,2025-11,30,0
icon_seamless,cape,7,2025-12,31,0
icon_seamless,cape,7,2026-01,31,0
icon_seamless,cape,7,2026-02,28,0
icon_seamless,cape,7,2026-03,31,0
icon_seamless,cape,7,2026-04,30,0
icon_seamless,cape,7,2026-05,31,0
icon_seamless,cape,7,2026-06,30,0
icon_seamless,cape,7,2026-07,31,0
icon_seamless,cape,7,2026-08,31,0
icon_seamless,cape,7,2026-09,20,0
icon_seamless,precipitation,1,2024-01,31,12
icon_seamless,precipitation,1,2024-02,29,29
icon_seamless,precipitation,1,2024-03,31,31
icon_seamless,precipitation,1,2024-04,30,30
icon_seamless,precipitation,1,2024-05,31,31
icon_seamless,precipitation,1,2024-06,30,30
icon_seamless,precipitation,1,2024-07,31,31
icon_seamless,precipitation,1,2024-08,31,31
icon_seamless,precipitation,1,2024-09,30,30
icon_seamless,precipitation,1,2024-10,31,31
icon_seamless,precipitation,1,2024-11,30,30
icon_seamless,precipitation,1,2024-12,31,31
icon_seamless,precipitation,1,2025-01,31,31
icon_seamless,precipitation,1,2025-02,28,28
icon_seamless,precipitation,1,2025-03,31,31
icon_seamless,precipitation,1,2025-04,30,30
icon_seamless,precipitation,1,2025-05,31,31
icon_seamless,precipitation,1,2025-06,30,30
icon_seamless,precipitation,1,2025-07,31,31
icon_seamless,precipitation,1,2025-08,31,31
icon_seamless,precipitation,1,2025-09,30,30
icon_seamless,precipitation,1,2025-10,31,31
icon_seamless,precipitation,1,2025-11,30,30
icon_seamless,precipitation,1,2025-12,31,31
icon_seamless,precipitation,1,2026-01,31,31
icon_seamless,precipitation,1,2026-02,28,28
icon_seamless,precipitation,1,2026-03,31,31
icon_seamless,precipitation,1,2026-04,30,26
icon_seamless,precipitation,1,2026-05,31,31
icon_seamless,precipitation,1,2026-06,30,30
icon_seamless,precipitation,1,2026-07,31,31
icon_seamless,precipitation,1,2026-08,31,31
icon_seamless,precipitation,1,2026-09,20,20
icon_seamless,precipitation,2,2024-01,31,11
icon_seamless,precipitation,2,2024-02,29,29
icon_seamless,precipitation,2,2024-03,31,31
icon_seamless,precipitation,2,2024-04,30,30
icon_seamless,precipitation,2,2024-05,31,31
icon_seamless,precipitation,2,2024-06,30,30
icon_seamless,precipitation,2,2024-07,31,31
icon_seamless,precipitation,2,2024-08,31,31
icon_seamless,precipitation,2,2024-09,30,30
icon_seamless,precipitation,2,2024-10,31,31
icon_seamless,precipitation,2,2024-11,30,30
icon_seamless,precipitation,2,2024-12,31,31
icon_seamless,precipitation,2,2025-01,31,31
icon_seamless,precipitation,2,2025-02,28,28
icon_seamless,precipitation,2,2025-03,31,31
icon_seamless,precipitation,2,2025-04,30,30
icon_seamless,precipitation,2,2025-05,31,31
icon_seamless,precipitation,2,2025-06,30,30
icon_seamless,precipitation,2,2025-07,31,31
icon_seamless,precipitation,2,2025-08,31,31
icon_seamless,precipitation,2,2025-09,30,30
icon_seamless,precipitation,2,2025-10,31,31
icon_seamless,precipitation,2,2025-11,30,30
icon_seamless,precipitation,2,2025-12,31,31
icon_seamless,precipitation,2,2026-01,31,31
icon_seamless,precipitation,2,2026-02,28,28
icon_seamless,precipitation,2,2026-03,31,31
icon_seamless,precipitation,2,2026-04,30,26
icon_seamless,precipitation,2,2026-05,31,31
icon_seamless,precipitation,2,2026-06,30,30
icon_seamless,precipitation,2,2026-07,31,31
icon_seamless,precipitation,2,2026-08,31,31
icon_seamless,precipitation,2,2026-09,20,20
icon_seamless,precipitation,3,2024-01,31,10
icon_seamless,precipitation,3,2024-02,29,29
icon_seamless,precipitation,3,2024-03,31,31
icon_seamless,precipitation,3,2024-04,30,30
icon_seamless,precipitation,3,2024-05,31,31
icon_seamless,precipitation,3,2024-06,30,30
icon_seamless,precipitation,3,2024-07,31,31
icon_seamless,precipitation,3,2024-08,31,31
icon_seamless,precipitation,3,2024-09,30,30
icon_seamless,precipitation,3,2024-10,31,31
icon_seamless,precipitation,3,2024-11,30,30
icon_seamless,precipitation,3,2024-12,31,31
icon_seamless,precipitation,3,2025-01,31,31
icon_seamless,precipitation,3,2025-02,28,28
icon_seamless,precipitation,3,2025-03,31,31
icon_seamless,precipitation,3,2025-04,30,30
icon_seamless,precipitation,3,2025-05,31,31
icon_seamless,precipitation,3,2025-06,30,30
icon_seamless,precipitation,3,2025-07,31,31
icon_seamless,precipitation,3,2025-08,31,31
icon_seamless,precipitation,3,2025-09,30,30
icon_seamless,precipitation,3,2025-10,31,31
icon_seamless,precipitation,3,2025-11,30,30
icon_seamless,precipitation,3,2025-12,31,31
icon_seamless,precipitation,3,2026-01,31,31
icon_seamless,precipitation,3,2026-02,28,28
icon_seamless,precipitation,3,2026-03,31,31
icon_seamless,precipitation,3,2026-04,30,30
icon_seamless,precipitation,3,2026-05,31,31
icon_seamless,precipitation,3,2026-06,30,30
icon_seamless,precipitation,3,2026-07,31,31
icon_seamless,precipitation,3,2026-08,31,31
icon_seamless,precipitation,3,2026-09,20,20
icon_seamless,precipitation,4,2024-01,31,9
icon_seamless,precipitation,4,2024-02,29,29
icon_seamless,precipitation,4,2024-03,31,31
icon_seamless,precipitation,4,2024-04,30,30
icon_seamless,precipitation,4,2024-05,31,31
icon_seamless,precipitation,4,2024-06,30,30
icon_seamless,precipitation,4,2024-07,31,31
icon_seamless,precipitation,4,2024-08,31,31
icon_seamless,precipitation,4,2024-09,30,30
icon_seamless,precipitation,4,2024-10,31,31
icon_seamless,precipitation,4,2024-11,30,30
icon_seamless,precipitation,4,2024-12,31,31
icon_seamless,precipitation,4,2025-01,31,31
icon_seamless,precipitation,4,2025-02,28,28
icon_seamless,precipitation,4,2025-03,31,31
icon_seamless,precipitation,4,2025-04,30,30
icon_seamless,precipitation,4,2025-05,31,31
icon_seamless,precipitation,4,2025-06,30,30
icon_seamless,precipitation,4,2025-07,31,31
icon_seamless,precipitation,4,2025-08,31,31
icon_seamless,precipitation,4,2025-09,30,30
icon_seamless,precipitation,4,2025-10,31,31
icon_seamless,precipitation,4,2025-11,30,30
icon_seamless,precipitation,4,2025-12,31,31
icon_seamless,precipitation,4,2026-01,31,31
icon_seamless,precipitation,4,2026-02,28,28
icon_seamless,precipitation,4,2026-03,31,31
icon_seamless,precipitation,4,2026-04,30,30
icon_seamless,precipitation,4,2026-05,31,31
icon_seamless,precipitation,4,2026-06,30,30
icon_seamless,precipitation,4,2026-07,31,31
icon_seamless,precipitation,4,2026-08,31,31
icon_seamless,precipitation,4,2026-09,20,20
icon_seamless,precipitation,5,2024-01,31,8
icon_seamless,precipitation,5,2024-02,29,29
icon_seamless,precipitation,5,2024-03,31,31
icon_seamless,precipitation,5,2024-04,30,30
icon_seamless,precipitation,5,2024-05,31,31
icon_seamless,precipitation,5,2024-06,30,30
icon_seamless,precipitation,5,2024-07,31,31
icon_seamless,precipitation,5,2024-08,31,31
icon_seamless,precipitation,5,2024-09,30,30
icon_seamless,precipitation,5,2024-10,31,31
icon_seamless,precipitation,5,2024-11,30,30
icon_seamless,precipitation,5,2024-12,31,31
icon_seamless,precipitation,5,2025-01,31,31
icon_seamless,precipitation,5,2025-02,28,28
icon_seamless,precipitation,5,2025-03,31,31
icon_seamless,precipitation,5,2025-04,30,30
icon_seamless,precipitation,5,2025-05,31,31
icon_seamless,precipitation,5,2025-06,30,30
icon_seamless,precipitation,5,2025-07,31,31
icon_seamless,precipitation,5,2025-08,31,31
icon_seamless,precipitation,5,2025-09,30,30
icon_seamless,precipitation,5,2025-10,31,31
icon_seamless,precipitation,5,2025-11,30,30
icon_seamless,precipitation,5,2025-12,31,31
icon_seamless,precipitation,5,2026-01,31,31
icon_seamless,precipitation,5,2026-02,28,28
icon_seamless,precipitation,5,2026-03,31,31
icon_seamless,precipitation,5,2026-04,30,30
icon_seamless,precipitation,5,2026-05,31,31
icon_seamless,precipitation,5,2026-06,30,30
icon_seamless,precipitation,5,2026-07,31,31
icon_seamless,precipitation,5,2026-08,31,31
icon_seamless,precipitation,5,2026-09,20,20
icon_seamless,precipitation,6,2024-01,31,7
icon_seamless,precipitation,6,2024-02,29,29
icon_seamless,precipitation,6,2024-03,31,31
icon_seamless,precipitation,6,2024-04,30,30
icon_seamless,precipitation,6,2024-05,31,31
icon_seamless,precipitation,6,2024-06,30,30
icon_seamless,precipitation,6,2024-07,31,31
icon_seamless,precipitation,6,2024-08,31,31
icon_seamless,precipitation,6,2024-09,30,30
icon_seamless,precipitation,6,2024-10,31,31
icon_seamless,precipitation,6,2024-11,30,30
icon_seamless,precipitation,6,2024-12,31,31
icon_seamless,precipitation,6,2025-01,31,31
icon_seamless,precipitation,6,2025-02,28,28
icon_seamless,precipitation,6,2025-03,31,31
icon_seamless,precipitation,6,2025-04,30,30
icon_seamless,precipitation,6,2025-05,31,31
icon_seamless,precipitation,6,2025-06,30,30
icon_seamless,precipitation,6,2025-07,31,31
icon_seamless,precipitation,6,2025-08,31,31
icon_seamless,precipitation,6,2025-09,30,30
icon_seamless,precipitation,6,2025-10,31,31
icon_seamless,precipitation,6,2025-11,30,30
icon_seamless,precipitation,6,2025-12,31,31
icon_seamless,precipitation,6,2026-01,31,31
icon_seamless,precipitation,6,2026-02,28,28
icon_seamless,precipitation,6,2026-03,31,31
icon_seamless,precipitation,6,2026-04,30,26
icon_seamless,precipitation,6,2026-05,31,31
icon_seamless,precipitation,6,2026-06,30,30
icon_seamless,precipitation,6,2026-07,31,31
icon_seamless,precipitation,6,2026-08,31,31
icon_seamless,precipitation,6,2026-09,20,20
icon_seamless,precipitation,7,2024-01,31,0
icon_seamless,precipitation,7,2024-02,29,0
icon_seamless,precipitation,7,2024-03,31,0
icon_seamless,precipitation,7,2024-04,30,0
icon_seamless,precipitation,7,2024-05,31,0
icon_seamless,precipitation,7,2024-06,30,0
icon_seamless,precipitation,7,2024-07,31,0
icon_seamless,precipitation,7,2024-08,31,0
icon_seamless,precipitation,7,2024-09,30,0
icon_seamless,precipitation,7,2024-10,31,0
icon_seamless,precipitation,7,2024-11,30,0
icon_seamless,precipitation,7,2024-12,31,0
icon_seamless,precipitation,7,2025-01,31,0
icon_seamless,precipitation,7,2025-02,28,0
icon_seamless,precipitation,7,2025-03,31,0
icon_seamless,precipitation,7,2025-04,30,0
icon_seamless,precipitation,7,2025-05,31,0
icon_seamless,precipitation,7,2025-06,30,0
icon_seamless,precipitation,7,2025-07,31,0
icon_seamless,precipitation,7,2025-08,31,0
icon_seamless,precipitation,7,2025-09,30,0
icon_seamless,precipitation,7,2025-10,31,0
icon_seamless,precipitation,7,2025-11,30,0
icon_seamless,precipitation,7,2025-12,31,0
icon_seamless,precipitation,7,2026-01,31,0
icon_seamless,precipitation,7,2026-02,28,0
icon_seamless,precipitation,7,2026-03,31,0
icon_seamless,precipitation,7,2026-04,30,0
icon_seamless,precipitation,7,2026-05,31,0
icon_seamless,precipitation,7,2026-06,30,0
icon_seamless,precipitation,7,2026-07,31,0
icon_seamless,precipitation,7,2026-08,31,0
icon_seamless,precipitation,7,2026-09,20,0
icon_seamless,temperature_2m,1,2024-01,31,12
icon_seamless,temperature_2m,1,2024-02,29,29
icon_seamless,temperature_2m,1,2024-03,31,31
icon_seamless,temperature_2m,1,2024-04,30,30
icon_seamless,temperature_2m,1,2024-05,31,31
icon_seamless,temperature_2m,1,2024-06,30,30
icon_seamless,temperature_2m,1,2024-07,31,31
icon_seamless,temperature_2m,1,2024-08,31,31
icon_seamless,temperature_2m,1,2024-09,30,30
icon_seamless,temperature_2m,1,2024-10,31,31
icon_seamless,temperature_2m,1,2024-11,30,30
icon_seamless,temperature_2m,1,2024-12,31,31
icon_seamless,temperature_2m,1,2025-01,31,31
icon_seamless,temperature_2m,1,2025-02,28,28
icon_seamless,temperature_2m,1,2025-03,31,31
icon_seamless,temperature_2m,1,2025-04,30,30
icon_seamless,temperature_2m,1,2025-05,31,31
icon_seamless,temperature_2m,1,2025-06,30,30
icon_seamless,temperature_2m,1,2025-07,31,31
icon_seamless,temperature_2m,1,2025-08,31,31
icon_seamless,temperature_2m,1,2025-09,30,30
icon_seamless,temperature_2m,1,2025-10,31,31
icon_seamless,temperature_2m,1,2025-11,30,30
icon_seamless,temperature_2m,1,2025-12,31,31
icon_seamless,temperature_2m,1,2026-01,31,31
icon_seamless,temperature_2m,1,2026-02,28,28
icon_seamless,temperature_2m,1,2026-03,31,31
icon_seamless,temperature_2m,1,2026-04,30,26
icon_seamless,temperature_2m,1,2026-05,31,31
icon_seamless,temperature_2m,1,2026-06,30,30
icon_seamless,temperature_2m,1,2026-07,31,31
icon_seamless,temperature_2m,1,2026-08,31,31
icon_seamless,temperature_2m,1,2026-09,20,20
icon_seamless,temperature_2m,2,2024-01,31,11
icon_seamless,temperature_2m,2,2024-02,29,29
icon_seamless,temperature_2m,2,2024-03,31,31
icon_seamless,temperature_2m,2,2024-04,30,30
icon_seamless,temperature_2m,2,2024-05,31,31
icon_seamless,temperature_2m,2,2024-06,30,30
icon_seamless,temperature_2m,2,2024-07,31,31
icon_seamless,temperature_2m,2,2024-08,31,31
icon_seamless,temperature_2m,2,2024-09,30,30
icon_seamless,temperature_2m,2,2024-10,31,31
icon_seamless,temperature_2m,2,2024-11,30,30
icon_seamless,temperature_2m,2,2024-12,31,31
icon_seamless,temperature_2m,2,2025-01,31,31
icon_seamless,temperature_2m,2,2025-02,28,28
icon_seamless,temperature_2m,2,2025-03,31,31
icon_seamless,temperature_2m,2,2025-04,30,30
icon_seamless,temperature_2m,2,2025-05,31,31
icon_seamless,temperature_2m,2,2025-06,30,30
icon_seamless,temperature_2m,2,2025-07,31,31
icon_seamless,temperature_2m,2,2025-08,31,31
icon_seamless,temperature_2m,2,2025-09,30,30
icon_seamless,temperature_2m,2,2025-10,31,31
icon_seamless,temperature_2m,2,2025-11,30,30
icon_seamless,temperature_2m,2,2025-12,31,31
icon_seamless,temperature_2m,2,2026-01,31,31
icon_seamless,temperature_2m,2,2026-02,28,28
icon_seamless,temperature_2m,2,2026-03,31,31
icon_seamless,temperature_2m,2,2026-04,30,30
icon_seamless,temperature_2m,2,2026-05,31,31
icon_seamless,temperature_2m,2,2026-06,30,30
icon_seamless,temperature_2m,2,2026-07,31,31
icon_seamless,temperature_2m,2,2026-08,31,31
icon_seamless,temperature_2m,2,2026-09,20,20
icon_seamless,temperature_2m,3,2024-01,31,10
icon_seamless,temperature_2m,3,2024-02,29,29
icon_seamless,temperature_2m,3,2024-03,31,31
icon_seamless,temperature_2m,3,2024-04,30,30
icon_seamless,temperature_2m,3,2024-05,31,31
icon_seamless,temperature_2m,3,2024-06,30,30
icon_seamless,temperature_2m,3,2024-07,31,31
icon_seamless,temperature_2m,3,2024-08,31,31
icon_seamless,temperature_2m,3,2024-09,30,30
icon_seamless,temperature_2m,3,2024-10,31,31
icon_seamless,temperature_2m,3,2024-11,30,30
icon_seamless,temperature_2m,3,2024-12,31,31
icon_seamless,temperature_2m,3,2025-01,31,31
icon_seamless,temperature_2m,3,2025-02,28,28
icon_seamless,temperature_2m,3,2025-03,31,31
icon_seamless,temperature_2m,3,2025-04,30,30
icon_seamless,temperature_2m,3,2025-05,31,31
icon_seamless,temperature_2m,3,2025-06,30,30
icon_seamless,temperature_2m,3,2025-07,31,31
icon_seamless,temperature_2m,3,2025-08,31,31
icon_seamless,temperature_2m,3,2025-09,30,30
icon_seamless,temperature_2m,3,2025-10,31,31
icon_seamless,temperature_2m,3,2025-11,30,30
icon_seamless,temperature_2m,3,2025-12,31,31
icon_seamless,temperature_2m,3,2026-01,31,31
icon_seamless,temperature_2m,3,2026-02,28,28
icon_seamless,temperature_2m,3,2026-03,31,31
icon_seamless,temperature_2m,3,2026-04,30,26
icon_seamless,temperature_2m,3,2026-05,31,31
icon_seamless,temperature_2m,3,2026-06,30,30
icon_seamless,temperature_2m,3,2026-07,31,31
icon_seamless,temperature_2m,3,2026-08,31,31
icon_seamless,temperature_2m,3,2026-09,20,20
icon_seamless,temperature_2m,4,2024-01,31,9
icon_seamless,temperature_2m,4,2024-02,29,29
icon_seamless,temperature_2m,4,2024-03,31,31
icon_seamless,temperature_2m,4,2024-04,30,30
icon_seamless,temperature_2m,4,2024-05,31,31
icon_seamless,temperature_2m,4,2024-06,30,30
icon_seamless,temperature_2m,4,2024-07,31,31
icon_seamless,temperature_2m,4,2024-08,31,31
icon_seamless,temperature_2m,4,2024-09,30,30
icon_seamless,temperature_2m,4,2024-10,31,31
icon_seamless,temperature_2m,4,2024-11,30,30
icon_seamless,temperature_2m,4,2024-12,31,31
icon_seamless,temperature_2m,4,2025-01,31,31
icon_seamless,temperature_2m,4,2025-02,28,28
icon_seamless,temperature_2m,4,2025-03,31,31
icon_seamless,temperature_2m,4,2025-04,30,30
icon_seamless,temperature_2m,4,2025-05,31,31
icon_seamless,temperature_2m,4,2025-06,30,30
icon_seamless,temperature_2m,4,2025-07,31,31
icon_seamless,temperature_2m,4,2025-08,31,31
icon_seamless,temperature_2m,4,2025-09,30,30
icon_seamless,temperature_2m,4,2025-10,31,31
icon_seamless,temperature_2m,4,2025-11,30,30
icon_seamless,temperature_2m,4,2025-12,31,31
icon_seamless,temperature_2m,4,2026-01,31,31
icon_seamless,temperature_2m,4,2026-02,28,28
icon_seamless,temperature_2m,4,2026-03,31,31
icon_seamless,temperature_2m,4,2026-04,30,26
icon_seamless,temperature_2m,4,2026-05,31,31
icon_seamless,temperature_2m,4,2026-06,30,30
icon_seamless,temperature_2m,4,2026-07,31,31
icon_seamless,temperature_2m,4,2026-08,31,31
icon_seamless,temperature_2m,4,2026-09,20,20
icon_seamless,temperature_2m,5,2024-01,31,8
icon_seamless,temperature_2m,5,2024-02,29,29
icon_seamless,temperature_2m,5,2024-03,31,31
icon_seamless,temperature_2m,5,2024-04,30,30
icon_seamless,temperature_2m,5,2024-05,31,31
icon_seamless,temperature_2m,5,2024-06,30,30
icon_seamless,temperature_2m,5,2024-07,31,31
icon_seamless,temperature_2m,5,2024-08,31,31
icon_seamless,temperature_2m,5,2024-09,30,30
icon_seamless,temperature_2m,5,2024-10,31,31
icon_seamless,temperature_2m,5,2024-11,30,30
icon_seamless,temperature_2m,5,2024-12,31,31
icon_seamless,temperature_2m,5,2025-01,31,31
icon_seamless,temperature_2m,5,2025-02,28,28
icon_seamless,temperature_2m,5,2025-03,31,31
icon_seamless,temperature_2m,5,2025-04,30,30
icon_seamless,temperature_2m,5,2025-05,31,31
icon_seamless,temperature_2m,5,2025-06,30,30
icon_seamless,temperature_2m,5,2025-07,31,31
icon_seamless,temperature_2m,5,2025-08,31,31
icon_seamless,temperature_2m,5,2025-09,30,30
icon_seamless,temperature_2m,5,2025-10,31,31
icon_seamless,temperature_2m,5,2025-11,30,30
icon_seamless,temperature_2m,5,2025-12,31,31
icon_seamless,temperature_2m,5,2026-01,31,31
icon_seamless,temperature_2m,5,2026-02,28,28
icon_seamless,temperature_2m,5,2026-03,31,31
icon_seamless,temperature_2m,5,2026-04,30,26
icon_seamless,temperature_2m,5,2026-05,31,31
icon_seamless,temperature_2m,5,2026-06,30,30
icon_seamless,temperature_2m,5,2026-07,31,31
icon_seamless,temperature_2m,5,2026-08,31,31
icon_seamless,temperature_2m,5,2026-09,20,20
icon_seamless,temperature_2m,6,2024-01,31,7
icon_seamless,temperature_2m,6,2024-02,29,29
icon_seamless,temperature_2m,6,2024-03,31,31
icon_seamless,temperature_2m,6,2024-04,30,30
icon_seamless,temperature_2m,6,2024-05,31,31
icon_seamless,temperature_2m,6,2024-06,30,30
icon_seamless,temperature_2m,6,2024-07,31,31
icon_seamless,temperature_2m,6,2024-08,31,31
icon_seamless,temperature_2m,6,2024-09,30,30
icon_seamless,temperature_2m,6,2024-10,31,31
icon_seamless,temperature_2m,6,2024-11,30,30
icon_seamless,temperature_2m,6,2024-12,31,31
icon_seamless,temperature_2m,6,2025-01,31,31
icon_seamless,temperature_2m,6,2025-02,28,28
icon_seamless,temperature_2m,6,2025-03,31,31
icon_seamless,temperature_2m,6,2025-04,30,30
icon_seamless,temperature_2m,6,2025-05,31,31
icon_seamless,temperature_2m,6,2025-06,30,30
icon_seamless,temperature_2m,6,2025-07,31,31
icon_seamless,temperature_2m,6,2025-08,31,31
icon_seamless,temperature_2m,6,2025-09,30,30
icon_seamless,temperature_2m,6,2025-10,31,31
icon_seamless,temperature_2m,6,2025-11,30,30
icon_seamless,temperature_2m,6,2025-12,31,31
icon_seamless,temperature_2m,6,2026-01,31,31
icon_seamless,temperature_2m,6,2026-02,28,28
icon_seamless,temperature_2m,6,2026-03,31,31
icon_seamless,temperature_2m,6,2026-04,30,26
icon_seamless,temperature_2m,6,2026-05,31,31
icon_seamless,temperature_2m,6,2026-06,30,30
icon_seamless,temperature_2m,6,2026-07,31,31
icon_seamless,temperature_2m,6,2026-08,31,31
icon_seamless,temperature_2m,6,2026-09,20,20
icon_seamless,temperature_2m,7,2024-01,31,0
icon_seamless,temperature_2m,7,2024-02,29,0
icon_seamless,temperature_2m,7,2024-03,31,0
icon_seamless,temperature_2m,7,2024-04,30,0
icon_seamless,temperature_2m,7,2024-05,31,0
icon_seamless,temperature_2m,7,2024-06,30,0
icon_seamless,temperature_2m,7,2024-07,31,0
icon_seamless,temperature_2m,7,2024-08,31,0
icon_seamless,temperature_2m,7,2024-09,30,0
icon_seamless,temperature_2m,7,2024-10,31,0
icon_seamless,temperature_2m,7,2024-11,30,0
icon_seamless,temperature_2m,7,2024-12,31,0
icon_seamless,temperature_2m,7,2025-01,31,0
icon_seamless,temperature_2m,7,2025-02,28,0
icon_seamless,temperature_2m,7,2025-03,31,0
icon_seamless,temperature_2m,7,2025-04,30,0
icon_seamless,temperature_2m,7,2025-05,31,0
icon_seamless,temperature_2m,7,2025-06,30,0
icon_seamless,temperature_2m,7,2025-07,31,0
icon_seamless,temperature_2m,7,2025-08,31,0
icon_seamless,temperature_2m,7,2025-09,30,0
icon_seamless,temperature_2m,7,2025-10,31,0
icon_seamless,temperature_2m,7,2025-11,30,0
icon_seamless,temperature_2m,7,2025-12,31,0
icon_seamless,temperature_2m,7,2026-01,31,0
icon_seamless,temperature_2m,7,2026-02,28,0
icon_seamless,temperature_2m,7,2026-03,31,0
icon_seamless,temperature_2m,7,2026-04,30,0
icon_seamless,temperature_2m,7,2026-05,31,0
icon_seamless,temperature_2m,7,2026-06,30,0
icon_seamless,temperature_2m,7,2026-07,31,0
icon_seamless,temperature_2m,7,2026-08,31,0
icon_seamless,temperature_2m,7,2026-09,20,0
icon_seamless,wind_gusts_10m,1,2024-01,31,12
icon_seamless,wind_gusts_10m,1,2024-02,29,29
icon_seamless,wind_gusts_10m,1,2024-03,31,31
icon_seamless,wind_gusts_10m,1,2024-04,30,30
icon_seamless,wind_gusts_10m,1,2024-05,31,31
icon_seamless,wind_gusts_10m,1,2024-06,30,30
icon_seamless,wind_gusts_10m,1,2024-07,31,31
icon_seamless,wind_gusts_10m,1,2024-08,31,31
icon_seamless,wind_gusts_10m,1,2024-09,30,30
icon_seamless,wind_gusts_10m,1,2024-10,31,31
icon_seamless,wind_gusts_10m,1,2024-11,30,30
icon_seamless,wind_gusts_10m,1,2024-12,31,31
icon_seamless,wind_gusts_10m,1,2025-01,31,31
icon_seamless,wind_gusts_10m,1,2025-02,28,28
icon_seamless,wind_gusts_10m,1,2025-03,31,31
icon_seamless,wind_gusts_10m,1,2025-04,30,30
icon_seamless,wind_gusts_10m,1,2025-05,31,31
icon_seamless,wind_gusts_10m,1,2025-06,30,30
icon_seamless,wind_gusts_10m,1,2025-07,31,31
icon_seamless,wind_gusts_10m,1,2025-08,31,31
icon_seamless,wind_gusts_10m,1,2025-09,30,30
icon_seamless,wind_gusts_10m,1,2025-10,31,31
icon_seamless,wind_gusts_10m,1,2025-11,30,30
icon_seamless,wind_gusts_10m,1,2025-12,31,31
icon_seamless,wind_gusts_10m,1,2026-01,31,31
icon_seamless,wind_gusts_10m,1,2026-02,28,28
icon_seamless,wind_gusts_10m,1,2026-03,31,31
icon_seamless,wind_gusts_10m,1,2026-04,30,30
icon_seamless,wind_gusts_10m,1,2026-05,31,31
icon_seamless,wind_gusts_10m,1,2026-06,30,30
icon_seamless,wind_gusts_10m,1,2026-07,31,31
icon_seamless,wind_gusts_10m,1,2026-08,31,31
icon_seamless,wind_gusts_10m,1,2026-09,20,20
icon_seamless,wind_gusts_10m,2,2024-01,31,11
icon_seamless,wind_gusts_10m,2,2024-02,29,29
icon_seamless,wind_gusts_10m,2,2024-03,31,31
icon_seamless,wind_gusts_10m,2,2024-04,30,30
icon_seamless,wind_gusts_10m,2,2024-05,31,31
icon_seamless,wind_gusts_10m,2,2024-06,30,30
icon_seamless,wind_gusts_10m,2,2024-07,31,31
icon_seamless,wind_gusts_10m,2,2024-08,31,31
icon_seamless,wind_gusts_10m,2,2024-09,30,30
icon_seamless,wind_gusts_10m,2,2024-10,31,31
icon_seamless,wind_gusts_10m,2,2024-11,30,30
icon_seamless,wind_gusts_10m,2,2024-12,31,31
icon_seamless,wind_gusts_10m,2,2025-01,31,31
icon_seamless,wind_gusts_10m,2,2025-02,28,28
icon_seamless,wind_gusts_10m,2,2025-03,31,31
icon_seamless,wind_gusts_10m,2,2025-04,30,30
icon_seamless,wind_gusts_10m,2,2025-05,31,31
icon_seamless,wind_gusts_10m,2,2025-06,30,30
icon_seamless,wind_gusts_10m,2,2025-07,31,31
icon_seamless,wind_gusts_10m,2,2025-08,31,31
icon_seamless,wind_gusts_10m,2,2025-09,30,30
icon_seamless,wind_gusts_10m,2,2025-10,31,31
icon_seamless,wind_gusts_10m,2,2025-11,30,30
icon_seamless,wind_gusts_10m,2,2025-12,31,31
icon_seamless,wind_gusts_10m,2,2026-01,31,31
icon_seamless,wind_gusts_10m,2,2026-02,28,28
icon_seamless,wind_gusts_10m,2,2026-03,31,31
icon_seamless,wind_gusts_10m,2,2026-04,30,30
icon_seamless,wind_gusts_10m,2,2026-05,31,31
icon_seamless,wind_gusts_10m,2,2026-06,30,30
icon_seamless,wind_gusts_10m,2,2026-07,31,31
icon_seamless,wind_gusts_10m,2,2026-08,31,31
icon_seamless,wind_gusts_10m,2,2026-09,20,20
icon_seamless,wind_gusts_10m,3,2024-01,31,10
icon_seamless,wind_gusts_10m,3,2024-02,29,29
icon_seamless,wind_gusts_10m,3,2024-03,31,31
icon_seamless,wind_gusts_10m,3,2024-04,30,30
icon_seamless,wind_gusts_10m,3,2024-05,31,31
icon_seamless,wind_gusts_10m,3,2024-06,30,30
icon_seamless,wind_gusts_10m,3,2024-07,31,31
icon_seamless,wind_gusts_10m,3,2024-08,31,31
icon_seamless,wind_gusts_10m,3,2024-09,30,30
icon_seamless,wind_gusts_10m,3,2024-10,31,31
icon_seamless,wind_gusts_10m,3,2024-11,30,30
icon_seamless,wind_gusts_10m,3,2024-12,31,31
icon_seamless,wind_gusts_10m,3,2025-01,31,31
icon_seamless,wind_gusts_10m,3,2025-02,28,28
icon_seamless,wind_gusts_10m,3,2025-03,31,31
icon_seamless,wind_gusts_10m,3,2025-04,30,30
icon_seamless,wind_gusts_10m,3,2025-05,31,31
icon_seamless,wind_gusts_10m,3,2025-06,30,30
icon_seamless,wind_gusts_10m,3,2025-07,31,31
icon_seamless,wind_gusts_10m,3,2025-08,31,31
icon_seamless,wind_gusts_10m,3,2025-09,30,30
icon_seamless,wind_gusts_10m,3,2025-10,31,31
icon_seamless,wind_gusts_10m,3,2025-11,30,30
icon_seamless,wind_gusts_10m,3,2025-12,31,31
icon_seamless,wind_gusts_10m,3,2026-01,31,31
icon_seamless,wind_gusts_10m,3,2026-02,28,28
icon_seamless,wind_gusts_10m,3,2026-03,31,31
icon_seamless,wind_gusts_10m,3,2026-04,30,30
icon_seamless,wind_gusts_10m,3,2026-05,31,31
icon_seamless,wind_gusts_10m,3,2026-06,30,30
icon_seamless,wind_gusts_10m,3,2026-07,31,31
icon_seamless,wind_gusts_10m,3,2026-08,31,31
icon_seamless,wind_gusts_10m,3,2026-09,20,20
icon_seamless,wind_gusts_10m,4,2024-01,31,9
icon_seamless,wind_gusts_10m,4,2024-02,29,29
icon_seamless,wind_gusts_10m,4,2024-03,31,31
icon_seamless,wind_gusts_10m,4,2024-04,30,30
icon_seamless,wind_gusts_10m,4,2024-05,31,31
icon_seamless,wind_gusts_10m,4,2024-06,30,30
icon_seamless,wind_gusts_10m,4,2024-07,31,31
icon_seamless,wind_gusts_10m,4,2024-08,31,31
icon_seamless,wind_gusts_10m,4,2024-09,30,30
icon_seamless,wind_gusts_10m,4,2024-10,31,31
icon_seamless,wind_gusts_10m,4,2024-11,30,30
icon_seamless,wind_gusts_10m,4,2024-12,31,31
icon_seamless,wind_gusts_10m,4,2025-01,31,31
icon_seamless,wind_gusts_10m,4,2025-02,28,28
icon_seamless,wind_gusts_10m,4,2025-03,31,31
icon_seamless,wind_gusts_10m,4,2025-04,30,30
icon_seamless,wind_gusts_10m,4,2025-05,31,31
icon_seamless,wind_gusts_10m,4,2025-06,30,30
icon_seamless,wind_gusts_10m,4,2025-07,31,31
icon_seamless,wind_gusts_10m,4,2025-08,31,31
icon_seamless,wind_gusts_10m,4,2025-09,30,30
icon_seamless,wind_gusts_10m,4,2025-10,31,31
icon_seamless,wind_gusts_10m,4,2025-11,30,30
icon_seamless,wind_gusts_10m,4,2025-12,31,31
icon_seamless,wind_gusts_10m,4,2026-01,31,31
icon_seamless,wind_gusts_10m,4,2026-02,28,28
icon_seamless,wind_gusts_10m,4,2026-03,31,31
icon_seamless,wind_gusts_10m,4,2026-04,30,30
icon_seamless,wind_gusts_10m,4,2026-05,31,31
icon_seamless,wind_gusts_10m,4,2026-06,30,30
icon_seamless,wind_gusts_10m,4,2026-07,31,31
icon_seamless,wind_gusts_10m,4,2026-08,31,31
icon_seamless,wind_gusts_10m,4,2026-09,20,20
icon_seamless,wind_gusts_10m,5,2024-01,31,8
icon_seamless,wind_gusts_10m,5,2024-02,29,29
icon_seamless,wind_gusts_10m,5,2024-03,31,31
icon_seamless,wind_gusts_10m,5,2024-04,30,30
icon_seamless,wind_gusts_10m,5,2024-05,31,31
icon_seamless,wind_gusts_10m,5,2024-06,30,30
icon_seamless,wind_gusts_10m,5,2024-07,31,31
icon_seamless,wind_gusts_10m,5,2024-08,31,31
icon_seamless,wind_gusts_10m,5,2024-09,30,30
icon_seamless,wind_gusts_10m,5,2024-10,31,31
icon_seamless,wind_gusts_10m,5,2024-11,30,30
icon_seamless,wind_gusts_10m,5,2024-12,31,31
icon_seamless,wind_gusts_10m,5,2025-01,31,31
icon_seamless,wind_gusts_10m,5,2025-02,28,28
icon_seamless,wind_gusts_10m,5,2025-03,31,31
icon_seamless,wind_gusts_10m,5,2025-04,30,30
icon_seamless,wind_gusts_10m,5,2025-05,31,31
icon_seamless,wind_gusts_10m,5,2025-06,30,30
icon_seamless,wind_gusts_10m,5,2025-07,31,31
icon_seamless,wind_gusts_10m,5,2025-08,31,31
icon_seamless,wind_gusts_10m,5,2025-09,30,30
icon_seamless,wind_gusts_10m,5,2025-10,31,31
icon_seamless,wind_gusts_10m,5,2025-11,30,30
icon_seamless,wind_gusts_10m,5,2025-12,31,31
icon_seamless,wind_gusts_10m,5,2026-01,31,31
icon_seamless,wind_gusts_10m,5,2026-02,28,28
icon_seamless,wind_gusts_10m,5,2026-03,31,31
icon_seamless,wind_gusts_10m,5,2026-04,30,30
icon_seamless,wind_gusts_10m,5,2026-05,31,31
icon_seamless,wind_gusts_10m,5,2026-06,30,30
icon_seamless,wind_gusts_10m,5,2026-07,31,31
icon_seamless,wind_gusts_10m,5,2026-08,31,31
icon_seamless,wind_gusts_10m,5,2026-09,20,20
icon_seamless,wind_gusts_10m,6,2024-01,31,7
icon_seamless,wind_gusts_10m,6,2024-02,29,29
icon_seamless,wind_gusts_10m,6,2024-03,31,31
icon_seamless,wind_gusts_10m,6,2024-04,30,30
icon_seamless,wind_gusts_10m,6,2024-05,31,31
icon_seamless,wind_gusts_10m,6,2024-06,30,30
icon_seamless,wind_gusts_10m,6,2024-07,31,31
icon_seamless,wind_gusts_10m,6,2024-08,31,31
icon_seamless,wind_gusts_10m,6,2024-09,30,30
icon_seamless,wind_gusts_10m,6,2024-10,31,31
icon_seamless,wind_gusts_10m,6,2024-11,30,30
icon_seamless,wind_gusts_10m,6,2024-12,31,31
icon_seamless,wind_gusts_10m,6,2025-01,31,31
icon_seamless,wind_gusts_10m,6,2025-02,28,28
icon_seamless,wind_gusts_10m,6,2025-03,31,31
icon_seamless,wind_gusts_10m,6,2025-04,30,30
icon_seamless,wind_gusts_10m,6,2025-05,31,31
icon_seamless,wind_gusts_10m,6,2025-06,30,30
icon_seamless,wind_gusts_10m,6,2025-07,31,31
icon_seamless,wind_gusts_10m,6,2025-08,31,31
icon_seamless,wind_gusts_10m,6,2025-09,30,30
icon_seamless,wind_gusts_10m,6,2025-10,31,31
icon_seamless,wind_gusts_10m,6,2025-11,30,30
icon_seamless,wind_gusts_10m,6,2025-12,31,31
icon_seamless,wind_gusts_10m,6,2026-01,31,31
icon_seamless,wind_gusts_10m,6,2026-02,28,28
icon_seamless,wind_gusts_10m,6,2026-03,31,31
icon_seamless,wind_gusts_10m,6,2026-04,30,30
icon_seamless,wind_gusts_10m,6,2026-05,31,31
icon_seamless,wind_gusts_10m,6,2026-06,30,30
icon_seamless,wind_gusts_10m,6,2026-07,31,31
icon_seamless,wind_gusts_10m,6,2026-08,31,31
icon_seamless,wind_gusts_10m,6,2026-09,20,20
icon_seamless,wind_gusts_10m,7,2024-01,31,0
icon_seamless,wind_gusts_10m,7,2024-02,29,0
icon_seamless,wind_gusts_10m,7,2024-03,31,0
icon_seamless,wind_gusts_10m,7,2024-04,30,0
icon_seamless,wind_gusts_10m,7,2024-05,31,0
icon_seamless,wind_gusts_10m,7,2024-06,30,0
icon_seamless,wind_gusts_10m,7,2024-07,31,0
icon_seamless,wind_gusts_10m,7,2024-08,31,0
icon_seamless,wind_gusts_10m,7,2024-09,30,0
icon_seamless,wind_gusts_10m,7,2024-10,31,0
icon_seamless,wind_gusts_10m,7,2024-11,30,0
icon_seamless,wind_gusts_10m,7,2024-12,31,0
icon_seamless,wind_gusts_10m,7,2025-01,31,0
icon_seamless,wind_gusts_10m,7,2025-02,28,0
icon_seamless,wind_gusts_10m,7,2025-03,31,0
icon_seamless,wind_gusts_10m,7,2025-04,30,0
icon_seamless,wind_gusts_10m,7,2025-05,31,0
icon_seamless,wind_gusts_10m,7,2025-06,30,0
icon_seamless,wind_gusts_10m,7,2025-07,31,0
icon_seamless,wind_gusts_10m,7,2025-08,31,0
icon_seamless,wind_gusts_10m,7,2025-09,30,0
icon_seamless,wind_gusts_10m,7,2025-10,31,0
icon_seamless,wind_gusts_10m,7,2025-11,30,0
icon_seamless,wind_gusts_10m,7,2025-12,31,0
icon_seamless,wind_gusts_10m,7,2026-01,31,0
icon_seamless,wind_gusts_10m,7,2026-02,28,0
icon_seamless,wind_gusts_10m,7,2026-03,31,0
icon_seamless,wind_gusts_10m,7,2026-04,30,0
icon_seamless,wind_gusts_10m,7,2026-05,31,0
icon_seamless,wind_gusts_10m,7,2026-06,30,0
icon_seamless,wind_gusts_10m,7,2026-07,31,0
icon_seamless,wind_gusts_10m,7,2026-08,31,0
icon_seamless,wind_gusts_10m,7,2026-09,20,0
