cell_id,census_cell_id,experiment,reference,window,lead,threshold_mm,threshold_source,analysis,group,k,n,reference_events,status,frequency,ci_low,ci_high,undefined_resamples,interval_note,cell_n,n_dates,n_points,period_start,period_end,n_blocks,seed,floor_rule,role,role_basis,limitations,statement
C3|k-groups|L1|T35.6,A3|shared-data:ecmwf_ifs025+gfs_global+icon_global|-|precip_0830|L1|pooled=all-points|all|all,C3,imd_rf025,imd_0830,1,35.6,CORE M-RAIN Watch threshold,k-groups,k=0,0,22696,438,ok,0.019299,0.014922,0.023801,0.0,,23664,696,34,2024-02-04,2025-12-30,100.0,1.60462584375694e+17,"pooled: n >= 300, dates >= 60, points >= 10; per group n >= 100 and >= 10 reference events",primary,"IMD reference, pooled, all seasons, leads 1-4",,"In the archived sample (2024-02-04 to 2025-12-30, 34 archive points, IMD gridded rain-gauge analysis, 08:30-08:30 IST rain day, nominal lead 1), when 0 of 3 models forecast >= 35.6 mm, the reference reached >= 35.6 mm on 438 of 22696 days (observed frequency 0.019; 95% block-bootstrap interval 0.015 to 0.024)."
C3|k-groups|L1|T35.6,A3|shared-data:ecmwf_ifs025+gfs_global+icon_global|-|precip_0830|L1|pooled=all-points|all|all,C3,imd_rf025,imd_0830,1,35.6,CORE M-RAIN Watch threshold,k-groups,k=1,1,652,143,ok,0.219325,0.185514,0.252314,0.0,,23664,696,34,2024-02-04,2025-12-30,100.0,1.60462584375694e+17,"pooled: n >= 300, dates >= 60, points >= 10; per group n >= 100 and >= 10 reference events",primary,"IMD reference, pooled, all seasons, leads 1-4",,"In the archived sample (2024-02-04 to 2025-12-30, 34 archive points, IMD gridded rain-gauge analysis, 08:30-08:30 IST rain day, nominal lead 1), when 1 of 3 models forecast >= 35.6 mm, the reference reached >= 35.6 mm on 143 of 652 days (observed frequency 0.219; 95% block-bootstrap interval 0.186 to 0.252)."
C3|k-groups|L1|T35.6,A3|shared-data:ecmwf_ifs025+gfs_global+icon_global|-|precip_0830|L1|pooled=all-points|all|all,C3,imd_rf025,imd_0830,1,35.6,CORE M-RAIN Watch threshold,k-groups,k=2,2,230,115,ok,0.5,0.441959,0.550264,0.0,,23664,696,34,2024-02-04,2025-12-30,100.0,1.60462584375694e+17,"pooled: n >= 300, dates >= 60, points >= 10; per group n >= 100 and >= 10 reference events",primary,"IMD reference, pooled, all seasons, leads 1-4",,"In the archived sample (2024-02-04 to 2025-12-30, 34 archive points, IMD gridded rain-gauge analysis, 08:30-08:30 IST rain day, nominal lead 1), when 2 of 3 models forecast >= 35.6 mm, the reference reached >= 35.6 mm on 115 of 230 days (observed frequency 0.500; 95% block-bootstrap interval 0.442 to 0.550)."
C3|k-groups|L1|T35.6,A3|shared-data:ecmwf_ifs025+gfs_global+icon_global|-|precip_0830|L1|pooled=all-points|all|all,C3,imd_rf025,imd_0830,1,35.6,CORE M-RAIN Watch threshold,k-groups,k=3,3,86,69,insufficient sample,,,,,,23664,696,34,2024-02-04,2025-12-30,100.0,1.60462584375694e+17,"pooled: n >= 300, dates >= 60, points >= 10; per group n >= 100 and >= 10 reference events",primary,"IMD reference, pooled, all seasons, leads 1-4",,k=3: insufficient sample (needs n >= 100 and >= 10 reference events). No value computed.
C3|k-groups|L1|T64.5,A3|shared-data:ecmwf_ifs025+gfs_global+icon_global|-|precip_0830|L1|pooled=all-points|all|all,C3,imd_rf025,imd_0830,1,64.5,CORE M-RAIN Alert threshold,k-groups,k=0,0,23376,197,ok,0.008427,0.006253,0.010789,0.0,,23664,696,34,2024-02-04,2025-12-30,100.0,1.2333053089587716e+19,"pooled: n >= 300, dates >= 60, points >= 10; per group n >= 100 and >= 10 reference events",primary,"IMD reference, pooled, all seasons, leads 1-4",,"In the archived sample (2024-02-04 to 2025-12-30, 34 archive points, IMD gridded rain-gauge analysis, 08:30-08:30 IST rain day, nominal lead 1), when 0 of 3 models forecast >= 64.5 mm, the reference reached >= 64.5 mm on 197 of 23376 days (observed frequency 0.008; 95% block-bootstrap interval 0.006 to 0.011)."
C3|k-groups|L1|T64.5,A3|shared-data:ecmwf_ifs025+gfs_global+icon_global|-|precip_0830|L1|pooled=all-points|all|all,C3,imd_rf025,imd_0830,1,64.5,CORE M-RAIN Alert threshold,k-groups,k=1,1,234,45,ok,0.192308,0.132905,0.255632,0.0,,23664,696,34,2024-02-04,2025-12-30,100.0,1.2333053089587716e+19,"pooled: n >= 300, dates >= 60, points >= 10; per group n >= 100 and >= 10 reference events",primary,"IMD reference, pooled, all seasons, leads 1-4",,"In the archived sample (2024-02-04 to 2025-12-30, 34 archive points, IMD gridded rain-gauge analysis, 08:30-08:30 IST rain day, nominal lead 1), when 1 of 3 models forecast >= 64.5 mm, the reference reached >= 64.5 mm on 45 of 234 days (observed frequency 0.192; 95% block-bootstrap interval 0.133 to 0.256)."
C3|k-groups|L1|T64.5,A3|shared-data:ecmwf_ifs025+gfs_global+icon_global|-|precip_0830|L1|pooled=all-points|all|all,C3,imd_rf025,imd_0830,1,64.5,CORE M-RAIN Alert threshold,k-groups,k=2,2,42,17,insufficient sample,,,,,,23664,696,34,2024-02-04,2025-12-30,100.0,1.2333053089587716e+19,"pooled: n >= 300, dates >= 60, points >= 10; per group n >= 100 and >= 10 reference events",primary,"IMD reference, pooled, all seasons, leads 1-4",,k=2: insufficient sample (needs n >= 100 and >= 10 reference events). No value computed.
C3|k-groups|L1|T64.5,A3|shared-data:ecmwf_ifs025+gfs_global+icon_global|-|precip_0830|L1|pooled=all-points|all|all,C3,imd_rf025,imd_0830,1,64.5,CORE M-RAIN Alert threshold,k-groups,k=3,3,12,8,insufficient sample,,,,,,23664,696,34,2024-02-04,2025-12-30,100.0,1.2333053089587716e+19,"pooled: n >= 300, dates >= 60, points >= 10; per group n >= 100 and >= 10 reference events",primary,"IMD reference, pooled, all seasons, leads 1-4",,k=3: insufficient sample (needs n >= 100 and >= 10 reference events). No value computed.
C3|k-groups|L1|T115.6,A3|shared-data:ecmwf_ifs025+gfs_global+icon_global|-|precip_0830|L1|pooled=all-points|all|all,C3,imd_rf025,imd_0830,1,115.6,CORE M-RAIN Severe threshold,k-groups,k=0,0,23610,60,ok,0.002541,0.00169,0.003538,0.0,,23664,696,34,2024-02-04,2025-12-30,100.0,1.4993285604000098e+19,"pooled: n >= 300, dates >= 60, points >= 10; per group n >= 100 and >= 10 reference events",primary,"IMD reference, pooled, all seasons, leads 1-4",,"In the archived sample (2024-02-04 to 2025-12-30, 34 archive points, IMD gridded rain-gauge analysis, 08:30-08:30 IST rain day, nominal lead 1), when 0 of 3 models forecast >= 115.6 mm, the reference reached >= 115.6 mm on 60 of 23610 days (observed frequency 0.003; 95% block-bootstrap interval 0.002 to 0.004)."
C3|k-groups|L1|T115.6,A3|shared-data:ecmwf_ifs025+gfs_global+icon_global|-|precip_0830|L1|pooled=all-points|all|all,C3,imd_rf025,imd_0830,1,115.6,CORE M-RAIN Severe threshold,k-groups,k=1,1,50,7,insufficient sample,,,,,,23664,696,34,2024-02-04,2025-12-30,100.0,1.4993285604000098e+19,"pooled: n >= 300, dates >= 60, points >= 10; per group n >= 100 and >= 10 reference events",primary,"IMD reference, pooled, all seasons, leads 1-4",,k=1: insufficient sample (needs n >= 100 and >= 10 reference events). No value computed.
C3|k-groups|L1|T115.6,A3|shared-data:ecmwf_ifs025+gfs_global+icon_global|-|precip_0830|L1|pooled=all-points|all|all,C3,imd_rf025,imd_0830,1,115.6,CORE M-RAIN Severe threshold,k-groups,k=2,2,3,2,insufficient sample,,,,,,23664,696,34,2024-02-04,2025-12-30,100.0,1.4993285604000098e+19,"pooled: n >= 300, dates >= 60, points >= 10; per group n >= 100 and >= 10 reference events",primary,"IMD reference, pooled, all seasons, leads 1-4",,k=2: insufficient sample (needs n >= 100 and >= 10 reference events). No value computed.
C3|k-groups|L1|T115.6,A3|shared-data:ecmwf_ifs025+gfs_global+icon_global|-|precip_0830|L1|pooled=all-points|all|all,C3,imd_rf025,imd_0830,1,115.6,CORE M-RAIN Severe threshold,k-groups,k=3,3,1,1,insufficient sample,,,,,,23664,696,34,2024-02-04,2025-12-30,100.0,1.4993285604000098e+19,"pooled: n >= 300, dates >= 60, points >= 10; per group n >= 100 and >= 10 reference events",primary,"IMD reference, pooled, all seasons, leads 1-4",,k=3: insufficient sample (needs n >= 100 and >= 10 reference events). No value computed.
C3|k-groups|L2|T35.6,A3|shared-data:ecmwf_ifs025+gfs_global+icon_global|-|precip_0830|L2|pooled=all-points|all|all,C3,imd_rf025,imd_0830,2,35.6,CORE M-RAIN Watch threshold,k-groups,k=0,0,22633,443,ok,0.019573,0.015043,0.024125,0.0,,23630,695,34,2024-02-05,2025-12-30,100.0,1.587553712743476e+18,"pooled: n >= 300, dates >= 60, points >= 10; per group n >= 100 and >= 10 reference events",primary,"IMD reference, pooled, all seasons, leads 1-4",,"In the archived sample (2024-02-05 to 2025-12-30, 34 archive points, IMD gridded rain-gauge analysis, 08:30-08:30 IST rain day, nominal lead 2), when 0 of 3 models forecast >= 35.6 mm, the reference reached >= 35.6 mm on 443 of 22633 days (observed frequency 0.020; 95% block-bootstrap interval 0.015 to 0.024)."
C3|k-groups|L2|T35.6,A3|shared-data:ecmwf_ifs025+gfs_global+icon_global|-|precip_0830|L2|pooled=all-points|all|all,C3,imd_rf025,imd_0830,2,35.6,CORE M-RAIN Watch threshold,k-groups,k=1,1,701,163,ok,0.232525,0.195316,0.266073,0.0,,23630,695,34,2024-02-05,2025-12-30,100.0,1.587553712743476e+18,"pooled: n >= 300, dates >= 60, points >= 10; per group n >= 100 and >= 10 reference events",primary,"IMD reference, pooled, all seasons, leads 1-4",,"In the archived sample (2024-02-05 to 2025-12-30, 34 archive points, IMD gridded rain-gauge analysis, 08:30-08:30 IST rain day, nominal lead 2), when 1 of 3 models forecast >= 35.6 mm, the reference reached >= 35.6 mm on 163 of 701 days (observed frequency 0.233; 95% block-bootstrap interval 0.195 to 0.266)."
C3|k-groups|L2|T35.6,A3|shared-data:ecmwf_ifs025+gfs_global+icon_global|-|precip_0830|L2|pooled=all-points|all|all,C3,imd_rf025,imd_0830,2,35.6,CORE M-RAIN Watch threshold,k-groups,k=2,2,232,110,ok,0.474138,0.420453,0.526049,0.0,,23630,695,34,2024-02-05,2025-12-30,100.0,1.587553712743476e+18,"pooled: n >= 300, dates >= 60, points >= 10; per group n >= 100 and >= 10 reference events",primary,"IMD reference, pooled, all seasons, leads 1-4",,"In the archived sample (2024-02-05 to 2025-12-30, 34 archive points, IMD gridded rain-gauge analysis, 08:30-08:30 IST rain day, nominal lead 2), when 2 of 3 models forecast >= 35.6 mm, the reference reached >= 35.6 mm on 110 of 232 days (observed frequency 0.474; 95% block-bootstrap interval 0.420 to 0.526)."
C3|k-groups|L2|T35.6,A3|shared-data:ecmwf_ifs025+gfs_global+icon_global|-|precip_0830|L2|pooled=all-points|all|all,C3,imd_rf025,imd_0830,2,35.6,CORE M-RAIN Watch threshold,k-groups,k=3,3,64,48,insufficient sample,,,,,,23630,695,34,2024-02-05,2025-12-30,100.0,1.587553712743476e+18,"pooled: n >= 300, dates >= 60, points >= 10; per group n >= 100 and >= 10 reference events",primary,"IMD reference, pooled, all seasons, leads 1-4",,k=3: insufficient sample (needs n >= 100 and >= 10 reference events). No value computed.
C3|k-groups|L2|T64.5,A3|shared-data:ecmwf_ifs025+gfs_global+icon_global|-|precip_0830|L2|pooled=all-points|all|all,C3,imd_rf025,imd_0830,2,64.5,CORE M-RAIN Alert threshold,k-groups,k=0,0,23358,202,ok,0.008648,0.00641,0.01121,0.0,,23630,695,34,2024-02-05,2025-12-30,100.0,1.2784361740562403e+19,"pooled: n >= 300, dates >= 60, points >= 10; per group n >= 100 and >= 10 reference events",primary,"IMD reference, pooled, all seasons, leads 1-4",,"In the archived sample (2024-02-05 to 2025-12-30, 34 archive points, IMD gridded rain-gauge analysis, 08:30-08:30 IST rain day, nominal lead 2), when 0 of 3 models forecast >= 64.5 mm, the reference reached >= 64.5 mm on 202 of 23358 days (observed frequency 0.009; 95% block-bootstrap interval 0.006 to 0.011)."
C3|k-groups|L2|T64.5,A3|shared-data:ecmwf_ifs025+gfs_global+icon_global|-|precip_0830|L2|pooled=all-points|all|all,C3,imd_rf025,imd_0830,2,64.5,CORE M-RAIN Alert threshold,k-groups,k=1,1,221,46,ok,0.208145,0.15254,0.26843,0.0,,23630,695,34,2024-02-05,2025-12-30,100.0,1.2784361740562403e+19,"pooled: n >= 300, dates >= 60, points >= 10; per group n >= 100 and >= 10 reference events",primary,"IMD reference, pooled, all seasons, leads 1-4",,"In the archived sample (2024-02-05 to 2025-12-30, 34 archive points, IMD gridded rain-gauge analysis, 08:30-08:30 IST rain day, nominal lead 2), when 1 of 3 models forecast >= 64.5 mm, the reference reached >= 64.5 mm on 46 of 221 days (observed frequency 0.208; 95% block-bootstrap interval 0.153 to 0.268)."
C3|k-groups|L2|T64.5,A3|shared-data:ecmwf_ifs025+gfs_global+icon_global|-|precip_0830|L2|pooled=all-points|all|all,C3,imd_rf025,imd_0830,2,64.5,CORE M-RAIN Alert threshold,k-groups,k=2,2,45,17,insufficient sample,,,,,,23630,695,34,2024-02-05,2025-12-30,100.0,1.2784361740562403e+19,"pooled: n >= 300, dates >= 60, points >= 10; per group n >= 100 and >= 10 reference events",primary,"IMD reference, pooled, all seasons, leads 1-4",,k=2: insufficient sample (needs n >= 100 and >= 10 reference events). No value computed.
C3|k-groups|L2|T64.5,A3|shared-data:ecmwf_ifs025+gfs_global+icon_global|-|precip_0830|L2|pooled=all-points|all|all,C3,imd_rf025,imd_0830,2,64.5,CORE M-RAIN Alert threshold,k-groups,k=3,3,6,2,insufficient sample,,,,,,23630,695,34,2024-02-05,2025-12-30,100.0,1.2784361740562403e+19,"pooled: n >= 300, dates >= 60, points >= 10; per group n >= 100 and >= 10 reference events",primary,"IMD reference, pooled, all seasons, leads 1-4",,k=3: insufficient sample (needs n >= 100 and >= 10 reference events). No value computed.
C3|k-groups|L2|T115.6,A3|shared-data:ecmwf_ifs025+gfs_global+icon_global|-|precip_0830|L2|pooled=all-points|all|all,C3,imd_rf025,imd_0830,2,115.6,CORE M-RAIN Severe threshold,k-groups,k=0,0,23586,60,ok,0.002544,0.001643,0.003555,0.0,,23630,695,34,2024-02-05,2025-12-30,100.0,9.344993784569977e+18,"pooled: n >= 300, dates >= 60, points >= 10; per group n >= 100 and >= 10 reference events",primary,"IMD reference, pooled, all seasons, leads 1-4",,"In the archived sample (2024-02-05 to 2025-12-30, 34 archive points, IMD gridded rain-gauge analysis, 08:30-08:30 IST rain day, nominal lead 2), when 0 of 3 models forecast >= 115.6 mm, the reference reached >= 115.6 mm on 60 of 23586 days (observed frequency 0.003; 95% block-bootstrap interval 0.002 to 0.004)."
C3|k-groups|L2|T115.6,A3|shared-data:ecmwf_ifs025+gfs_global+icon_global|-|precip_0830|L2|pooled=all-points|all|all,C3,imd_rf025,imd_0830,2,115.6,CORE M-RAIN Severe threshold,k-groups,k=1,1,42,9,insufficient sample,,,,,,23630,695,34,2024-02-05,2025-12-30,100.0,9.344993784569977e+18,"pooled: n >= 300, dates >= 60, points >= 10; per group n >= 100 and >= 10 reference events",primary,"IMD reference, pooled, all seasons, leads 1-4",,k=1: insufficient sample (needs n >= 100 and >= 10 reference events). No value computed.
C3|k-groups|L2|T115.6,A3|shared-data:ecmwf_ifs025+gfs_global+icon_global|-|precip_0830|L2|pooled=all-points|all|all,C3,imd_rf025,imd_0830,2,115.6,CORE M-RAIN Severe threshold,k-groups,k=2,2,2,1,insufficient sample,,,,,,23630,695,34,2024-02-05,2025-12-30,100.0,9.344993784569977e+18,"pooled: n >= 300, dates >= 60, points >= 10; per group n >= 100 and >= 10 reference events",primary,"IMD reference, pooled, all seasons, leads 1-4",,k=2: insufficient sample (needs n >= 100 and >= 10 reference events). No value computed.
C3|k-groups|L2|T115.6,A3|shared-data:ecmwf_ifs025+gfs_global+icon_global|-|precip_0830|L2|pooled=all-points|all|all,C3,imd_rf025,imd_0830,2,115.6,CORE M-RAIN Severe threshold,k-groups,k=3,3,0,0,insufficient sample,,,,,,23630,695,34,2024-02-05,2025-12-30,100.0,9.344993784569977e+18,"pooled: n >= 300, dates >= 60, points >= 10; per group n >= 100 and >= 10 reference events",primary,"IMD reference, pooled, all seasons, leads 1-4",,k=3: insufficient sample (needs n >= 100 and >= 10 reference events). No value computed.
C3|k-groups|L3|T35.6,A3|shared-data:ecmwf_ifs025+gfs_global+icon_global|-|precip_0830|L3|pooled=all-points|all|all,C3,imd_rf025,imd_0830,3,35.6,CORE M-RAIN Watch threshold,k-groups,k=0,0,22505,456,ok,0.020262,0.015607,0.025154,0.0,,23596,694,34,2024-02-06,2025-12-30,100.0,1.4364410165774133e+19,"pooled: n >= 300, dates >= 60, points >= 10; per group n >= 100 and >= 10 reference events",primary,"IMD reference, pooled, all seasons, leads 1-4",,"In the archived sample (2024-02-06 to 2025-12-30, 34 archive points, IMD gridded rain-gauge analysis, 08:30-08:30 IST rain day, nominal lead 3), when 0 of 3 models forecast >= 35.6 mm, the reference reached >= 35.6 mm on 456 of 22505 days (observed frequency 0.020; 95% block-bootstrap interval 0.016 to 0.025)."
C3|k-groups|L3|T35.6,A3|shared-data:ecmwf_ifs025+gfs_global+icon_global|-|precip_0830|L3|pooled=all-points|all|all,C3,imd_rf025,imd_0830,3,35.6,CORE M-RAIN Watch threshold,k-groups,k=1,1,830,167,ok,0.201205,0.17365,0.232147,0.0,,23596,694,34,2024-02-06,2025-12-30,100.0,1.4364410165774133e+19,"pooled: n >= 300, dates >= 60, points >= 10; per group n >= 100 and >= 10 reference events",primary,"IMD reference, pooled, all seasons, leads 1-4",,"In the archived sample (2024-02-06 to 2025-12-30, 34 archive points, IMD gridded rain-gauge analysis, 08:30-08:30 IST rain day, nominal lead 3), when 1 of 3 models forecast >= 35.6 mm, the reference reached >= 35.6 mm on 167 of 830 days (observed frequency 0.201; 95% block-bootstrap interval 0.174 to 0.232)."
C3|k-groups|L3|T35.6,A3|shared-data:ecmwf_ifs025+gfs_global+icon_global|-|precip_0830|L3|pooled=all-points|all|all,C3,imd_rf025,imd_0830,3,35.6,CORE M-RAIN Watch threshold,k-groups,k=2,2,206,103,ok,0.5,0.418682,0.581781,0.0,,23596,694,34,2024-02-06,2025-12-30,100.0,1.4364410165774133e+19,"pooled: n >= 300, dates >= 60, points >= 10; per group n >= 100 and >= 10 reference events",primary,"IMD reference, pooled, all seasons, leads 1-4",,"In the archived sample (2024-02-06 to 2025-12-30, 34 archive points, IMD gridded rain-gauge analysis, 08:30-08:30 IST rain day, nominal lead 3), when 2 of 3 models forecast >= 35.6 mm, the reference reached >= 35.6 mm on 103 of 206 days (observed frequency 0.500; 95% block-bootstrap interval 0.419 to 0.582)."
C3|k-groups|L3|T35.6,A3|shared-data:ecmwf_ifs025+gfs_global+icon_global|-|precip_0830|L3|pooled=all-points|all|all,C3,imd_rf025,imd_0830,3,35.6,CORE M-RAIN Watch threshold,k-groups,k=3,3,55,38,insufficient sample,,,,,,23596,694,34,2024-02-06,2025-12-30,100.0,1.4364410165774133e+19,"pooled: n >= 300, dates >= 60, points >= 10; per group n >= 100 and >= 10 reference events",primary,"IMD reference, pooled, all seasons, leads 1-4",,k=3: insufficient sample (needs n >= 100 and >= 10 reference events). No value computed.
C3|k-groups|L3|T64.5,A3|shared-data:ecmwf_ifs025+gfs_global+icon_global|-|precip_0830|L3|pooled=all-points|all|all,C3,imd_rf025,imd_0830,3,64.5,CORE M-RAIN Alert threshold,k-groups,k=0,0,23292,207,ok,0.008887,0.006361,0.011344,0.0,,23596,694,34,2024-02-06,2025-12-30,100.0,1.283039191122003e+19,"pooled: n >= 300, dates >= 60, points >= 10; per group n >= 100 and >= 10 reference events",primary,"IMD reference, pooled, all seasons, leads 1-4",,"In the archived sample (2024-02-06 to 2025-12-30, 34 archive points, IMD gridded rain-gauge analysis, 08:30-08:30 IST rain day, nominal lead 3), when 0 of 3 models forecast >= 64.5 mm, the reference reached >= 64.5 mm on 207 of 23292 days (observed frequency 0.009; 95% block-bootstrap interval 0.006 to 0.011)."
C3|k-groups|L3|T64.5,A3|shared-data:ecmwf_ifs025+gfs_global+icon_global|-|precip_0830|L3|pooled=all-points|all|all,C3,imd_rf025,imd_0830,3,64.5,CORE M-RAIN Alert threshold,k-groups,k=1,1,267,46,ok,0.172285,0.124527,0.210703,0.0,,23596,694,34,2024-02-06,2025-12-30,100.0,1.283039191122003e+19,"pooled: n >= 300, dates >= 60, points >= 10; per group n >= 100 and >= 10 reference events",primary,"IMD reference, pooled, all seasons, leads 1-4",,"In the archived sample (2024-02-06 to 2025-12-30, 34 archive points, IMD gridded rain-gauge analysis, 08:30-08:30 IST rain day, nominal lead 3), when 1 of 3 models forecast >= 64.5 mm, the reference reached >= 64.5 mm on 46 of 267 days (observed frequency 0.172; 95% block-bootstrap interval 0.125 to 0.211)."
C3|k-groups|L3|T64.5,A3|shared-data:ecmwf_ifs025+gfs_global+icon_global|-|precip_0830|L3|pooled=all-points|all|all,C3,imd_rf025,imd_0830,3,64.5,CORE M-RAIN Alert threshold,k-groups,k=2,2,32,13,insufficient sample,,,,,,23596,694,34,2024-02-06,2025-12-30,100.0,1.283039191122003e+19,"pooled: n >= 300, dates >= 60, points >= 10; per group n >= 100 and >= 10 reference events",primary,"IMD reference, pooled, all seasons, leads 1-4",,k=2: insufficient sample (needs n >= 100 and >= 10 reference events). No value computed.
C3|k-groups|L3|T64.5,A3|shared-data:ecmwf_ifs025+gfs_global+icon_global|-|precip_0830|L3|pooled=all-points|all|all,C3,imd_rf025,imd_0830,3,64.5,CORE M-RAIN Alert threshold,k-groups,k=3,3,5,1,insufficient sample,,,,,,23596,694,34,2024-02-06,2025-12-30,100.0,1.283039191122003e+19,"pooled: n >= 300, dates >= 60, points >= 10; per group n >= 100 and >= 10 reference events",primary,"IMD reference, pooled, all seasons, leads 1-4",,k=3: insufficient sample (needs n >= 100 and >= 10 reference events). No value computed.
C3|k-groups|L3|T115.6,A3|shared-data:ecmwf_ifs025+gfs_global+icon_global|-|precip_0830|L3|pooled=all-points|all|all,C3,imd_rf025,imd_0830,3,115.6,CORE M-RAIN Severe threshold,k-groups,k=0,0,23546,64,ok,0.002718,0.001857,0.003747,0.0,,23596,694,34,2024-02-06,2025-12-30,100.0,6.32269798812356e+18,"pooled: n >= 300, dates >= 60, points >= 10; per group n >= 100 and >= 10 reference events",primary,"IMD reference, pooled, all seasons, leads 1-4",,"In the archived sample (2024-02-06 to 2025-12-30, 34 archive points, IMD gridded rain-gauge analysis, 08:30-08:30 IST rain day, nominal lead 3), when 0 of 3 models forecast >= 115.6 mm, the reference reached >= 115.6 mm on 64 of 23546 days (observed frequency 0.003; 95% block-bootstrap interval 0.002 to 0.004)."
C3|k-groups|L3|T115.6,A3|shared-data:ecmwf_ifs025+gfs_global+icon_global|-|precip_0830|L3|pooled=all-points|all|all,C3,imd_rf025,imd_0830,3,115.6,CORE M-RAIN Severe threshold,k-groups,k=1,1,50,6,insufficient sample,,,,,,23596,694,34,2024-02-06,2025-12-30,100.0,6.32269798812356e+18,"pooled: n >= 300, dates >= 60, points >= 10; per group n >= 100 and >= 10 reference events",primary,"IMD reference, pooled, all seasons, leads 1-4",,k=1: insufficient sample (needs n >= 100 and >= 10 reference events). No value computed.
C3|k-groups|L3|T115.6,A3|shared-data:ecmwf_ifs025+gfs_global+icon_global|-|precip_0830|L3|pooled=all-points|all|all,C3,imd_rf025,imd_0830,3,115.6,CORE M-RAIN Severe threshold,k-groups,k=2,2,0,0,insufficient sample,,,,,,23596,694,34,2024-02-06,2025-12-30,100.0,6.32269798812356e+18,"pooled: n >= 300, dates >= 60, points >= 10; per group n >= 100 and >= 10 reference events",primary,"IMD reference, pooled, all seasons, leads 1-4",,k=2: insufficient sample (needs n >= 100 and >= 10 reference events). No value computed.
C3|k-groups|L3|T115.6,A3|shared-data:ecmwf_ifs025+gfs_global+icon_global|-|precip_0830|L3|pooled=all-points|all|all,C3,imd_rf025,imd_0830,3,115.6,CORE M-RAIN Severe threshold,k-groups,k=3,3,0,0,insufficient sample,,,,,,23596,694,34,2024-02-06,2025-12-30,100.0,6.32269798812356e+18,"pooled: n >= 300, dates >= 60, points >= 10; per group n >= 100 and >= 10 reference events",primary,"IMD reference, pooled, all seasons, leads 1-4",,k=3: insufficient sample (needs n >= 100 and >= 10 reference events). No value computed.
C3|k-groups|L4|T35.6,A3|shared-data:ecmwf_ifs025+gfs_global+icon_global|-|precip_0830|L4|pooled=all-points|all|all,C3,imd_rf025,imd_0830,4,35.6,CORE M-RAIN Watch threshold,k-groups,k=0,0,22536,493,ok,0.021876,0.017088,0.027152,0.0,,23562,693,34,2024-02-07,2025-12-30,100.0,1.098206366127699e+18,"pooled: n >= 300, dates >= 60, points >= 10; per group n >= 100 and >= 10 reference events",primary,"IMD reference, pooled, all seasons, leads 1-4",,"In the archived sample (2024-02-07 to 2025-12-30, 34 archive points, IMD gridded rain-gauge analysis, 08:30-08:30 IST rain day, nominal lead 4), when 0 of 3 models forecast >= 35.6 mm, the reference reached >= 35.6 mm on 493 of 22536 days (observed frequency 0.022; 95% block-bootstrap interval 0.017 to 0.027)."
C3|k-groups|L4|T35.6,A3|shared-data:ecmwf_ifs025+gfs_global+icon_global|-|precip_0830|L4|pooled=all-points|all|all,C3,imd_rf025,imd_0830,4,35.6,CORE M-RAIN Watch threshold,k-groups,k=1,1,795,153,ok,0.192453,0.166039,0.21678,0.0,,23562,693,34,2024-02-07,2025-12-30,100.0,1.098206366127699e+18,"pooled: n >= 300, dates >= 60, points >= 10; per group n >= 100 and >= 10 reference events",primary,"IMD reference, pooled, all seasons, leads 1-4",,"In the archived sample (2024-02-07 to 2025-12-30, 34 archive points, IMD gridded rain-gauge analysis, 08:30-08:30 IST rain day, nominal lead 4), when 1 of 3 models forecast >= 35.6 mm, the reference reached >= 35.6 mm on 153 of 795 days (observed frequency 0.192; 95% block-bootstrap interval 0.166 to 0.217)."
C3|k-groups|L4|T35.6,A3|shared-data:ecmwf_ifs025+gfs_global+icon_global|-|precip_0830|L4|pooled=all-points|all|all,C3,imd_rf025,imd_0830,4,35.6,CORE M-RAIN Watch threshold,k-groups,k=2,2,193,90,ok,0.466321,0.371781,0.547265,0.0,,23562,693,34,2024-02-07,2025-12-30,100.0,1.098206366127699e+18,"pooled: n >= 300, dates >= 60, points >= 10; per group n >= 100 and >= 10 reference events",primary,"IMD reference, pooled, all seasons, leads 1-4",,"In the archived sample (2024-02-07 to 2025-12-30, 34 archive points, IMD gridded rain-gauge analysis, 08:30-08:30 IST rain day, nominal lead 4), when 2 of 3 models forecast >= 35.6 mm, the reference reached >= 35.6 mm on 90 of 193 days (observed frequency 0.466; 95% block-bootstrap interval 0.372 to 0.547)."
C3|k-groups|L4|T35.6,A3|shared-data:ecmwf_ifs025+gfs_global+icon_global|-|precip_0830|L4|pooled=all-points|all|all,C3,imd_rf025,imd_0830,4,35.6,CORE M-RAIN Watch threshold,k-groups,k=3,3,38,28,insufficient sample,,,,,,23562,693,34,2024-02-07,2025-12-30,100.0,1.098206366127699e+18,"pooled: n >= 300, dates >= 60, points >= 10; per group n >= 100 and >= 10 reference events",primary,"IMD reference, pooled, all seasons, leads 1-4",,k=3: insufficient sample (needs n >= 100 and >= 10 reference events). No value computed.
C3|k-groups|L4|T64.5,A3|shared-data:ecmwf_ifs025+gfs_global+icon_global|-|precip_0830|L4|pooled=all-points|all|all,C3,imd_rf025,imd_0830,4,64.5,CORE M-RAIN Alert threshold,k-groups,k=0,0,23281,221,ok,0.009493,0.006823,0.012142,0.0,,23562,693,34,2024-02-07,2025-12-30,100.0,5.771326396799823e+18,"pooled: n >= 300, dates >= 60, points >= 10; per group n >= 100 and >= 10 reference events",primary,"IMD reference, pooled, all seasons, leads 1-4",,"In the archived sample (2024-02-07 to 2025-12-30, 34 archive points, IMD gridded rain-gauge analysis, 08:30-08:30 IST rain day, nominal lead 4), when 0 of 3 models forecast >= 64.5 mm, the reference reached >= 64.5 mm on 221 of 23281 days (observed frequency 0.009; 95% block-bootstrap interval 0.007 to 0.012)."
C3|k-groups|L4|T64.5,A3|shared-data:ecmwf_ifs025+gfs_global+icon_global|-|precip_0830|L4|pooled=all-points|all|all,C3,imd_rf025,imd_0830,4,64.5,CORE M-RAIN Alert threshold,k-groups,k=1,1,243,31,ok,0.127572,0.08591,0.176477,0.0,,23562,693,34,2024-02-07,2025-12-30,100.0,5.771326396799823e+18,"pooled: n >= 300, dates >= 60, points >= 10; per group n >= 100 and >= 10 reference events",primary,"IMD reference, pooled, all seasons, leads 1-4",,"In the archived sample (2024-02-07 to 2025-12-30, 34 archive points, IMD gridded rain-gauge analysis, 08:30-08:30 IST rain day, nominal lead 4), when 1 of 3 models forecast >= 64.5 mm, the reference reached >= 64.5 mm on 31 of 243 days (observed frequency 0.128; 95% block-bootstrap interval 0.086 to 0.176)."
C3|k-groups|L4|T64.5,A3|shared-data:ecmwf_ifs025+gfs_global+icon_global|-|precip_0830|L4|pooled=all-points|all|all,C3,imd_rf025,imd_0830,4,64.5,CORE M-RAIN Alert threshold,k-groups,k=2,2,34,13,insufficient sample,,,,,,23562,693,34,2024-02-07,2025-12-30,100.0,5.771326396799823e+18,"pooled: n >= 300, dates >= 60, points >= 10; per group n >= 100 and >= 10 reference events",primary,"IMD reference, pooled, all seasons, leads 1-4",,k=2: insufficient sample (needs n >= 100 and >= 10 reference events). No value computed.
C3|k-groups|L4|T64.5,A3|shared-data:ecmwf_ifs025+gfs_global+icon_global|-|precip_0830|L4|pooled=all-points|all|all,C3,imd_rf025,imd_0830,4,64.5,CORE M-RAIN Alert threshold,k-groups,k=3,3,4,2,insufficient sample,,,,,,23562,693,34,2024-02-07,2025-12-30,100.0,5.771326396799823e+18,"pooled: n >= 300, dates >= 60, points >= 10; per group n >= 100 and >= 10 reference events",primary,"IMD reference, pooled, all seasons, leads 1-4",,k=3: insufficient sample (needs n >= 100 and >= 10 reference events). No value computed.
C3|k-groups|L4|T115.6,A3|shared-data:ecmwf_ifs025+gfs_global+icon_global|-|precip_0830|L4|pooled=all-points|all|all,C3,imd_rf025,imd_0830,4,115.6,CORE M-RAIN Severe threshold,k-groups,k=0,0,23502,67,ok,0.002851,0.001902,0.003897,0.0,,23562,693,34,2024-02-07,2025-12-30,100.0,1.0697868844431725e+19,"pooled: n >= 300, dates >= 60, points >= 10; per group n >= 100 and >= 10 reference events",primary,"IMD reference, pooled, all seasons, leads 1-4",,"In the archived sample (2024-02-07 to 2025-12-30, 34 archive points, IMD gridded rain-gauge analysis, 08:30-08:30 IST rain day, nominal lead 4), when 0 of 3 models forecast >= 115.6 mm, the reference reached >= 115.6 mm on 67 of 23502 days (observed frequency 0.003; 95% block-bootstrap interval 0.002 to 0.004)."
C3|k-groups|L4|T115.6,A3|shared-data:ecmwf_ifs025+gfs_global+icon_global|-|precip_0830|L4|pooled=all-points|all|all,C3,imd_rf025,imd_0830,4,115.6,CORE M-RAIN Severe threshold,k-groups,k=1,1,59,3,insufficient sample,,,,,,23562,693,34,2024-02-07,2025-12-30,100.0,1.0697868844431725e+19,"pooled: n >= 300, dates >= 60, points >= 10; per group n >= 100 and >= 10 reference events",primary,"IMD reference, pooled, all seasons, leads 1-4",,k=1: insufficient sample (needs n >= 100 and >= 10 reference events). No value computed.
C3|k-groups|L4|T115.6,A3|shared-data:ecmwf_ifs025+gfs_global+icon_global|-|precip_0830|L4|pooled=all-points|all|all,C3,imd_rf025,imd_0830,4,115.6,CORE M-RAIN Severe threshold,k-groups,k=2,2,1,0,insufficient sample,,,,,,23562,693,34,2024-02-07,2025-12-30,100.0,1.0697868844431725e+19,"pooled: n >= 300, dates >= 60, points >= 10; per group n >= 100 and >= 10 reference events",primary,"IMD reference, pooled, all seasons, leads 1-4",,k=2: insufficient sample (needs n >= 100 and >= 10 reference events). No value computed.
C3|k-groups|L4|T115.6,A3|shared-data:ecmwf_ifs025+gfs_global+icon_global|-|precip_0830|L4|pooled=all-points|all|all,C3,imd_rf025,imd_0830,4,115.6,CORE M-RAIN Severe threshold,k-groups,k=3,3,0,0,insufficient sample,,,,,,23562,693,34,2024-02-07,2025-12-30,100.0,1.0697868844431725e+19,"pooled: n >= 300, dates >= 60, points >= 10; per group n >= 100 and >= 10 reference events",primary,"IMD reference, pooled, all seasons, leads 1-4",,k=3: insufficient sample (needs n >= 100 and >= 10 reference events). No value computed.
C3|k-groups|L5|T35.6,A3|shared-data:ecmwf_ifs025+gfs_global+icon_global|-|precip_0830|L5|pooled=all-points|all|all,C3,imd_rf025,imd_0830,5,35.6,CORE M-RAIN Watch threshold,k-groups,k=0,0,22707,536,ok,0.023605,0.018091,0.028872,0.0,,23528,692,34,2024-02-08,2025-12-30,99.0,1.1636679717029839e+19,"pooled: n >= 300, dates >= 60, points >= 10; per group n >= 100 and >= 10 reference events",exploratory,leads 5-6 (GFS source-resolution limitation),GFS rainfall source representation changes at this lead range. The effect on the verification metric and on the model-agreement distribution is unresolved.,"In the archived sample (2024-02-08 to 2025-12-30, 34 archive points, IMD gridded rain-gauge analysis, 08:30-08:30 IST rain day, nominal lead 5), when 0 of 3 models forecast >= 35.6 mm, the reference reached >= 35.6 mm on 536 of 22707 days (observed frequency 0.024; 95% block-bootstrap interval 0.018 to 0.029)."
C3|k-groups|L5|T35.6,A3|shared-data:ecmwf_ifs025+gfs_global+icon_global|-|precip_0830|L5|pooled=all-points|all|all,C3,imd_rf025,imd_0830,5,35.6,CORE M-RAIN Watch threshold,k-groups,k=1,1,707,170,ok,0.240453,0.199735,0.27873,0.0,,23528,692,34,2024-02-08,2025-12-30,99.0,1.1636679717029839e+19,"pooled: n >= 300, dates >= 60, points >= 10; per group n >= 100 and >= 10 reference events",exploratory,leads 5-6 (GFS source-resolution limitation),GFS rainfall source representation changes at this lead range. The effect on the verification metric and on the model-agreement distribution is unresolved.,"In the archived sample (2024-02-08 to 2025-12-30, 34 archive points, IMD gridded rain-gauge analysis, 08:30-08:30 IST rain day, nominal lead 5), when 1 of 3 models forecast >= 35.6 mm, the reference reached >= 35.6 mm on 170 of 707 days (observed frequency 0.240; 95% block-bootstrap interval 0.200 to 0.279)."
C3|k-groups|L5|T35.6,A3|shared-data:ecmwf_ifs025+gfs_global+icon_global|-|precip_0830|L5|pooled=all-points|all|all,C3,imd_rf025,imd_0830,5,35.6,CORE M-RAIN Watch threshold,k-groups,k=2,2,105,52,ok,0.495238,0.38523,0.605263,0.0,,23528,692,34,2024-02-08,2025-12-30,99.0,1.1636679717029839e+19,"pooled: n >= 300, dates >= 60, points >= 10; per group n >= 100 and >= 10 reference events",exploratory,leads 5-6 (GFS source-resolution limitation),GFS rainfall source representation changes at this lead range. The effect on the verification metric and on the model-agreement distribution is unresolved.,"In the archived sample (2024-02-08 to 2025-12-30, 34 archive points, IMD gridded rain-gauge analysis, 08:30-08:30 IST rain day, nominal lead 5), when 2 of 3 models forecast >= 35.6 mm, the reference reached >= 35.6 mm on 52 of 105 days (observed frequency 0.495; 95% block-bootstrap interval 0.385 to 0.605)."
C3|k-groups|L5|T35.6,A3|shared-data:ecmwf_ifs025+gfs_global+icon_global|-|precip_0830|L5|pooled=all-points|all|all,C3,imd_rf025,imd_0830,5,35.6,CORE M-RAIN Watch threshold,k-groups,k=3,3,9,6,insufficient sample,,,,,,23528,692,34,2024-02-08,2025-12-30,99.0,1.1636679717029839e+19,"pooled: n >= 300, dates >= 60, points >= 10; per group n >= 100 and >= 10 reference events",exploratory,leads 5-6 (GFS source-resolution limitation),GFS rainfall source representation changes at this lead range. The effect on the verification metric and on the model-agreement distribution is unresolved.,k=3: insufficient sample (needs n >= 100 and >= 10 reference events). No value computed.
C3|k-groups|L5|T64.5,A3|shared-data:ecmwf_ifs025+gfs_global+icon_global|-|precip_0830|L5|pooled=all-points|all|all,C3,imd_rf025,imd_0830,5,64.5,CORE M-RAIN Alert threshold,k-groups,k=0,0,23313,232,ok,0.009952,0.007537,0.012645,0.0,,23528,692,34,2024-02-08,2025-12-30,99.0,5.378031017951741e+18,"pooled: n >= 300, dates >= 60, points >= 10; per group n >= 100 and >= 10 reference events",exploratory,leads 5-6 (GFS source-resolution limitation),GFS rainfall source representation changes at this lead range. The effect on the verification metric and on the model-agreement distribution is unresolved.,"In the archived sample (2024-02-08 to 2025-12-30, 34 archive points, IMD gridded rain-gauge analysis, 08:30-08:30 IST rain day, nominal lead 5), when 0 of 3 models forecast >= 64.5 mm, the reference reached >= 64.5 mm on 232 of 23313 days (observed frequency 0.010; 95% block-bootstrap interval 0.008 to 0.013)."
C3|k-groups|L5|T64.5,A3|shared-data:ecmwf_ifs025+gfs_global+icon_global|-|precip_0830|L5|pooled=all-points|all|all,C3,imd_rf025,imd_0830,5,64.5,CORE M-RAIN Alert threshold,k-groups,k=1,1,200,30,ok,0.15,0.093589,0.216604,0.0,,23528,692,34,2024-02-08,2025-12-30,99.0,5.378031017951741e+18,"pooled: n >= 300, dates >= 60, points >= 10; per group n >= 100 and >= 10 reference events",exploratory,leads 5-6 (GFS source-resolution limitation),GFS rainfall source representation changes at this lead range. The effect on the verification metric and on the model-agreement distribution is unresolved.,"In the archived sample (2024-02-08 to 2025-12-30, 34 archive points, IMD gridded rain-gauge analysis, 08:30-08:30 IST rain day, nominal lead 5), when 1 of 3 models forecast >= 64.5 mm, the reference reached >= 64.5 mm on 30 of 200 days (observed frequency 0.150; 95% block-bootstrap interval 0.094 to 0.217)."
C3|k-groups|L5|T64.5,A3|shared-data:ecmwf_ifs025+gfs_global+icon_global|-|precip_0830|L5|pooled=all-points|all|all,C3,imd_rf025,imd_0830,5,64.5,CORE M-RAIN Alert threshold,k-groups,k=2,2,15,5,insufficient sample,,,,,,23528,692,34,2024-02-08,2025-12-30,99.0,5.378031017951741e+18,"pooled: n >= 300, dates >= 60, points >= 10; per group n >= 100 and >= 10 reference events",exploratory,leads 5-6 (GFS source-resolution limitation),GFS rainfall source representation changes at this lead range. The effect on the verification metric and on the model-agreement distribution is unresolved.,k=2: insufficient sample (needs n >= 100 and >= 10 reference events). No value computed.
C3|k-groups|L5|T64.5,A3|shared-data:ecmwf_ifs025+gfs_global+icon_global|-|precip_0830|L5|pooled=all-points|all|all,C3,imd_rf025,imd_0830,5,64.5,CORE M-RAIN Alert threshold,k-groups,k=3,3,0,0,insufficient sample,,,,,,23528,692,34,2024-02-08,2025-12-30,99.0,5.378031017951741e+18,"pooled: n >= 300, dates >= 60, points >= 10; per group n >= 100 and >= 10 reference events",exploratory,leads 5-6 (GFS source-resolution limitation),GFS rainfall source representation changes at this lead range. The effect on the verification metric and on the model-agreement distribution is unresolved.,k=3: insufficient sample (needs n >= 100 and >= 10 reference events). No value computed.
C3|k-groups|L5|T115.6,A3|shared-data:ecmwf_ifs025+gfs_global+icon_global|-|precip_0830|L5|pooled=all-points|all|all,C3,imd_rf025,imd_0830,5,115.6,CORE M-RAIN Severe threshold,k-groups,k=0,0,23483,65,ok,0.002768,0.00183,0.003911,0.0,,23528,692,34,2024-02-08,2025-12-30,99.0,4.857617995739547e+18,"pooled: n >= 300, dates >= 60, points >= 10; per group n >= 100 and >= 10 reference events",exploratory,leads 5-6 (GFS source-resolution limitation),GFS rainfall source representation changes at this lead range. The effect on the verification metric and on the model-agreement distribution is unresolved.,"In the archived sample (2024-02-08 to 2025-12-30, 34 archive points, IMD gridded rain-gauge analysis, 08:30-08:30 IST rain day, nominal lead 5), when 0 of 3 models forecast >= 115.6 mm, the reference reached >= 115.6 mm on 65 of 23483 days (observed frequency 0.003; 95% block-bootstrap interval 0.002 to 0.004)."
C3|k-groups|L5|T115.6,A3|shared-data:ecmwf_ifs025+gfs_global+icon_global|-|precip_0830|L5|pooled=all-points|all|all,C3,imd_rf025,imd_0830,5,115.6,CORE M-RAIN Severe threshold,k-groups,k=1,1,43,3,insufficient sample,,,,,,23528,692,34,2024-02-08,2025-12-30,99.0,4.857617995739547e+18,"pooled: n >= 300, dates >= 60, points >= 10; per group n >= 100 and >= 10 reference events",exploratory,leads 5-6 (GFS source-resolution limitation),GFS rainfall source representation changes at this lead range. The effect on the verification metric and on the model-agreement distribution is unresolved.,k=1: insufficient sample (needs n >= 100 and >= 10 reference events). No value computed.
C3|k-groups|L5|T115.6,A3|shared-data:ecmwf_ifs025+gfs_global+icon_global|-|precip_0830|L5|pooled=all-points|all|all,C3,imd_rf025,imd_0830,5,115.6,CORE M-RAIN Severe threshold,k-groups,k=2,2,2,2,insufficient sample,,,,,,23528,692,34,2024-02-08,2025-12-30,99.0,4.857617995739547e+18,"pooled: n >= 300, dates >= 60, points >= 10; per group n >= 100 and >= 10 reference events",exploratory,leads 5-6 (GFS source-resolution limitation),GFS rainfall source representation changes at this lead range. The effect on the verification metric and on the model-agreement distribution is unresolved.,k=2: insufficient sample (needs n >= 100 and >= 10 reference events). No value computed.
C3|k-groups|L5|T115.6,A3|shared-data:ecmwf_ifs025+gfs_global+icon_global|-|precip_0830|L5|pooled=all-points|all|all,C3,imd_rf025,imd_0830,5,115.6,CORE M-RAIN Severe threshold,k-groups,k=3,3,0,0,insufficient sample,,,,,,23528,692,34,2024-02-08,2025-12-30,99.0,4.857617995739547e+18,"pooled: n >= 300, dates >= 60, points >= 10; per group n >= 100 and >= 10 reference events",exploratory,leads 5-6 (GFS source-resolution limitation),GFS rainfall source representation changes at this lead range. The effect on the verification metric and on the model-agreement distribution is unresolved.,k=3: insufficient sample (needs n >= 100 and >= 10 reference events). No value computed.
C3|k-groups|L6|T35.6,A3|shared-data:ecmwf_ifs025+gfs_global+icon_global|-|precip_0830|L6|pooled=all-points|all|all,C3,imd_rf025,imd_0830,6,35.6,CORE M-RAIN Watch threshold,k-groups,k=0,0,22701,556,ok,0.024492,0.019126,0.03085,0.0,,23494,691,34,2024-02-09,2025-12-30,99.0,7.300822001751185e+18,"pooled: n >= 300, dates >= 60, points >= 10; per group n >= 100 and >= 10 reference events",exploratory,leads 5-6 (GFS source-resolution limitation),GFS rainfall source representation changes at this lead range. The effect on the verification metric and on the model-agreement distribution is unresolved.,"In the archived sample (2024-02-09 to 2025-12-30, 34 archive points, IMD gridded rain-gauge analysis, 08:30-08:30 IST rain day, nominal lead 6), when 0 of 3 models forecast >= 35.6 mm, the reference reached >= 35.6 mm on 556 of 22701 days (observed frequency 0.024; 95% block-bootstrap interval 0.019 to 0.031)."
C3|k-groups|L6|T35.6,A3|shared-data:ecmwf_ifs025+gfs_global+icon_global|-|precip_0830|L6|pooled=all-points|all|all,C3,imd_rf025,imd_0830,6,35.6,CORE M-RAIN Watch threshold,k-groups,k=1,1,676,161,ok,0.238166,0.197356,0.279313,0.0,,23494,691,34,2024-02-09,2025-12-30,99.0,7.300822001751185e+18,"pooled: n >= 300, dates >= 60, points >= 10; per group n >= 100 and >= 10 reference events",exploratory,leads 5-6 (GFS source-resolution limitation),GFS rainfall source representation changes at this lead range. The effect on the verification metric and on the model-agreement distribution is unresolved.,"In the archived sample (2024-02-09 to 2025-12-30, 34 archive points, IMD gridded rain-gauge analysis, 08:30-08:30 IST rain day, nominal lead 6), when 1 of 3 models forecast >= 35.6 mm, the reference reached >= 35.6 mm on 161 of 676 days (observed frequency 0.238; 95% block-bootstrap interval 0.197 to 0.279)."
C3|k-groups|L6|T35.6,A3|shared-data:ecmwf_ifs025+gfs_global+icon_global|-|precip_0830|L6|pooled=all-points|all|all,C3,imd_rf025,imd_0830,6,35.6,CORE M-RAIN Watch threshold,k-groups,k=2,2,114,44,ok,0.385965,0.29518,0.467235,0.0,,23494,691,34,2024-02-09,2025-12-30,99.0,7.300822001751185e+18,"pooled: n >= 300, dates >= 60, points >= 10; per group n >= 100 and >= 10 reference events",exploratory,leads 5-6 (GFS source-resolution limitation),GFS rainfall source representation changes at this lead range. The effect on the verification metric and on the model-agreement distribution is unresolved.,"In the archived sample (2024-02-09 to 2025-12-30, 34 archive points, IMD gridded rain-gauge analysis, 08:30-08:30 IST rain day, nominal lead 6), when 2 of 3 models forecast >= 35.6 mm, the reference reached >= 35.6 mm on 44 of 114 days (observed frequency 0.386; 95% block-bootstrap interval 0.295 to 0.467)."
C3|k-groups|L6|T35.6,A3|shared-data:ecmwf_ifs025+gfs_global+icon_global|-|precip_0830|L6|pooled=all-points|all|all,C3,imd_rf025,imd_0830,6,35.6,CORE M-RAIN Watch threshold,k-groups,k=3,3,3,3,insufficient sample,,,,,,23494,691,34,2024-02-09,2025-12-30,99.0,7.300822001751185e+18,"pooled: n >= 300, dates >= 60, points >= 10; per group n >= 100 and >= 10 reference events",exploratory,leads 5-6 (GFS source-resolution limitation),GFS rainfall source representation changes at this lead range. The effect on the verification metric and on the model-agreement distribution is unresolved.,k=3: insufficient sample (needs n >= 100 and >= 10 reference events). No value computed.
C3|k-groups|L6|T64.5,A3|shared-data:ecmwf_ifs025+gfs_global+icon_global|-|precip_0830|L6|pooled=all-points|all|all,C3,imd_rf025,imd_0830,6,64.5,CORE M-RAIN Alert threshold,k-groups,k=0,0,23290,235,ok,0.01009,0.007338,0.013076,0.0,,23494,691,34,2024-02-09,2025-12-30,99.0,1.5303446779819207e+19,"pooled: n >= 300, dates >= 60, points >= 10; per group n >= 100 and >= 10 reference events",exploratory,leads 5-6 (GFS source-resolution limitation),GFS rainfall source representation changes at this lead range. The effect on the verification metric and on the model-agreement distribution is unresolved.,"In the archived sample (2024-02-09 to 2025-12-30, 34 archive points, IMD gridded rain-gauge analysis, 08:30-08:30 IST rain day, nominal lead 6), when 0 of 3 models forecast >= 64.5 mm, the reference reached >= 64.5 mm on 235 of 23290 days (observed frequency 0.010; 95% block-bootstrap interval 0.007 to 0.013)."
C3|k-groups|L6|T64.5,A3|shared-data:ecmwf_ifs025+gfs_global+icon_global|-|precip_0830|L6|pooled=all-points|all|all,C3,imd_rf025,imd_0830,6,64.5,CORE M-RAIN Alert threshold,k-groups,k=1,1,190,28,ok,0.147368,0.1,0.201184,0.0,,23494,691,34,2024-02-09,2025-12-30,99.0,1.5303446779819207e+19,"pooled: n >= 300, dates >= 60, points >= 10; per group n >= 100 and >= 10 reference events",exploratory,leads 5-6 (GFS source-resolution limitation),GFS rainfall source representation changes at this lead range. The effect on the verification metric and on the model-agreement distribution is unresolved.,"In the archived sample (2024-02-09 to 2025-12-30, 34 archive points, IMD gridded rain-gauge analysis, 08:30-08:30 IST rain day, nominal lead 6), when 1 of 3 models forecast >= 64.5 mm, the reference reached >= 64.5 mm on 28 of 190 days (observed frequency 0.147; 95% block-bootstrap interval 0.100 to 0.201)."
C3|k-groups|L6|T64.5,A3|shared-data:ecmwf_ifs025+gfs_global+icon_global|-|precip_0830|L6|pooled=all-points|all|all,C3,imd_rf025,imd_0830,6,64.5,CORE M-RAIN Alert threshold,k-groups,k=2,2,13,4,insufficient sample,,,,,,23494,691,34,2024-02-09,2025-12-30,99.0,1.5303446779819207e+19,"pooled: n >= 300, dates >= 60, points >= 10; per group n >= 100 and >= 10 reference events",exploratory,leads 5-6 (GFS source-resolution limitation),GFS rainfall source representation changes at this lead range. The effect on the verification metric and on the model-agreement distribution is unresolved.,k=2: insufficient sample (needs n >= 100 and >= 10 reference events). No value computed.
C3|k-groups|L6|T64.5,A3|shared-data:ecmwf_ifs025+gfs_global+icon_global|-|precip_0830|L6|pooled=all-points|all|all,C3,imd_rf025,imd_0830,6,64.5,CORE M-RAIN Alert threshold,k-groups,k=3,3,1,0,insufficient sample,,,,,,23494,691,34,2024-02-09,2025-12-30,99.0,1.5303446779819207e+19,"pooled: n >= 300, dates >= 60, points >= 10; per group n >= 100 and >= 10 reference events",exploratory,leads 5-6 (GFS source-resolution limitation),GFS rainfall source representation changes at this lead range. The effect on the verification metric and on the model-agreement distribution is unresolved.,k=3: insufficient sample (needs n >= 100 and >= 10 reference events). No value computed.
C3|k-groups|L6|T115.6,A3|shared-data:ecmwf_ifs025+gfs_global+icon_global|-|precip_0830|L6|pooled=all-points|all|all,C3,imd_rf025,imd_0830,6,115.6,CORE M-RAIN Severe threshold,k-groups,k=0,0,23455,68,ok,0.002899,0.001879,0.003955,0.0,,23494,691,34,2024-02-09,2025-12-30,99.0,1.2821313943975887e+18,"pooled: n >= 300, dates >= 60, points >= 10; per group n >= 100 and >= 10 reference events",exploratory,leads 5-6 (GFS source-resolution limitation),GFS rainfall source representation changes at this lead range. The effect on the verification metric and on the model-agreement distribution is unresolved.,"In the archived sample (2024-02-09 to 2025-12-30, 34 archive points, IMD gridded rain-gauge analysis, 08:30-08:30 IST rain day, nominal lead 6), when 0 of 3 models forecast >= 115.6 mm, the reference reached >= 115.6 mm on 68 of 23455 days (observed frequency 0.003; 95% block-bootstrap interval 0.002 to 0.004)."
C3|k-groups|L6|T115.6,A3|shared-data:ecmwf_ifs025+gfs_global+icon_global|-|precip_0830|L6|pooled=all-points|all|all,C3,imd_rf025,imd_0830,6,115.6,CORE M-RAIN Severe threshold,k-groups,k=1,1,36,2,insufficient sample,,,,,,23494,691,34,2024-02-09,2025-12-30,99.0,1.2821313943975887e+18,"pooled: n >= 300, dates >= 60, points >= 10; per group n >= 100 and >= 10 reference events",exploratory,leads 5-6 (GFS source-resolution limitation),GFS rainfall source representation changes at this lead range. The effect on the verification metric and on the model-agreement distribution is unresolved.,k=1: insufficient sample (needs n >= 100 and >= 10 reference events). No value computed.
C3|k-groups|L6|T115.6,A3|shared-data:ecmwf_ifs025+gfs_global+icon_global|-|precip_0830|L6|pooled=all-points|all|all,C3,imd_rf025,imd_0830,6,115.6,CORE M-RAIN Severe threshold,k-groups,k=2,2,3,0,insufficient sample,,,,,,23494,691,34,2024-02-09,2025-12-30,99.0,1.2821313943975887e+18,"pooled: n >= 300, dates >= 60, points >= 10; per group n >= 100 and >= 10 reference events",exploratory,leads 5-6 (GFS source-resolution limitation),GFS rainfall source representation changes at this lead range. The effect on the verification metric and on the model-agreement distribution is unresolved.,k=2: insufficient sample (needs n >= 100 and >= 10 reference events). No value computed.
C3|k-groups|L6|T115.6,A3|shared-data:ecmwf_ifs025+gfs_global+icon_global|-|precip_0830|L6|pooled=all-points|all|all,C3,imd_rf025,imd_0830,6,115.6,CORE M-RAIN Severe threshold,k-groups,k=3,3,0,0,insufficient sample,,,,,,23494,691,34,2024-02-09,2025-12-30,99.0,1.2821313943975887e+18,"pooled: n >= 300, dates >= 60, points >= 10; per group n >= 100 and >= 10 reference events",exploratory,leads 5-6 (GFS source-resolution limitation),GFS rainfall source representation changes at this lead range. The effect on the verification metric and on the model-agreement distribution is unresolved.,k=3: insufficient sample (needs n >= 100 and >= 10 reference events). No value computed.
C3|model-combination|L1|T35.6,A3|shared-data:ecmwf_ifs025+gfs_global+icon_global|-|precip_0830|L1|pooled=all-points|all|all,C3,imd_rf025,imd_0830,1,35.6,CORE M-RAIN Watch threshold,model-combination,ECMWF,1,221,42,ok,0.190045,0.124988,0.248917,0.0,,23664,696,34,2024-02-04,2025-12-30,100.0,6.155436792566898e+18,"pooled: n >= 300, dates >= 60, points >= 10; per group n >= 100 and >= 10 reference events",exploratory,model-combination breakdown,,"In the archived sample (2024-02-04 to 2025-12-30, 34 archive points, IMD gridded rain-gauge analysis, 08:30-08:30 IST rain day, nominal lead 1), when 1 of 3 models forecast >= 35.6 mm (models at or above the threshold: ECMWF), the reference reached >= 35.6 mm on 42 of 221 days (observed frequency 0.190; 95% block-bootstrap interval 0.125 to 0.249)."
C3|model-combination|L1|T35.6,A3|shared-data:ecmwf_ifs025+gfs_global+icon_global|-|precip_0830|L1|pooled=all-points|all|all,C3,imd_rf025,imd_0830,1,35.6,CORE M-RAIN Watch threshold,model-combination,ECMWF+GFS,2,86,53,insufficient sample,,,,,,23664,696,34,2024-02-04,2025-12-30,100.0,6.155436792566898e+18,"pooled: n >= 300, dates >= 60, points >= 10; per group n >= 100 and >= 10 reference events",exploratory,model-combination breakdown,,ECMWF+GFS (models at or above the threshold: ECMWF+GFS): insufficient sample (needs n >= 100 and >= 10 reference events). No value computed.
C3|model-combination|L1|T35.6,A3|shared-data:ecmwf_ifs025+gfs_global+icon_global|-|precip_0830|L1|pooled=all-points|all|all,C3,imd_rf025,imd_0830,1,35.6,CORE M-RAIN Watch threshold,model-combination,ECMWF+ICON,2,100,44,ok,0.44,0.333252,0.536862,0.0,,23664,696,34,2024-02-04,2025-12-30,100.0,6.155436792566898e+18,"pooled: n >= 300, dates >= 60, points >= 10; per group n >= 100 and >= 10 reference events",exploratory,model-combination breakdown,,"In the archived sample (2024-02-04 to 2025-12-30, 34 archive points, IMD gridded rain-gauge analysis, 08:30-08:30 IST rain day, nominal lead 1), when 2 of 3 models forecast >= 35.6 mm (models at or above the threshold: ECMWF+ICON), the reference reached >= 35.6 mm on 44 of 100 days (observed frequency 0.440; 95% block-bootstrap interval 0.333 to 0.537)."
C3|model-combination|L1|T35.6,A3|shared-data:ecmwf_ifs025+gfs_global+icon_global|-|precip_0830|L1|pooled=all-points|all|all,C3,imd_rf025,imd_0830,1,35.6,CORE M-RAIN Watch threshold,model-combination,GFS,1,211,58,ok,0.274882,0.218383,0.333333,0.0,,23664,696,34,2024-02-04,2025-12-30,100.0,6.155436792566898e+18,"pooled: n >= 300, dates >= 60, points >= 10; per group n >= 100 and >= 10 reference events",exploratory,model-combination breakdown,,"In the archived sample (2024-02-04 to 2025-12-30, 34 archive points, IMD gridded rain-gauge analysis, 08:30-08:30 IST rain day, nominal lead 1), when 1 of 3 models forecast >= 35.6 mm (models at or above the threshold: GFS), the reference reached >= 35.6 mm on 58 of 211 days (observed frequency 0.275; 95% block-bootstrap interval 0.218 to 0.333)."
C3|model-combination|L1|T35.6,A3|shared-data:ecmwf_ifs025+gfs_global+icon_global|-|precip_0830|L1|pooled=all-points|all|all,C3,imd_rf025,imd_0830,1,35.6,CORE M-RAIN Watch threshold,model-combination,GFS+ICON,2,44,18,insufficient sample,,,,,,23664,696,34,2024-02-04,2025-12-30,100.0,6.155436792566898e+18,"pooled: n >= 300, dates >= 60, points >= 10; per group n >= 100 and >= 10 reference events",exploratory,model-combination breakdown,,GFS+ICON (models at or above the threshold: GFS+ICON): insufficient sample (needs n >= 100 and >= 10 reference events). No value computed.
C3|model-combination|L1|T35.6,A3|shared-data:ecmwf_ifs025+gfs_global+icon_global|-|precip_0830|L1|pooled=all-points|all|all,C3,imd_rf025,imd_0830,1,35.6,CORE M-RAIN Watch threshold,model-combination,ICON,1,220,43,ok,0.195455,0.138103,0.251123,0.0,,23664,696,34,2024-02-04,2025-12-30,100.0,6.155436792566898e+18,"pooled: n >= 300, dates >= 60, points >= 10; per group n >= 100 and >= 10 reference events",exploratory,model-combination breakdown,,"In the archived sample (2024-02-04 to 2025-12-30, 34 archive points, IMD gridded rain-gauge analysis, 08:30-08:30 IST rain day, nominal lead 1), when 1 of 3 models forecast >= 35.6 mm (models at or above the threshold: ICON), the reference reached >= 35.6 mm on 43 of 220 days (observed frequency 0.195; 95% block-bootstrap interval 0.138 to 0.251)."
C3|model-combination|L1|T64.5,A3|shared-data:ecmwf_ifs025+gfs_global+icon_global|-|precip_0830|L1|pooled=all-points|all|all,C3,imd_rf025,imd_0830,1,64.5,CORE M-RAIN Alert threshold,model-combination,ECMWF,1,71,15,insufficient sample,,,,,,23664,696,34,2024-02-04,2025-12-30,,,"pooled: n >= 300, dates >= 60, points >= 10; per group n >= 100 and >= 10 reference events",exploratory,model-combination breakdown,,ECMWF (models at or above the threshold: ECMWF): insufficient sample (needs n >= 100 and >= 10 reference events). No value computed.
C3|model-combination|L1|T64.5,A3|shared-data:ecmwf_ifs025+gfs_global+icon_global|-|precip_0830|L1|pooled=all-points|all|all,C3,imd_rf025,imd_0830,1,64.5,CORE M-RAIN Alert threshold,model-combination,ECMWF+GFS,2,17,9,insufficient sample,,,,,,23664,696,34,2024-02-04,2025-12-30,,,"pooled: n >= 300, dates >= 60, points >= 10; per group n >= 100 and >= 10 reference events",exploratory,model-combination breakdown,,ECMWF+GFS (models at or above the threshold: ECMWF+GFS): insufficient sample (needs n >= 100 and >= 10 reference events). No value computed.
C3|model-combination|L1|T64.5,A3|shared-data:ecmwf_ifs025+gfs_global+icon_global|-|precip_0830|L1|pooled=all-points|all|all,C3,imd_rf025,imd_0830,1,64.5,CORE M-RAIN Alert threshold,model-combination,ECMWF+ICON,2,14,6,insufficient sample,,,,,,23664,696,34,2024-02-04,2025-12-30,,,"pooled: n >= 300, dates >= 60, points >= 10; per group n >= 100 and >= 10 reference events",exploratory,model-combination breakdown,,ECMWF+ICON (models at or above the threshold: ECMWF+ICON): insufficient sample (needs n >= 100 and >= 10 reference events). No value computed.
C3|model-combination|L1|T64.5,A3|shared-data:ecmwf_ifs025+gfs_global+icon_global|-|precip_0830|L1|pooled=all-points|all|all,C3,imd_rf025,imd_0830,1,64.5,CORE M-RAIN Alert threshold,model-combination,GFS,1,81,15,insufficient sample,,,,,,23664,696,34,2024-02-04,2025-12-30,,,"pooled: n >= 300, dates >= 60, points >= 10; per group n >= 100 and >= 10 reference events",exploratory,model-combination breakdown,,GFS (models at or above the threshold: GFS): insufficient sample (needs n >= 100 and >= 10 reference events). No value computed.
C3|model-combination|L1|T64.5,A3|shared-data:ecmwf_ifs025+gfs_global+icon_global|-|precip_0830|L1|pooled=all-points|all|all,C3,imd_rf025,imd_0830,1,64.5,CORE M-RAIN Alert threshold,model-combination,GFS+ICON,2,11,2,insufficient sample,,,,,,23664,696,34,2024-02-04,2025-12-30,,,"pooled: n >= 300, dates >= 60, points >= 10; per group n >= 100 and >= 10 reference events",exploratory,model-combination breakdown,,GFS+ICON (models at or above the threshold: GFS+ICON): insufficient sample (needs n >= 100 and >= 10 reference events). No value computed.
C3|model-combination|L1|T64.5,A3|shared-data:ecmwf_ifs025+gfs_global+icon_global|-|precip_0830|L1|pooled=all-points|all|all,C3,imd_rf025,imd_0830,1,64.5,CORE M-RAIN Alert threshold,model-combination,ICON,1,82,15,insufficient sample,,,,,,23664,696,34,2024-02-04,2025-12-30,,,"pooled: n >= 300, dates >= 60, points >= 10; per group n >= 100 and >= 10 reference events",exploratory,model-combination breakdown,,ICON (models at or above the threshold: ICON): insufficient sample (needs n >= 100 and >= 10 reference events). No value computed.
C3|model-combination|L1|T115.6,A3|shared-data:ecmwf_ifs025+gfs_global+icon_global|-|precip_0830|L1|pooled=all-points|all|all,C3,imd_rf025,imd_0830,1,115.6,CORE M-RAIN Severe threshold,model-combination,ECMWF,1,13,2,insufficient sample,,,,,,23664,696,34,2024-02-04,2025-12-30,,,"pooled: n >= 300, dates >= 60, points >= 10; per group n >= 100 and >= 10 reference events",exploratory,model-combination breakdown,,ECMWF (models at or above the threshold: ECMWF): insufficient sample (needs n >= 100 and >= 10 reference events). No value computed.
C3|model-combination|L1|T115.6,A3|shared-data:ecmwf_ifs025+gfs_global+icon_global|-|precip_0830|L1|pooled=all-points|all|all,C3,imd_rf025,imd_0830,1,115.6,CORE M-RAIN Severe threshold,model-combination,ECMWF+GFS,2,1,1,insufficient sample,,,,,,23664,696,34,2024-02-04,2025-12-30,,,"pooled: n >= 300, dates >= 60, points >= 10; per group n >= 100 and >= 10 reference events",exploratory,model-combination breakdown,,ECMWF+GFS (models at or above the threshold: ECMWF+GFS): insufficient sample (needs n >= 100 and >= 10 reference events). No value computed.
C3|model-combination|L1|T115.6,A3|shared-data:ecmwf_ifs025+gfs_global+icon_global|-|precip_0830|L1|pooled=all-points|all|all,C3,imd_rf025,imd_0830,1,115.6,CORE M-RAIN Severe threshold,model-combination,ECMWF+ICON,2,1,1,insufficient sample,,,,,,23664,696,34,2024-02-04,2025-12-30,,,"pooled: n >= 300, dates >= 60, points >= 10; per group n >= 100 and >= 10 reference events",exploratory,model-combination breakdown,,ECMWF+ICON (models at or above the threshold: ECMWF+ICON): insufficient sample (needs n >= 100 and >= 10 reference events). No value computed.
C3|model-combination|L1|T115.6,A3|shared-data:ecmwf_ifs025+gfs_global+icon_global|-|precip_0830|L1|pooled=all-points|all|all,C3,imd_rf025,imd_0830,1,115.6,CORE M-RAIN Severe threshold,model-combination,GFS,1,19,0,insufficient sample,,,,,,23664,696,34,2024-02-04,2025-12-30,,,"pooled: n >= 300, dates >= 60, points >= 10; per group n >= 100 and >= 10 reference events",exploratory,model-combination breakdown,,GFS (models at or above the threshold: GFS): insufficient sample (needs n >= 100 and >= 10 reference events). No value computed.
C3|model-combination|L1|T115.6,A3|shared-data:ecmwf_ifs025+gfs_global+icon_global|-|precip_0830|L1|pooled=all-points|all|all,C3,imd_rf025,imd_0830,1,115.6,CORE M-RAIN Severe threshold,model-combination,GFS+ICON,2,1,0,insufficient sample,,,,,,23664,696,34,2024-02-04,2025-12-30,,,"pooled: n >= 300, dates >= 60, points >= 10; per group n >= 100 and >= 10 reference events",exploratory,model-combination breakdown,,GFS+ICON (models at or above the threshold: GFS+ICON): insufficient sample (needs n >= 100 and >= 10 reference events). No value computed.
C3|model-combination|L1|T115.6,A3|shared-data:ecmwf_ifs025+gfs_global+icon_global|-|precip_0830|L1|pooled=all-points|all|all,C3,imd_rf025,imd_0830,1,115.6,CORE M-RAIN Severe threshold,model-combination,ICON,1,18,5,insufficient sample,,,,,,23664,696,34,2024-02-04,2025-12-30,,,"pooled: n >= 300, dates >= 60, points >= 10; per group n >= 100 and >= 10 reference events",exploratory,model-combination breakdown,,ICON (models at or above the threshold: ICON): insufficient sample (needs n >= 100 and >= 10 reference events). No value computed.
C3|model-combination|L2|T35.6,A3|shared-data:ecmwf_ifs025+gfs_global+icon_global|-|precip_0830|L2|pooled=all-points|all|all,C3,imd_rf025,imd_0830,2,35.6,CORE M-RAIN Watch threshold,model-combination,ECMWF,1,240,56,ok,0.233333,0.176471,0.283268,0.0,,23630,695,34,2024-02-05,2025-12-30,100.0,1.0772291741502876e+19,"pooled: n >= 300, dates >= 60, points >= 10; per group n >= 100 and >= 10 reference events",exploratory,model-combination breakdown,,"In the archived sample (2024-02-05 to 2025-12-30, 34 archive points, IMD gridded rain-gauge analysis, 08:30-08:30 IST rain day, nominal lead 2), when 1 of 3 models forecast >= 35.6 mm (models at or above the threshold: ECMWF), the reference reached >= 35.6 mm on 56 of 240 days (observed frequency 0.233; 95% block-bootstrap interval 0.176 to 0.283)."
C3|model-combination|L2|T35.6,A3|shared-data:ecmwf_ifs025+gfs_global+icon_global|-|precip_0830|L2|pooled=all-points|all|all,C3,imd_rf025,imd_0830,2,35.6,CORE M-RAIN Watch threshold,model-combination,ECMWF+GFS,2,86,44,insufficient sample,,,,,,23630,695,34,2024-02-05,2025-12-30,100.0,1.0772291741502876e+19,"pooled: n >= 300, dates >= 60, points >= 10; per group n >= 100 and >= 10 reference events",exploratory,model-combination breakdown,,ECMWF+GFS (models at or above the threshold: ECMWF+GFS): insufficient sample (needs n >= 100 and >= 10 reference events). No value computed.
C3|model-combination|L2|T35.6,A3|shared-data:ecmwf_ifs025+gfs_global+icon_global|-|precip_0830|L2|pooled=all-points|all|all,C3,imd_rf025,imd_0830,2,35.6,CORE M-RAIN Watch threshold,model-combination,ECMWF+ICON,2,105,48,ok,0.457143,0.36605,0.536772,0.0,,23630,695,34,2024-02-05,2025-12-30,100.0,1.0772291741502876e+19,"pooled: n >= 300, dates >= 60, points >= 10; per group n >= 100 and >= 10 reference events",exploratory,model-combination breakdown,,"In the archived sample (2024-02-05 to 2025-12-30, 34 archive points, IMD gridded rain-gauge analysis, 08:30-08:30 IST rain day, nominal lead 2), when 2 of 3 models forecast >= 35.6 mm (models at or above the threshold: ECMWF+ICON), the reference reached >= 35.6 mm on 48 of 105 days (observed frequency 0.457; 95% block-bootstrap interval 0.366 to 0.537)."
C3|model-combination|L2|T35.6,A3|shared-data:ecmwf_ifs025+gfs_global+icon_global|-|precip_0830|L2|pooled=all-points|all|all,C3,imd_rf025,imd_0830,2,35.6,CORE M-RAIN Watch threshold,model-combination,GFS,1,246,66,ok,0.268293,0.210507,0.329119,0.0,,23630,695,34,2024-02-05,2025-12-30,100.0,1.0772291741502876e+19,"pooled: n >= 300, dates >= 60, points >= 10; per group n >= 100 and >= 10 reference events",exploratory,model-combination breakdown,,"In the archived sample (2024-02-05 to 2025-12-30, 34 archive points, IMD gridded rain-gauge analysis, 08:30-08:30 IST rain day, nominal lead 2), when 1 of 3 models forecast >= 35.6 mm (models at or above the threshold: GFS), the reference reached >= 35.6 mm on 66 of 246 days (observed frequency 0.268; 95% block-bootstrap interval 0.211 to 0.329)."
C3|model-combination|L2|T35.6,A3|shared-data:ecmwf_ifs025+gfs_global+icon_global|-|precip_0830|L2|pooled=all-points|all|all,C3,imd_rf025,imd_0830,2,35.6,CORE M-RAIN Watch threshold,model-combination,GFS+ICON,2,41,18,insufficient sample,,,,,,23630,695,34,2024-02-05,2025-12-30,100.0,1.0772291741502876e+19,"pooled: n >= 300, dates >= 60, points >= 10; per group n >= 100 and >= 10 reference events",exploratory,model-combination breakdown,,GFS+ICON (models at or above the threshold: GFS+ICON): insufficient sample (needs n >= 100 and >= 10 reference events). No value computed.
C3|model-combination|L2|T35.6,A3|shared-data:ecmwf_ifs025+gfs_global+icon_global|-|precip_0830|L2|pooled=all-points|all|all,C3,imd_rf025,imd_0830,2,35.6,CORE M-RAIN Watch threshold,model-combination,ICON,1,215,41,ok,0.190698,0.129399,0.252109,0.0,,23630,695,34,2024-02-05,2025-12-30,100.0,1.0772291741502876e+19,"pooled: n >= 300, dates >= 60, points >= 10; per group n >= 100 and >= 10 reference events",exploratory,model-combination breakdown,,"In the archived sample (2024-02-05 to 2025-12-30, 34 archive points, IMD gridded rain-gauge analysis, 08:30-08:30 IST rain day, nominal lead 2), when 1 of 3 models forecast >= 35.6 mm (models at or above the threshold: ICON), the reference reached >= 35.6 mm on 41 of 215 days (observed frequency 0.191; 95% block-bootstrap interval 0.129 to 0.252)."
C3|model-combination|L2|T64.5,A3|shared-data:ecmwf_ifs025+gfs_global+icon_global|-|precip_0830|L2|pooled=all-points|all|all,C3,imd_rf025,imd_0830,2,64.5,CORE M-RAIN Alert threshold,model-combination,ECMWF,1,69,20,insufficient sample,,,,,,23630,695,34,2024-02-05,2025-12-30,,,"pooled: n >= 300, dates >= 60, points >= 10; per group n >= 100 and >= 10 reference events",exploratory,model-combination breakdown,,ECMWF (models at or above the threshold: ECMWF): insufficient sample (needs n >= 100 and >= 10 reference events). No value computed.
C3|model-combination|L2|T64.5,A3|shared-data:ecmwf_ifs025+gfs_global+icon_global|-|precip_0830|L2|pooled=all-points|all|all,C3,imd_rf025,imd_0830,2,64.5,CORE M-RAIN Alert threshold,model-combination,ECMWF+GFS,2,14,8,insufficient sample,,,,,,23630,695,34,2024-02-05,2025-12-30,,,"pooled: n >= 300, dates >= 60, points >= 10; per group n >= 100 and >= 10 reference events",exploratory,model-combination breakdown,,ECMWF+GFS (models at or above the threshold: ECMWF+GFS): insufficient sample (needs n >= 100 and >= 10 reference events). No value computed.
C3|model-combination|L2|T64.5,A3|shared-data:ecmwf_ifs025+gfs_global+icon_global|-|precip_0830|L2|pooled=all-points|all|all,C3,imd_rf025,imd_0830,2,64.5,CORE M-RAIN Alert threshold,model-combination,ECMWF+ICON,2,26,6,insufficient sample,,,,,,23630,695,34,2024-02-05,2025-12-30,,,"pooled: n >= 300, dates >= 60, points >= 10; per group n >= 100 and >= 10 reference events",exploratory,model-combination breakdown,,ECMWF+ICON (models at or above the threshold: ECMWF+ICON): insufficient sample (needs n >= 100 and >= 10 reference events). No value computed.
C3|model-combination|L2|T64.5,A3|shared-data:ecmwf_ifs025+gfs_global+icon_global|-|precip_0830|L2|pooled=all-points|all|all,C3,imd_rf025,imd_0830,2,64.5,CORE M-RAIN Alert threshold,model-combination,GFS,1,81,19,insufficient sample,,,,,,23630,695,34,2024-02-05,2025-12-30,,,"pooled: n >= 300, dates >= 60, points >= 10; per group n >= 100 and >= 10 reference events",exploratory,model-combination breakdown,,GFS (models at or above the threshold: GFS): insufficient sample (needs n >= 100 and >= 10 reference events). No value computed.
C3|model-combination|L2|T64.5,A3|shared-data:ecmwf_ifs025+gfs_global+icon_global|-|precip_0830|L2|pooled=all-points|all|all,C3,imd_rf025,imd_0830,2,64.5,CORE M-RAIN Alert threshold,model-combination,GFS+ICON,2,5,3,insufficient sample,,,,,,23630,695,34,2024-02-05,2025-12-30,,,"pooled: n >= 300, dates >= 60, points >= 10; per group n >= 100 and >= 10 reference events",exploratory,model-combination breakdown,,GFS+ICON (models at or above the threshold: GFS+ICON): insufficient sample (needs n >= 100 and >= 10 reference events). No value computed.
C3|model-combination|L2|T64.5,A3|shared-data:ecmwf_ifs025+gfs_global+icon_global|-|precip_0830|L2|pooled=all-points|all|all,C3,imd_rf025,imd_0830,2,64.5,CORE M-RAIN Alert threshold,model-combination,ICON,1,71,7,insufficient sample,,,,,,23630,695,34,2024-02-05,2025-12-30,,,"pooled: n >= 300, dates >= 60, points >= 10; per group n >= 100 and >= 10 reference events",exploratory,model-combination breakdown,,ICON (models at or above the threshold: ICON): insufficient sample (needs n >= 100 and >= 10 reference events). No value computed.
C3|model-combination|L2|T115.6,A3|shared-data:ecmwf_ifs025+gfs_global+icon_global|-|precip_0830|L2|pooled=all-points|all|all,C3,imd_rf025,imd_0830,2,115.6,CORE M-RAIN Severe threshold,model-combination,ECMWF,1,11,4,insufficient sample,,,,,,23630,695,34,2024-02-05,2025-12-30,,,"pooled: n >= 300, dates >= 60, points >= 10; per group n >= 100 and >= 10 reference events",exploratory,model-combination breakdown,,ECMWF (models at or above the threshold: ECMWF): insufficient sample (needs n >= 100 and >= 10 reference events). No value computed.
C3|model-combination|L2|T115.6,A3|shared-data:ecmwf_ifs025+gfs_global+icon_global|-|precip_0830|L2|pooled=all-points|all|all,C3,imd_rf025,imd_0830,2,115.6,CORE M-RAIN Severe threshold,model-combination,ECMWF+GFS,2,1,0,insufficient sample,,,,,,23630,695,34,2024-02-05,2025-12-30,,,"pooled: n >= 300, dates >= 60, points >= 10; per group n >= 100 and >= 10 reference events",exploratory,model-combination breakdown,,ECMWF+GFS (models at or above the threshold: ECMWF+GFS): insufficient sample (needs n >= 100 and >= 10 reference events). No value computed.
C3|model-combination|L2|T115.6,A3|shared-data:ecmwf_ifs025+gfs_global+icon_global|-|precip_0830|L2|pooled=all-points|all|all,C3,imd_rf025,imd_0830,2,115.6,CORE M-RAIN Severe threshold,model-combination,ECMWF+ICON,2,0,0,insufficient sample,,,,,,23630,695,34,2024-02-05,2025-12-30,,,"pooled: n >= 300, dates >= 60, points >= 10; per group n >= 100 and >= 10 reference events",exploratory,model-combination breakdown,,ECMWF+ICON (models at or above the threshold: ECMWF+ICON): insufficient sample (needs n >= 100 and >= 10 reference events). No value computed.
C3|model-combination|L2|T115.6,A3|shared-data:ecmwf_ifs025+gfs_global+icon_global|-|precip_0830|L2|pooled=all-points|all|all,C3,imd_rf025,imd_0830,2,115.6,CORE M-RAIN Severe threshold,model-combination,GFS,1,17,3,insufficient sample,,,,,,23630,695,34,2024-02-05,2025-12-30,,,"pooled: n >= 300, dates >= 60, points >= 10; per group n >= 100 and >= 10 reference events",exploratory,model-combination breakdown,,GFS (models at or above the threshold: GFS): insufficient sample (needs n >= 100 and >= 10 reference events). No value computed.
C3|model-combination|L2|T115.6,A3|shared-data:ecmwf_ifs025+gfs_global+icon_global|-|precip_0830|L2|pooled=all-points|all|all,C3,imd_rf025,imd_0830,2,115.6,CORE M-RAIN Severe threshold,model-combination,GFS+ICON,2,1,1,insufficient sample,,,,,,23630,695,34,2024-02-05,2025-12-30,,,"pooled: n >= 300, dates >= 60, points >= 10; per group n >= 100 and >= 10 reference events",exploratory,model-combination breakdown,,GFS+ICON (models at or above the threshold: GFS+ICON): insufficient sample (needs n >= 100 and >= 10 reference events). No value computed.
C3|model-combination|L2|T115.6,A3|shared-data:ecmwf_ifs025+gfs_global+icon_global|-|precip_0830|L2|pooled=all-points|all|all,C3,imd_rf025,imd_0830,2,115.6,CORE M-RAIN Severe threshold,model-combination,ICON,1,14,2,insufficient sample,,,,,,23630,695,34,2024-02-05,2025-12-30,,,"pooled: n >= 300, dates >= 60, points >= 10; per group n >= 100 and >= 10 reference events",exploratory,model-combination breakdown,,ICON (models at or above the threshold: ICON): insufficient sample (needs n >= 100 and >= 10 reference events). No value computed.
C3|model-combination|L3|T35.6,A3|shared-data:ecmwf_ifs025+gfs_global+icon_global|-|precip_0830|L3|pooled=all-points|all|all,C3,imd_rf025,imd_0830,3,35.6,CORE M-RAIN Watch threshold,model-combination,ECMWF,1,298,61,ok,0.204698,0.16428,0.248148,0.0,,23596,694,34,2024-02-06,2025-12-30,100.0,4.260491210569964e+17,"pooled: n >= 300, dates >= 60, points >= 10; per group n >= 100 and >= 10 reference events",exploratory,model-combination breakdown,,"In the archived sample (2024-02-06 to 2025-12-30, 34 archive points, IMD gridded rain-gauge analysis, 08:30-08:30 IST rain day, nominal lead 3), when 1 of 3 models forecast >= 35.6 mm (models at or above the threshold: ECMWF), the reference reached >= 35.6 mm on 61 of 298 days (observed frequency 0.205; 95% block-bootstrap interval 0.164 to 0.248)."
C3|model-combination|L3|T35.6,A3|shared-data:ecmwf_ifs025+gfs_global+icon_global|-|precip_0830|L3|pooled=all-points|all|all,C3,imd_rf025,imd_0830,3,35.6,CORE M-RAIN Watch threshold,model-combination,ECMWF+GFS,2,82,45,insufficient sample,,,,,,23596,694,34,2024-02-06,2025-12-30,100.0,4.260491210569964e+17,"pooled: n >= 300, dates >= 60, points >= 10; per group n >= 100 and >= 10 reference events",exploratory,model-combination breakdown,,ECMWF+GFS (models at or above the threshold: ECMWF+GFS): insufficient sample (needs n >= 100 and >= 10 reference events). No value computed.
C3|model-combination|L3|T35.6,A3|shared-data:ecmwf_ifs025+gfs_global+icon_global|-|precip_0830|L3|pooled=all-points|all|all,C3,imd_rf025,imd_0830,3,35.6,CORE M-RAIN Watch threshold,model-combination,ECMWF+ICON,2,82,35,insufficient sample,,,,,,23596,694,34,2024-02-06,2025-12-30,100.0,4.260491210569964e+17,"pooled: n >= 300, dates >= 60, points >= 10; per group n >= 100 and >= 10 reference events",exploratory,model-combination breakdown,,ECMWF+ICON (models at or above the threshold: ECMWF+ICON): insufficient sample (needs n >= 100 and >= 10 reference events). No value computed.
C3|model-combination|L3|T35.6,A3|shared-data:ecmwf_ifs025+gfs_global+icon_global|-|precip_0830|L3|pooled=all-points|all|all,C3,imd_rf025,imd_0830,3,35.6,CORE M-RAIN Watch threshold,model-combination,GFS,1,288,49,ok,0.170139,0.126306,0.214037,0.0,,23596,694,34,2024-02-06,2025-12-30,100.0,4.260491210569964e+17,"pooled: n >= 300, dates >= 60, points >= 10; per group n >= 100 and >= 10 reference events",exploratory,model-combination breakdown,,"In the archived sample (2024-02-06 to 2025-12-30, 34 archive points, IMD gridded rain-gauge analysis, 08:30-08:30 IST rain day, nominal lead 3), when 1 of 3 models forecast >= 35.6 mm (models at or above the threshold: GFS), the reference reached >= 35.6 mm on 49 of 288 days (observed frequency 0.170; 95% block-bootstrap interval 0.126 to 0.214)."
C3|model-combination|L3|T35.6,A3|shared-data:ecmwf_ifs025+gfs_global+icon_global|-|precip_0830|L3|pooled=all-points|all|all,C3,imd_rf025,imd_0830,3,35.6,CORE M-RAIN Watch threshold,model-combination,GFS+ICON,2,42,23,insufficient sample,,,,,,23596,694,34,2024-02-06,2025-12-30,100.0,4.260491210569964e+17,"pooled: n >= 300, dates >= 60, points >= 10; per group n >= 100 and >= 10 reference events",exploratory,model-combination breakdown,,GFS+ICON (models at or above the threshold: GFS+ICON): insufficient sample (needs n >= 100 and >= 10 reference events). No value computed.
C3|model-combination|L3|T35.6,A3|shared-data:ecmwf_ifs025+gfs_global+icon_global|-|precip_0830|L3|pooled=all-points|all|all,C3,imd_rf025,imd_0830,3,35.6,CORE M-RAIN Watch threshold,model-combination,ICON,1,244,57,ok,0.233607,0.182266,0.28295,0.0,,23596,694,34,2024-02-06,2025-12-30,100.0,4.260491210569964e+17,"pooled: n >= 300, dates >= 60, points >= 10; per group n >= 100 and >= 10 reference events",exploratory,model-combination breakdown,,"In the archived sample (2024-02-06 to 2025-12-30, 34 archive points, IMD gridded rain-gauge analysis, 08:30-08:30 IST rain day, nominal lead 3), when 1 of 3 models forecast >= 35.6 mm (models at or above the threshold: ICON), the reference reached >= 35.6 mm on 57 of 244 days (observed frequency 0.234; 95% block-bootstrap interval 0.182 to 0.283)."
C3|model-combination|L3|T64.5,A3|shared-data:ecmwf_ifs025+gfs_global+icon_global|-|precip_0830|L3|pooled=all-points|all|all,C3,imd_rf025,imd_0830,3,64.5,CORE M-RAIN Alert threshold,model-combination,ECMWF,1,77,17,insufficient sample,,,,,,23596,694,34,2024-02-06,2025-12-30,100.0,2.0313333263186263e+18,"pooled: n >= 300, dates >= 60, points >= 10; per group n >= 100 and >= 10 reference events",exploratory,model-combination breakdown,,ECMWF (models at or above the threshold: ECMWF): insufficient sample (needs n >= 100 and >= 10 reference events). No value computed.
C3|model-combination|L3|T64.5,A3|shared-data:ecmwf_ifs025+gfs_global+icon_global|-|precip_0830|L3|pooled=all-points|all|all,C3,imd_rf025,imd_0830,3,64.5,CORE M-RAIN Alert threshold,model-combination,ECMWF+GFS,2,12,5,insufficient sample,,,,,,23596,694,34,2024-02-06,2025-12-30,100.0,2.0313333263186263e+18,"pooled: n >= 300, dates >= 60, points >= 10; per group n >= 100 and >= 10 reference events",exploratory,model-combination breakdown,,ECMWF+GFS (models at or above the threshold: ECMWF+GFS): insufficient sample (needs n >= 100 and >= 10 reference events). No value computed.
C3|model-combination|L3|T64.5,A3|shared-data:ecmwf_ifs025+gfs_global+icon_global|-|precip_0830|L3|pooled=all-points|all|all,C3,imd_rf025,imd_0830,3,64.5,CORE M-RAIN Alert threshold,model-combination,ECMWF+ICON,2,15,4,insufficient sample,,,,,,23596,694,34,2024-02-06,2025-12-30,100.0,2.0313333263186263e+18,"pooled: n >= 300, dates >= 60, points >= 10; per group n >= 100 and >= 10 reference events",exploratory,model-combination breakdown,,ECMWF+ICON (models at or above the threshold: ECMWF+ICON): insufficient sample (needs n >= 100 and >= 10 reference events). No value computed.
C3|model-combination|L3|T64.5,A3|shared-data:ecmwf_ifs025+gfs_global+icon_global|-|precip_0830|L3|pooled=all-points|all|all,C3,imd_rf025,imd_0830,3,64.5,CORE M-RAIN Alert threshold,model-combination,GFS,1,102,17,ok,0.166667,0.093012,0.269397,0.0,,23596,694,34,2024-02-06,2025-12-30,100.0,2.0313333263186263e+18,"pooled: n >= 300, dates >= 60, points >= 10; per group n >= 100 and >= 10 reference events",exploratory,model-combination breakdown,,"In the archived sample (2024-02-06 to 2025-12-30, 34 archive points, IMD gridded rain-gauge analysis, 08:30-08:30 IST rain day, nominal lead 3), when 1 of 3 models forecast >= 64.5 mm (models at or above the threshold: GFS), the reference reached >= 64.5 mm on 17 of 102 days (observed frequency 0.167; 95% block-bootstrap interval 0.093 to 0.269)."
C3|model-combination|L3|T64.5,A3|shared-data:ecmwf_ifs025+gfs_global+icon_global|-|precip_0830|L3|pooled=all-points|all|all,C3,imd_rf025,imd_0830,3,64.5,CORE M-RAIN Alert threshold,model-combination,GFS+ICON,2,5,4,insufficient sample,,,,,,23596,694,34,2024-02-06,2025-12-30,100.0,2.0313333263186263e+18,"pooled: n >= 300, dates >= 60, points >= 10; per group n >= 100 and >= 10 reference events",exploratory,model-combination breakdown,,GFS+ICON (models at or above the threshold: GFS+ICON): insufficient sample (needs n >= 100 and >= 10 reference events). No value computed.
C3|model-combination|L3|T64.5,A3|shared-data:ecmwf_ifs025+gfs_global+icon_global|-|precip_0830|L3|pooled=all-points|all|all,C3,imd_rf025,imd_0830,3,64.5,CORE M-RAIN Alert threshold,model-combination,ICON,1,88,12,insufficient sample,,,,,,23596,694,34,2024-02-06,2025-12-30,100.0,2.0313333263186263e+18,"pooled: n >= 300, dates >= 60, points >= 10; per group n >= 100 and >= 10 reference events",exploratory,model-combination breakdown,,ICON (models at or above the threshold: ICON): insufficient sample (needs n >= 100 and >= 10 reference events). No value computed.
C3|model-combination|L3|T115.6,A3|shared-data:ecmwf_ifs025+gfs_global+icon_global|-|precip_0830|L3|pooled=all-points|all|all,C3,imd_rf025,imd_0830,3,115.6,CORE M-RAIN Severe threshold,model-combination,ECMWF,1,14,2,insufficient sample,,,,,,23596,694,34,2024-02-06,2025-12-30,,,"pooled: n >= 300, dates >= 60, points >= 10; per group n >= 100 and >= 10 reference events",exploratory,model-combination breakdown,,ECMWF (models at or above the threshold: ECMWF): insufficient sample (needs n >= 100 and >= 10 reference events). No value computed.
C3|model-combination|L3|T115.6,A3|shared-data:ecmwf_ifs025+gfs_global+icon_global|-|precip_0830|L3|pooled=all-points|all|all,C3,imd_rf025,imd_0830,3,115.6,CORE M-RAIN Severe threshold,model-combination,ECMWF+GFS,2,0,0,insufficient sample,,,,,,23596,694,34,2024-02-06,2025-12-30,,,"pooled: n >= 300, dates >= 60, points >= 10; per group n >= 100 and >= 10 reference events",exploratory,model-combination breakdown,,ECMWF+GFS (models at or above the threshold: ECMWF+GFS): insufficient sample (needs n >= 100 and >= 10 reference events). No value computed.
C3|model-combination|L3|T115.6,A3|shared-data:ecmwf_ifs025+gfs_global+icon_global|-|precip_0830|L3|pooled=all-points|all|all,C3,imd_rf025,imd_0830,3,115.6,CORE M-RAIN Severe threshold,model-combination,ECMWF+ICON,2,0,0,insufficient sample,,,,,,23596,694,34,2024-02-06,2025-12-30,,,"pooled: n >= 300, dates >= 60, points >= 10; per group n >= 100 and >= 10 reference events",exploratory,model-combination breakdown,,ECMWF+ICON (models at or above the threshold: ECMWF+ICON): insufficient sample (needs n >= 100 and >= 10 reference events). No value computed.
C3|model-combination|L3|T115.6,A3|shared-data:ecmwf_ifs025+gfs_global+icon_global|-|precip_0830|L3|pooled=all-points|all|all,C3,imd_rf025,imd_0830,3,115.6,CORE M-RAIN Severe threshold,model-combination,GFS,1,19,3,insufficient sample,,,,,,23596,694,34,2024-02-06,2025-12-30,,,"pooled: n >= 300, dates >= 60, points >= 10; per group n >= 100 and >= 10 reference events",exploratory,model-combination breakdown,,GFS (models at or above the threshold: GFS): insufficient sample (needs n >= 100 and >= 10 reference events). No value computed.
C3|model-combination|L3|T115.6,A3|shared-data:ecmwf_ifs025+gfs_global+icon_global|-|precip_0830|L3|pooled=all-points|all|all,C3,imd_rf025,imd_0830,3,115.6,CORE M-RAIN Severe threshold,model-combination,GFS+ICON,2,0,0,insufficient sample,,,,,,23596,694,34,2024-02-06,2025-12-30,,,"pooled: n >= 300, dates >= 60, points >= 10; per group n >= 100 and >= 10 reference events",exploratory,model-combination breakdown,,GFS+ICON (models at or above the threshold: GFS+ICON): insufficient sample (needs n >= 100 and >= 10 reference events). No value computed.
C3|model-combination|L3|T115.6,A3|shared-data:ecmwf_ifs025+gfs_global+icon_global|-|precip_0830|L3|pooled=all-points|all|all,C3,imd_rf025,imd_0830,3,115.6,CORE M-RAIN Severe threshold,model-combination,ICON,1,17,1,insufficient sample,,,,,,23596,694,34,2024-02-06,2025-12-30,,,"pooled: n >= 300, dates >= 60, points >= 10; per group n >= 100 and >= 10 reference events",exploratory,model-combination breakdown,,ICON (models at or above the threshold: ICON): insufficient sample (needs n >= 100 and >= 10 reference events). No value computed.
C3|model-combination|L4|T35.6,A3|shared-data:ecmwf_ifs025+gfs_global+icon_global|-|precip_0830|L4|pooled=all-points|all|all,C3,imd_rf025,imd_0830,4,35.6,CORE M-RAIN Watch threshold,model-combination,ECMWF,1,275,46,ok,0.167273,0.128662,0.210531,0.0,,23562,693,34,2024-02-07,2025-12-30,100.0,1.204759006373241e+19,"pooled: n >= 300, dates >= 60, points >= 10; per group n >= 100 and >= 10 reference events",exploratory,model-combination breakdown,,"In the archived sample (2024-02-07 to 2025-12-30, 34 archive points, IMD gridded rain-gauge analysis, 08:30-08:30 IST rain day, nominal lead 4), when 1 of 3 models forecast >= 35.6 mm (models at or above the threshold: ECMWF), the reference reached >= 35.6 mm on 46 of 275 days (observed frequency 0.167; 95% block-bootstrap interval 0.129 to 0.211)."
C3|model-combination|L4|T35.6,A3|shared-data:ecmwf_ifs025+gfs_global+icon_global|-|precip_0830|L4|pooled=all-points|all|all,C3,imd_rf025,imd_0830,4,35.6,CORE M-RAIN Watch threshold,model-combination,ECMWF+GFS,2,89,47,insufficient sample,,,,,,23562,693,34,2024-02-07,2025-12-30,100.0,1.204759006373241e+19,"pooled: n >= 300, dates >= 60, points >= 10; per group n >= 100 and >= 10 reference events",exploratory,model-combination breakdown,,ECMWF+GFS (models at or above the threshold: ECMWF+GFS): insufficient sample (needs n >= 100 and >= 10 reference events). No value computed.
C3|model-combination|L4|T35.6,A3|shared-data:ecmwf_ifs025+gfs_global+icon_global|-|precip_0830|L4|pooled=all-points|all|all,C3,imd_rf025,imd_0830,4,35.6,CORE M-RAIN Watch threshold,model-combination,ECMWF+ICON,2,74,29,insufficient sample,,,,,,23562,693,34,2024-02-07,2025-12-30,100.0,1.204759006373241e+19,"pooled: n >= 300, dates >= 60, points >= 10; per group n >= 100 and >= 10 reference events",exploratory,model-combination breakdown,,ECMWF+ICON (models at or above the threshold: ECMWF+ICON): insufficient sample (needs n >= 100 and >= 10 reference events). No value computed.
C3|model-combination|L4|T35.6,A3|shared-data:ecmwf_ifs025+gfs_global+icon_global|-|precip_0830|L4|pooled=all-points|all|all,C3,imd_rf025,imd_0830,4,35.6,CORE M-RAIN Watch threshold,model-combination,GFS,1,301,61,ok,0.202658,0.159002,0.237185,0.0,,23562,693,34,2024-02-07,2025-12-30,100.0,1.204759006373241e+19,"pooled: n >= 300, dates >= 60, points >= 10; per group n >= 100 and >= 10 reference events",exploratory,model-combination breakdown,,"In the archived sample (2024-02-07 to 2025-12-30, 34 archive points, IMD gridded rain-gauge analysis, 08:30-08:30 IST rain day, nominal lead 4), when 1 of 3 models forecast >= 35.6 mm (models at or above the threshold: GFS), the reference reached >= 35.6 mm on 61 of 301 days (observed frequency 0.203; 95% block-bootstrap interval 0.159 to 0.237)."
C3|model-combination|L4|T35.6,A3|shared-data:ecmwf_ifs025+gfs_global+icon_global|-|precip_0830|L4|pooled=all-points|all|all,C3,imd_rf025,imd_0830,4,35.6,CORE M-RAIN Watch threshold,model-combination,GFS+ICON,2,30,14,insufficient sample,,,,,,23562,693,34,2024-02-07,2025-12-30,100.0,1.204759006373241e+19,"pooled: n >= 300, dates >= 60, points >= 10; per group n >= 100 and >= 10 reference events",exploratory,model-combination breakdown,,GFS+ICON (models at or above the threshold: GFS+ICON): insufficient sample (needs n >= 100 and >= 10 reference events). No value computed.
C3|model-combination|L4|T35.6,A3|shared-data:ecmwf_ifs025+gfs_global+icon_global|-|precip_0830|L4|pooled=all-points|all|all,C3,imd_rf025,imd_0830,4,35.6,CORE M-RAIN Watch threshold,model-combination,ICON,1,219,46,ok,0.210046,0.152335,0.270753,0.0,,23562,693,34,2024-02-07,2025-12-30,100.0,1.204759006373241e+19,"pooled: n >= 300, dates >= 60, points >= 10; per group n >= 100 and >= 10 reference events",exploratory,model-combination breakdown,,"In the archived sample (2024-02-07 to 2025-12-30, 34 archive points, IMD gridded rain-gauge analysis, 08:30-08:30 IST rain day, nominal lead 4), when 1 of 3 models forecast >= 35.6 mm (models at or above the threshold: ICON), the reference reached >= 35.6 mm on 46 of 219 days (observed frequency 0.210; 95% block-bootstrap interval 0.152 to 0.271)."
C3|model-combination|L4|T64.5,A3|shared-data:ecmwf_ifs025+gfs_global+icon_global|-|precip_0830|L4|pooled=all-points|all|all,C3,imd_rf025,imd_0830,4,64.5,CORE M-RAIN Alert threshold,model-combination,ECMWF,1,76,9,insufficient sample,,,,,,23562,693,34,2024-02-07,2025-12-30,,,"pooled: n >= 300, dates >= 60, points >= 10; per group n >= 100 and >= 10 reference events",exploratory,model-combination breakdown,,ECMWF (models at or above the threshold: ECMWF): insufficient sample (needs n >= 100 and >= 10 reference events). No value computed.
C3|model-combination|L4|T64.5,A3|shared-data:ecmwf_ifs025+gfs_global+icon_global|-|precip_0830|L4|pooled=all-points|all|all,C3,imd_rf025,imd_0830,4,64.5,CORE M-RAIN Alert threshold,model-combination,ECMWF+GFS,2,14,4,insufficient sample,,,,,,23562,693,34,2024-02-07,2025-12-30,,,"pooled: n >= 300, dates >= 60, points >= 10; per group n >= 100 and >= 10 reference events",exploratory,model-combination breakdown,,ECMWF+GFS (models at or above the threshold: ECMWF+GFS): insufficient sample (needs n >= 100 and >= 10 reference events). No value computed.
C3|model-combination|L4|T64.5,A3|shared-data:ecmwf_ifs025+gfs_global+icon_global|-|precip_0830|L4|pooled=all-points|all|all,C3,imd_rf025,imd_0830,4,64.5,CORE M-RAIN Alert threshold,model-combination,ECMWF+ICON,2,15,5,insufficient sample,,,,,,23562,693,34,2024-02-07,2025-12-30,,,"pooled: n >= 300, dates >= 60, points >= 10; per group n >= 100 and >= 10 reference events",exploratory,model-combination breakdown,,ECMWF+ICON (models at or above the threshold: ECMWF+ICON): insufficient sample (needs n >= 100 and >= 10 reference events). No value computed.
C3|model-combination|L4|T64.5,A3|shared-data:ecmwf_ifs025+gfs_global+icon_global|-|precip_0830|L4|pooled=all-points|all|all,C3,imd_rf025,imd_0830,4,64.5,CORE M-RAIN Alert threshold,model-combination,GFS,1,94,12,insufficient sample,,,,,,23562,693,34,2024-02-07,2025-12-30,,,"pooled: n >= 300, dates >= 60, points >= 10; per group n >= 100 and >= 10 reference events",exploratory,model-combination breakdown,,GFS (models at or above the threshold: GFS): insufficient sample (needs n >= 100 and >= 10 reference events). No value computed.
C3|model-combination|L4|T64.5,A3|shared-data:ecmwf_ifs025+gfs_global+icon_global|-|precip_0830|L4|pooled=all-points|all|all,C3,imd_rf025,imd_0830,4,64.5,CORE M-RAIN Alert threshold,model-combination,GFS+ICON,2,5,4,insufficient sample,,,,,,23562,693,34,2024-02-07,2025-12-30,,,"pooled: n >= 300, dates >= 60, points >= 10; per group n >= 100 and >= 10 reference events",exploratory,model-combination breakdown,,GFS+ICON (models at or above the threshold: GFS+ICON): insufficient sample (needs n >= 100 and >= 10 reference events). No value computed.
C3|model-combination|L4|T64.5,A3|shared-data:ecmwf_ifs025+gfs_global+icon_global|-|precip_0830|L4|pooled=all-points|all|all,C3,imd_rf025,imd_0830,4,64.5,CORE M-RAIN Alert threshold,model-combination,ICON,1,73,10,insufficient sample,,,,,,23562,693,34,2024-02-07,2025-12-30,,,"pooled: n >= 300, dates >= 60, points >= 10; per group n >= 100 and >= 10 reference events",exploratory,model-combination breakdown,,ICON (models at or above the threshold: ICON): insufficient sample (needs n >= 100 and >= 10 reference events). No value computed.
C3|model-combination|L4|T115.6,A3|shared-data:ecmwf_ifs025+gfs_global+icon_global|-|precip_0830|L4|pooled=all-points|all|all,C3,imd_rf025,imd_0830,4,115.6,CORE M-RAIN Severe threshold,model-combination,ECMWF,1,13,2,insufficient sample,,,,,,23562,693,34,2024-02-07,2025-12-30,,,"pooled: n >= 300, dates >= 60, points >= 10; per group n >= 100 and >= 10 reference events",exploratory,model-combination breakdown,,ECMWF (models at or above the threshold: ECMWF): insufficient sample (needs n >= 100 and >= 10 reference events). No value computed.
C3|model-combination|L4|T115.6,A3|shared-data:ecmwf_ifs025+gfs_global+icon_global|-|precip_0830|L4|pooled=all-points|all|all,C3,imd_rf025,imd_0830,4,115.6,CORE M-RAIN Severe threshold,model-combination,ECMWF+GFS,2,0,0,insufficient sample,,,,,,23562,693,34,2024-02-07,2025-12-30,,,"pooled: n >= 300, dates >= 60, points >= 10; per group n >= 100 and >= 10 reference events",exploratory,model-combination breakdown,,ECMWF+GFS (models at or above the threshold: ECMWF+GFS): insufficient sample (needs n >= 100 and >= 10 reference events). No value computed.
C3|model-combination|L4|T115.6,A3|shared-data:ecmwf_ifs025+gfs_global+icon_global|-|precip_0830|L4|pooled=all-points|all|all,C3,imd_rf025,imd_0830,4,115.6,CORE M-RAIN Severe threshold,model-combination,ECMWF+ICON,2,1,0,insufficient sample,,,,,,23562,693,34,2024-02-07,2025-12-30,,,"pooled: n >= 300, dates >= 60, points >= 10; per group n >= 100 and >= 10 reference events",exploratory,model-combination breakdown,,ECMWF+ICON (models at or above the threshold: ECMWF+ICON): insufficient sample (needs n >= 100 and >= 10 reference events). No value computed.
C3|model-combination|L4|T115.6,A3|shared-data:ecmwf_ifs025+gfs_global+icon_global|-|precip_0830|L4|pooled=all-points|all|all,C3,imd_rf025,imd_0830,4,115.6,CORE M-RAIN Severe threshold,model-combination,GFS,1,30,0,insufficient sample,,,,,,23562,693,34,2024-02-07,2025-12-30,,,"pooled: n >= 300, dates >= 60, points >= 10; per group n >= 100 and >= 10 reference events",exploratory,model-combination breakdown,,GFS (models at or above the threshold: GFS): insufficient sample (needs n >= 100 and >= 10 reference events). No value computed.
C3|model-combination|L4|T115.6,A3|shared-data:ecmwf_ifs025+gfs_global+icon_global|-|precip_0830|L4|pooled=all-points|all|all,C3,imd_rf025,imd_0830,4,115.6,CORE M-RAIN Severe threshold,model-combination,GFS+ICON,2,0,0,insufficient sample,,,,,,23562,693,34,2024-02-07,2025-12-30,,,"pooled: n >= 300, dates >= 60, points >= 10; per group n >= 100 and >= 10 reference events",exploratory,model-combination breakdown,,GFS+ICON (models at or above the threshold: GFS+ICON): insufficient sample (needs n >= 100 and >= 10 reference events). No value computed.
C3|model-combination|L4|T115.6,A3|shared-data:ecmwf_ifs025+gfs_global+icon_global|-|precip_0830|L4|pooled=all-points|all|all,C3,imd_rf025,imd_0830,4,115.6,CORE M-RAIN Severe threshold,model-combination,ICON,1,16,1,insufficient sample,,,,,,23562,693,34,2024-02-07,2025-12-30,,,"pooled: n >= 300, dates >= 60, points >= 10; per group n >= 100 and >= 10 reference events",exploratory,model-combination breakdown,,ICON (models at or above the threshold: ICON): insufficient sample (needs n >= 100 and >= 10 reference events). No value computed.
C3|model-combination|L5|T35.6,A3|shared-data:ecmwf_ifs025+gfs_global+icon_global|-|precip_0830|L5|pooled=all-points|all|all,C3,imd_rf025,imd_0830,5,35.6,CORE M-RAIN Watch threshold,model-combination,ECMWF,1,370,92,ok,0.248649,0.194444,0.297824,0.0,,23528,692,34,2024-02-08,2025-12-30,99.0,1.362309017008819e+18,"pooled: n >= 300, dates >= 60, points >= 10; per group n >= 100 and >= 10 reference events",exploratory,model-combination breakdown; leads 5-6,GFS rainfall source representation changes at this lead range. The effect on the verification metric and on the model-agreement distribution is unresolved.,"In the archived sample (2024-02-08 to 2025-12-30, 34 archive points, IMD gridded rain-gauge analysis, 08:30-08:30 IST rain day, nominal lead 5), when 1 of 3 models forecast >= 35.6 mm (models at or above the threshold: ECMWF), the reference reached >= 35.6 mm on 92 of 370 days (observed frequency 0.249; 95% block-bootstrap interval 0.194 to 0.298)."
C3|model-combination|L5|T35.6,A3|shared-data:ecmwf_ifs025+gfs_global+icon_global|-|precip_0830|L5|pooled=all-points|all|all,C3,imd_rf025,imd_0830,5,35.6,CORE M-RAIN Watch threshold,model-combination,ECMWF+GFS,2,12,9,insufficient sample,,,,,,23528,692,34,2024-02-08,2025-12-30,99.0,1.362309017008819e+18,"pooled: n >= 300, dates >= 60, points >= 10; per group n >= 100 and >= 10 reference events",exploratory,model-combination breakdown; leads 5-6,GFS rainfall source representation changes at this lead range. The effect on the verification metric and on the model-agreement distribution is unresolved.,ECMWF+GFS (models at or above the threshold: ECMWF+GFS): insufficient sample (needs n >= 100 and >= 10 reference events). No value computed.
C3|model-combination|L5|T35.6,A3|shared-data:ecmwf_ifs025+gfs_global+icon_global|-|precip_0830|L5|pooled=all-points|all|all,C3,imd_rf025,imd_0830,5,35.6,CORE M-RAIN Watch threshold,model-combination,ECMWF+ICON,2,86,38,insufficient sample,,,,,,23528,692,34,2024-02-08,2025-12-30,99.0,1.362309017008819e+18,"pooled: n >= 300, dates >= 60, points >= 10; per group n >= 100 and >= 10 reference events",exploratory,model-combination breakdown; leads 5-6,GFS rainfall source representation changes at this lead range. The effect on the verification metric and on the model-agreement distribution is unresolved.,ECMWF+ICON (models at or above the threshold: ECMWF+ICON): insufficient sample (needs n >= 100 and >= 10 reference events). No value computed.
C3|model-combination|L5|T35.6,A3|shared-data:ecmwf_ifs025+gfs_global+icon_global|-|precip_0830|L5|pooled=all-points|all|all,C3,imd_rf025,imd_0830,5,35.6,CORE M-RAIN Watch threshold,model-combination,GFS,1,44,9,insufficient sample,,,,,,23528,692,34,2024-02-08,2025-12-30,99.0,1.362309017008819e+18,"pooled: n >= 300, dates >= 60, points >= 10; per group n >= 100 and >= 10 reference events",exploratory,model-combination breakdown; leads 5-6,GFS rainfall source representation changes at this lead range. The effect on the verification metric and on the model-agreement distribution is unresolved.,GFS (models at or above the threshold: GFS): insufficient sample (needs n >= 100 and >= 10 reference events). No value computed.
C3|model-combination|L5|T35.6,A3|shared-data:ecmwf_ifs025+gfs_global+icon_global|-|precip_0830|L5|pooled=all-points|all|all,C3,imd_rf025,imd_0830,5,35.6,CORE M-RAIN Watch threshold,model-combination,GFS+ICON,2,7,5,insufficient sample,,,,,,23528,692,34,2024-02-08,2025-12-30,99.0,1.362309017008819e+18,"pooled: n >= 300, dates >= 60, points >= 10; per group n >= 100 and >= 10 reference events",exploratory,model-combination breakdown; leads 5-6,GFS rainfall source representation changes at this lead range. The effect on the verification metric and on the model-agreement distribution is unresolved.,GFS+ICON (models at or above the threshold: GFS+ICON): insufficient sample (needs n >= 100 and >= 10 reference events). No value computed.
C3|model-combination|L5|T35.6,A3|shared-data:ecmwf_ifs025+gfs_global+icon_global|-|precip_0830|L5|pooled=all-points|all|all,C3,imd_rf025,imd_0830,5,35.6,CORE M-RAIN Watch threshold,model-combination,ICON,1,293,69,ok,0.235495,0.177017,0.294599,0.0,,23528,692,34,2024-02-08,2025-12-30,99.0,1.362309017008819e+18,"pooled: n >= 300, dates >= 60, points >= 10; per group n >= 100 and >= 10 reference events",exploratory,model-combination breakdown; leads 5-6,GFS rainfall source representation changes at this lead range. The effect on the verification metric and on the model-agreement distribution is unresolved.,"In the archived sample (2024-02-08 to 2025-12-30, 34 archive points, IMD gridded rain-gauge analysis, 08:30-08:30 IST rain day, nominal lead 5), when 1 of 3 models forecast >= 35.6 mm (models at or above the threshold: ICON), the reference reached >= 35.6 mm on 69 of 293 days (observed frequency 0.235; 95% block-bootstrap interval 0.177 to 0.295)."
C3|model-combination|L5|T64.5,A3|shared-data:ecmwf_ifs025+gfs_global+icon_global|-|precip_0830|L5|pooled=all-points|all|all,C3,imd_rf025,imd_0830,5,64.5,CORE M-RAIN Alert threshold,model-combination,ECMWF,1,100,12,ok,0.12,0.06849,0.178581,0.0,,23528,692,34,2024-02-08,2025-12-30,99.0,1.7398967324732555e+19,"pooled: n >= 300, dates >= 60, points >= 10; per group n >= 100 and >= 10 reference events",exploratory,model-combination breakdown; leads 5-6,GFS rainfall source representation changes at this lead range. The effect on the verification metric and on the model-agreement distribution is unresolved.,"In the archived sample (2024-02-08 to 2025-12-30, 34 archive points, IMD gridded rain-gauge analysis, 08:30-08:30 IST rain day, nominal lead 5), when 1 of 3 models forecast >= 64.5 mm (models at or above the threshold: ECMWF), the reference reached >= 64.5 mm on 12 of 100 days (observed frequency 0.120; 95% block-bootstrap interval 0.068 to 0.179)."
C3|model-combination|L5|T64.5,A3|shared-data:ecmwf_ifs025+gfs_global+icon_global|-|precip_0830|L5|pooled=all-points|all|all,C3,imd_rf025,imd_0830,5,64.5,CORE M-RAIN Alert threshold,model-combination,ECMWF+GFS,2,1,1,insufficient sample,,,,,,23528,692,34,2024-02-08,2025-12-30,99.0,1.7398967324732555e+19,"pooled: n >= 300, dates >= 60, points >= 10; per group n >= 100 and >= 10 reference events",exploratory,model-combination breakdown; leads 5-6,GFS rainfall source representation changes at this lead range. The effect on the verification metric and on the model-agreement distribution is unresolved.,ECMWF+GFS (models at or above the threshold: ECMWF+GFS): insufficient sample (needs n >= 100 and >= 10 reference events). No value computed.
C3|model-combination|L5|T64.5,A3|shared-data:ecmwf_ifs025+gfs_global+icon_global|-|precip_0830|L5|pooled=all-points|all|all,C3,imd_rf025,imd_0830,5,64.5,CORE M-RAIN Alert threshold,model-combination,ECMWF+ICON,2,14,4,insufficient sample,,,,,,23528,692,34,2024-02-08,2025-12-30,99.0,1.7398967324732555e+19,"pooled: n >= 300, dates >= 60, points >= 10; per group n >= 100 and >= 10 reference events",exploratory,model-combination breakdown; leads 5-6,GFS rainfall source representation changes at this lead range. The effect on the verification metric and on the model-agreement distribution is unresolved.,ECMWF+ICON (models at or above the threshold: ECMWF+ICON): insufficient sample (needs n >= 100 and >= 10 reference events). No value computed.
C3|model-combination|L5|T64.5,A3|shared-data:ecmwf_ifs025+gfs_global+icon_global|-|precip_0830|L5|pooled=all-points|all|all,C3,imd_rf025,imd_0830,5,64.5,CORE M-RAIN Alert threshold,model-combination,GFS,1,12,2,insufficient sample,,,,,,23528,692,34,2024-02-08,2025-12-30,99.0,1.7398967324732555e+19,"pooled: n >= 300, dates >= 60, points >= 10; per group n >= 100 and >= 10 reference events",exploratory,model-combination breakdown; leads 5-6,GFS rainfall source representation changes at this lead range. The effect on the verification metric and on the model-agreement distribution is unresolved.,GFS (models at or above the threshold: GFS): insufficient sample (needs n >= 100 and >= 10 reference events). No value computed.
C3|model-combination|L5|T64.5,A3|shared-data:ecmwf_ifs025+gfs_global+icon_global|-|precip_0830|L5|pooled=all-points|all|all,C3,imd_rf025,imd_0830,5,64.5,CORE M-RAIN Alert threshold,model-combination,GFS+ICON,2,0,0,insufficient sample,,,,,,23528,692,34,2024-02-08,2025-12-30,99.0,1.7398967324732555e+19,"pooled: n >= 300, dates >= 60, points >= 10; per group n >= 100 and >= 10 reference events",exploratory,model-combination breakdown; leads 5-6,GFS rainfall source representation changes at this lead range. The effect on the verification metric and on the model-agreement distribution is unresolved.,GFS+ICON (models at or above the threshold: GFS+ICON): insufficient sample (needs n >= 100 and >= 10 reference events). No value computed.
C3|model-combination|L5|T64.5,A3|shared-data:ecmwf_ifs025+gfs_global+icon_global|-|precip_0830|L5|pooled=all-points|all|all,C3,imd_rf025,imd_0830,5,64.5,CORE M-RAIN Alert threshold,model-combination,ICON,1,88,16,insufficient sample,,,,,,23528,692,34,2024-02-08,2025-12-30,99.0,1.7398967324732555e+19,"pooled: n >= 300, dates >= 60, points >= 10; per group n >= 100 and >= 10 reference events",exploratory,model-combination breakdown; leads 5-6,GFS rainfall source representation changes at this lead range. The effect on the verification metric and on the model-agreement distribution is unresolved.,ICON (models at or above the threshold: ICON): insufficient sample (needs n >= 100 and >= 10 reference events). No value computed.
C3|model-combination|L5|T115.6,A3|shared-data:ecmwf_ifs025+gfs_global+icon_global|-|precip_0830|L5|pooled=all-points|all|all,C3,imd_rf025,imd_0830,5,115.6,CORE M-RAIN Severe threshold,model-combination,ECMWF,1,17,0,insufficient sample,,,,,,23528,692,34,2024-02-08,2025-12-30,,,"pooled: n >= 300, dates >= 60, points >= 10; per group n >= 100 and >= 10 reference events",exploratory,model-combination breakdown; leads 5-6,GFS rainfall source representation changes at this lead range. The effect on the verification metric and on the model-agreement distribution is unresolved.,ECMWF (models at or above the threshold: ECMWF): insufficient sample (needs n >= 100 and >= 10 reference events). No value computed.
C3|model-combination|L5|T115.6,A3|shared-data:ecmwf_ifs025+gfs_global+icon_global|-|precip_0830|L5|pooled=all-points|all|all,C3,imd_rf025,imd_0830,5,115.6,CORE M-RAIN Severe threshold,model-combination,ECMWF+GFS,2,0,0,insufficient sample,,,,,,23528,692,34,2024-02-08,2025-12-30,,,"pooled: n >= 300, dates >= 60, points >= 10; per group n >= 100 and >= 10 reference events",exploratory,model-combination breakdown; leads 5-6,GFS rainfall source representation changes at this lead range. The effect on the verification metric and on the model-agreement distribution is unresolved.,ECMWF+GFS (models at or above the threshold: ECMWF+GFS): insufficient sample (needs n >= 100 and >= 10 reference events). No value computed.
C3|model-combination|L5|T115.6,A3|shared-data:ecmwf_ifs025+gfs_global+icon_global|-|precip_0830|L5|pooled=all-points|all|all,C3,imd_rf025,imd_0830,5,115.6,CORE M-RAIN Severe threshold,model-combination,ECMWF+ICON,2,2,2,insufficient sample,,,,,,23528,692,34,2024-02-08,2025-12-30,,,"pooled: n >= 300, dates >= 60, points >= 10; per group n >= 100 and >= 10 reference events",exploratory,model-combination breakdown; leads 5-6,GFS rainfall source representation changes at this lead range. The effect on the verification metric and on the model-agreement distribution is unresolved.,ECMWF+ICON (models at or above the threshold: ECMWF+ICON): insufficient sample (needs n >= 100 and >= 10 reference events). No value computed.
C3|model-combination|L5|T115.6,A3|shared-data:ecmwf_ifs025+gfs_global+icon_global|-|precip_0830|L5|pooled=all-points|all|all,C3,imd_rf025,imd_0830,5,115.6,CORE M-RAIN Severe threshold,model-combination,GFS,1,0,0,insufficient sample,,,,,,23528,692,34,2024-02-08,2025-12-30,,,"pooled: n >= 300, dates >= 60, points >= 10; per group n >= 100 and >= 10 reference events",exploratory,model-combination breakdown; leads 5-6,GFS rainfall source representation changes at this lead range. The effect on the verification metric and on the model-agreement distribution is unresolved.,GFS (models at or above the threshold: GFS): insufficient sample (needs n >= 100 and >= 10 reference events). No value computed.
C3|model-combination|L5|T115.6,A3|shared-data:ecmwf_ifs025+gfs_global+icon_global|-|precip_0830|L5|pooled=all-points|all|all,C3,imd_rf025,imd_0830,5,115.6,CORE M-RAIN Severe threshold,model-combination,GFS+ICON,2,0,0,insufficient sample,,,,,,23528,692,34,2024-02-08,2025-12-30,,,"pooled: n >= 300, dates >= 60, points >= 10; per group n >= 100 and >= 10 reference events",exploratory,model-combination breakdown; leads 5-6,GFS rainfall source representation changes at this lead range. The effect on the verification metric and on the model-agreement distribution is unresolved.,GFS+ICON (models at or above the threshold: GFS+ICON): insufficient sample (needs n >= 100 and >= 10 reference events). No value computed.
C3|model-combination|L5|T115.6,A3|shared-data:ecmwf_ifs025+gfs_global+icon_global|-|precip_0830|L5|pooled=all-points|all|all,C3,imd_rf025,imd_0830,5,115.6,CORE M-RAIN Severe threshold,model-combination,ICON,1,26,3,insufficient sample,,,,,,23528,692,34,2024-02-08,2025-12-30,,,"pooled: n >= 300, dates >= 60, points >= 10; per group n >= 100 and >= 10 reference events",exploratory,model-combination breakdown; leads 5-6,GFS rainfall source representation changes at this lead range. The effect on the verification metric and on the model-agreement distribution is unresolved.,ICON (models at or above the threshold: ICON): insufficient sample (needs n >= 100 and >= 10 reference events). No value computed.
C3|model-combination|L6|T35.6,A3|shared-data:ecmwf_ifs025+gfs_global+icon_global|-|precip_0830|L6|pooled=all-points|all|all,C3,imd_rf025,imd_0830,6,35.6,CORE M-RAIN Watch threshold,model-combination,ECMWF,1,365,95,ok,0.260274,0.190215,0.333355,0.0,,23494,691,34,2024-02-09,2025-12-30,99.0,1.2346995948012964e+19,"pooled: n >= 300, dates >= 60, points >= 10; per group n >= 100 and >= 10 reference events",exploratory,model-combination breakdown; leads 5-6,GFS rainfall source representation changes at this lead range. The effect on the verification metric and on the model-agreement distribution is unresolved.,"In the archived sample (2024-02-09 to 2025-12-30, 34 archive points, IMD gridded rain-gauge analysis, 08:30-08:30 IST rain day, nominal lead 6), when 1 of 3 models forecast >= 35.6 mm (models at or above the threshold: ECMWF), the reference reached >= 35.6 mm on 95 of 365 days (observed frequency 0.260; 95% block-bootstrap interval 0.190 to 0.333)."
C3|model-combination|L6|T35.6,A3|shared-data:ecmwf_ifs025+gfs_global+icon_global|-|precip_0830|L6|pooled=all-points|all|all,C3,imd_rf025,imd_0830,6,35.6,CORE M-RAIN Watch threshold,model-combination,ECMWF+GFS,2,4,2,insufficient sample,,,,,,23494,691,34,2024-02-09,2025-12-30,99.0,1.2346995948012964e+19,"pooled: n >= 300, dates >= 60, points >= 10; per group n >= 100 and >= 10 reference events",exploratory,model-combination breakdown; leads 5-6,GFS rainfall source representation changes at this lead range. The effect on the verification metric and on the model-agreement distribution is unresolved.,ECMWF+GFS (models at or above the threshold: ECMWF+GFS): insufficient sample (needs n >= 100 and >= 10 reference events). No value computed.
C3|model-combination|L6|T35.6,A3|shared-data:ecmwf_ifs025+gfs_global+icon_global|-|precip_0830|L6|pooled=all-points|all|all,C3,imd_rf025,imd_0830,6,35.6,CORE M-RAIN Watch threshold,model-combination,ECMWF+ICON,2,109,41,ok,0.376147,0.276589,0.452248,0.0,,23494,691,34,2024-02-09,2025-12-30,99.0,1.2346995948012964e+19,"pooled: n >= 300, dates >= 60, points >= 10; per group n >= 100 and >= 10 reference events",exploratory,model-combination breakdown; leads 5-6,GFS rainfall source representation changes at this lead range. The effect on the verification metric and on the model-agreement distribution is unresolved.,"In the archived sample (2024-02-09 to 2025-12-30, 34 archive points, IMD gridded rain-gauge analysis, 08:30-08:30 IST rain day, nominal lead 6), when 2 of 3 models forecast >= 35.6 mm (models at or above the threshold: ECMWF+ICON), the reference reached >= 35.6 mm on 41 of 109 days (observed frequency 0.376; 95% block-bootstrap interval 0.277 to 0.452)."
C3|model-combination|L6|T35.6,A3|shared-data:ecmwf_ifs025+gfs_global+icon_global|-|precip_0830|L6|pooled=all-points|all|all,C3,imd_rf025,imd_0830,6,35.6,CORE M-RAIN Watch threshold,model-combination,GFS,1,26,6,insufficient sample,,,,,,23494,691,34,2024-02-09,2025-12-30,99.0,1.2346995948012964e+19,"pooled: n >= 300, dates >= 60, points >= 10; per group n >= 100 and >= 10 reference events",exploratory,model-combination breakdown; leads 5-6,GFS rainfall source representation changes at this lead range. The effect on the verification metric and on the model-agreement distribution is unresolved.,GFS (models at or above the threshold: GFS): insufficient sample (needs n >= 100 and >= 10 reference events). No value computed.
C3|model-combination|L6|T35.6,A3|shared-data:ecmwf_ifs025+gfs_global+icon_global|-|precip_0830|L6|pooled=all-points|all|all,C3,imd_rf025,imd_0830,6,35.6,CORE M-RAIN Watch threshold,model-combination,GFS+ICON,2,1,1,insufficient sample,,,,,,23494,691,34,2024-02-09,2025-12-30,99.0,1.2346995948012964e+19,"pooled: n >= 300, dates >= 60, points >= 10; per group n >= 100 and >= 10 reference events",exploratory,model-combination breakdown; leads 5-6,GFS rainfall source representation changes at this lead range. The effect on the verification metric and on the model-agreement distribution is unresolved.,GFS+ICON (models at or above the threshold: GFS+ICON): insufficient sample (needs n >= 100 and >= 10 reference events). No value computed.
C3|model-combination|L6|T35.6,A3|shared-data:ecmwf_ifs025+gfs_global+icon_global|-|precip_0830|L6|pooled=all-points|all|all,C3,imd_rf025,imd_0830,6,35.6,CORE M-RAIN Watch threshold,model-combination,ICON,1,285,60,ok,0.210526,0.160142,0.262964,0.0,,23494,691,34,2024-02-09,2025-12-30,99.0,1.2346995948012964e+19,"pooled: n >= 300, dates >= 60, points >= 10; per group n >= 100 and >= 10 reference events",exploratory,model-combination breakdown; leads 5-6,GFS rainfall source representation changes at this lead range. The effect on the verification metric and on the model-agreement distribution is unresolved.,"In the archived sample (2024-02-09 to 2025-12-30, 34 archive points, IMD gridded rain-gauge analysis, 08:30-08:30 IST rain day, nominal lead 6), when 1 of 3 models forecast >= 35.6 mm (models at or above the threshold: ICON), the reference reached >= 35.6 mm on 60 of 285 days (observed frequency 0.211; 95% block-bootstrap interval 0.160 to 0.263)."
C3|model-combination|L6|T64.5,A3|shared-data:ecmwf_ifs025+gfs_global+icon_global|-|precip_0830|L6|pooled=all-points|all|all,C3,imd_rf025,imd_0830,6,64.5,CORE M-RAIN Alert threshold,model-combination,ECMWF,1,88,14,insufficient sample,,,,,,23494,691,34,2024-02-09,2025-12-30,99.0,1.5115461367557732e+19,"pooled: n >= 300, dates >= 60, points >= 10; per group n >= 100 and >= 10 reference events",exploratory,model-combination breakdown; leads 5-6,GFS rainfall source representation changes at this lead range. The effect on the verification metric and on the model-agreement distribution is unresolved.,ECMWF (models at or above the threshold: ECMWF): insufficient sample (needs n >= 100 and >= 10 reference events). No value computed.
C3|model-combination|L6|T64.5,A3|shared-data:ecmwf_ifs025+gfs_global+icon_global|-|precip_0830|L6|pooled=all-points|all|all,C3,imd_rf025,imd_0830,6,64.5,CORE M-RAIN Alert threshold,model-combination,ECMWF+GFS,2,1,1,insufficient sample,,,,,,23494,691,34,2024-02-09,2025-12-30,99.0,1.5115461367557732e+19,"pooled: n >= 300, dates >= 60, points >= 10; per group n >= 100 and >= 10 reference events",exploratory,model-combination breakdown; leads 5-6,GFS rainfall source representation changes at this lead range. The effect on the verification metric and on the model-agreement distribution is unresolved.,ECMWF+GFS (models at or above the threshold: ECMWF+GFS): insufficient sample (needs n >= 100 and >= 10 reference events). No value computed.
C3|model-combination|L6|T64.5,A3|shared-data:ecmwf_ifs025+gfs_global+icon_global|-|precip_0830|L6|pooled=all-points|all|all,C3,imd_rf025,imd_0830,6,64.5,CORE M-RAIN Alert threshold,model-combination,ECMWF+ICON,2,12,3,insufficient sample,,,,,,23494,691,34,2024-02-09,2025-12-30,99.0,1.5115461367557732e+19,"pooled: n >= 300, dates >= 60, points >= 10; per group n >= 100 and >= 10 reference events",exploratory,model-combination breakdown; leads 5-6,GFS rainfall source representation changes at this lead range. The effect on the verification metric and on the model-agreement distribution is unresolved.,ECMWF+ICON (models at or above the threshold: ECMWF+ICON): insufficient sample (needs n >= 100 and >= 10 reference events). No value computed.
C3|model-combination|L6|T64.5,A3|shared-data:ecmwf_ifs025+gfs_global+icon_global|-|precip_0830|L6|pooled=all-points|all|all,C3,imd_rf025,imd_0830,6,64.5,CORE M-RAIN Alert threshold,model-combination,GFS,1,0,0,insufficient sample,,,,,,23494,691,34,2024-02-09,2025-12-30,99.0,1.5115461367557732e+19,"pooled: n >= 300, dates >= 60, points >= 10; per group n >= 100 and >= 10 reference events",exploratory,model-combination breakdown; leads 5-6,GFS rainfall source representation changes at this lead range. The effect on the verification metric and on the model-agreement distribution is unresolved.,GFS (models at or above the threshold: GFS): insufficient sample (needs n >= 100 and >= 10 reference events). No value computed.
C3|model-combination|L6|T64.5,A3|shared-data:ecmwf_ifs025+gfs_global+icon_global|-|precip_0830|L6|pooled=all-points|all|all,C3,imd_rf025,imd_0830,6,64.5,CORE M-RAIN Alert threshold,model-combination,GFS+ICON,2,0,0,insufficient sample,,,,,,23494,691,34,2024-02-09,2025-12-30,99.0,1.5115461367557732e+19,"pooled: n >= 300, dates >= 60, points >= 10; per group n >= 100 and >= 10 reference events",exploratory,model-combination breakdown; leads 5-6,GFS rainfall source representation changes at this lead range. The effect on the verification metric and on the model-agreement distribution is unresolved.,GFS+ICON (models at or above the threshold: GFS+ICON): insufficient sample (needs n >= 100 and >= 10 reference events). No value computed.
C3|model-combination|L6|T64.5,A3|shared-data:ecmwf_ifs025+gfs_global+icon_global|-|precip_0830|L6|pooled=all-points|all|all,C3,imd_rf025,imd_0830,6,64.5,CORE M-RAIN Alert threshold,model-combination,ICON,1,102,14,ok,0.137255,0.075437,0.206294,0.0,,23494,691,34,2024-02-09,2025-12-30,99.0,1.5115461367557732e+19,"pooled: n >= 300, dates >= 60, points >= 10; per group n >= 100 and >= 10 reference events",exploratory,model-combination breakdown; leads 5-6,GFS rainfall source representation changes at this lead range. The effect on the verification metric and on the model-agreement distribution is unresolved.,"In the archived sample (2024-02-09 to 2025-12-30, 34 archive points, IMD gridded rain-gauge analysis, 08:30-08:30 IST rain day, nominal lead 6), when 1 of 3 models forecast >= 64.5 mm (models at or above the threshold: ICON), the reference reached >= 64.5 mm on 14 of 102 days (observed frequency 0.137; 95% block-bootstrap interval 0.075 to 0.206)."
C3|model-combination|L6|T115.6,A3|shared-data:ecmwf_ifs025+gfs_global+icon_global|-|precip_0830|L6|pooled=all-points|all|all,C3,imd_rf025,imd_0830,6,115.6,CORE M-RAIN Severe threshold,model-combination,ECMWF,1,12,1,insufficient sample,,,,,,23494,691,34,2024-02-09,2025-12-30,,,"pooled: n >= 300, dates >= 60, points >= 10; per group n >= 100 and >= 10 reference events",exploratory,model-combination breakdown; leads 5-6,GFS rainfall source representation changes at this lead range. The effect on the verification metric and on the model-agreement distribution is unresolved.,ECMWF (models at or above the threshold: ECMWF): insufficient sample (needs n >= 100 and >= 10 reference events). No value computed.
C3|model-combination|L6|T115.6,A3|shared-data:ecmwf_ifs025+gfs_global+icon_global|-|precip_0830|L6|pooled=all-points|all|all,C3,imd_rf025,imd_0830,6,115.6,CORE M-RAIN Severe threshold,model-combination,ECMWF+GFS,2,0,0,insufficient sample,,,,,,23494,691,34,2024-02-09,2025-12-30,,,"pooled: n >= 300, dates >= 60, points >= 10; per group n >= 100 and >= 10 reference events",exploratory,model-combination breakdown; leads 5-6,GFS rainfall source representation changes at this lead range. The effect on the verification metric and on the model-agreement distribution is unresolved.,ECMWF+GFS (models at or above the threshold: ECMWF+GFS): insufficient sample (needs n >= 100 and >= 10 reference events). No value computed.
C3|model-combination|L6|T115.6,A3|shared-data:ecmwf_ifs025+gfs_global+icon_global|-|precip_0830|L6|pooled=all-points|all|all,C3,imd_rf025,imd_0830,6,115.6,CORE M-RAIN Severe threshold,model-combination,ECMWF+ICON,2,3,0,insufficient sample,,,,,,23494,691,34,2024-02-09,2025-12-30,,,"pooled: n >= 300, dates >= 60, points >= 10; per group n >= 100 and >= 10 reference events",exploratory,model-combination breakdown; leads 5-6,GFS rainfall source representation changes at this lead range. The effect on the verification metric and on the model-agreement distribution is unresolved.,ECMWF+ICON (models at or above the threshold: ECMWF+ICON): insufficient sample (needs n >= 100 and >= 10 reference events). No value computed.
C3|model-combination|L6|T115.6,A3|shared-data:ecmwf_ifs025+gfs_global+icon_global|-|precip_0830|L6|pooled=all-points|all|all,C3,imd_rf025,imd_0830,6,115.6,CORE M-RAIN Severe threshold,model-combination,GFS,1,0,0,insufficient sample,,,,,,23494,691,34,2024-02-09,2025-12-30,,,"pooled: n >= 300, dates >= 60, points >= 10; per group n >= 100 and >= 10 reference events",exploratory,model-combination breakdown; leads 5-6,GFS rainfall source representation changes at this lead range. The effect on the verification metric and on the model-agreement distribution is unresolved.,GFS (models at or above the threshold: GFS): insufficient sample (needs n >= 100 and >= 10 reference events). No value computed.
C3|model-combination|L6|T115.6,A3|shared-data:ecmwf_ifs025+gfs_global+icon_global|-|precip_0830|L6|pooled=all-points|all|all,C3,imd_rf025,imd_0830,6,115.6,CORE M-RAIN Severe threshold,model-combination,GFS+ICON,2,0,0,insufficient sample,,,,,,23494,691,34,2024-02-09,2025-12-30,,,"pooled: n >= 300, dates >= 60, points >= 10; per group n >= 100 and >= 10 reference events",exploratory,model-combination breakdown; leads 5-6,GFS rainfall source representation changes at this lead range. The effect on the verification metric and on the model-agreement distribution is unresolved.,GFS+ICON (models at or above the threshold: GFS+ICON): insufficient sample (needs n >= 100 and >= 10 reference events). No value computed.
C3|model-combination|L6|T115.6,A3|shared-data:ecmwf_ifs025+gfs_global+icon_global|-|precip_0830|L6|pooled=all-points|all|all,C3,imd_rf025,imd_0830,6,115.6,CORE M-RAIN Severe threshold,model-combination,ICON,1,24,1,insufficient sample,,,,,,23494,691,34,2024-02-09,2025-12-30,,,"pooled: n >= 300, dates >= 60, points >= 10; per group n >= 100 and >= 10 reference events",exploratory,model-combination breakdown; leads 5-6,GFS rainfall source representation changes at this lead range. The effect on the verification metric and on the model-agreement distribution is unresolved.,ICON (models at or above the threshold: ICON): insufficient sample (needs n >= 100 and >= 10 reference events). No value computed.
C4|k-groups|L1|T35.6,A4|shared-data:ecmwf_ifs025+gfs_global+icon_global|-|precip|L1|pooled=all-points|all|all,C4,era5,ist_day,1,35.6,CORE M-RAIN Watch threshold,k-groups,k=0,0,32298,351,ok,0.010868,0.008645,0.013322,0.0,,33660,935,36,2024-02-05,2026-08-31,135.0,3.0700049110237015e+18,"pooled: n >= 300, dates >= 60, points >= 10; per group n >= 100 and >= 10 reference events",secondary,"ERA5 reference (secondary), pooled, all seasons, leads 1-4",,"In the archived sample (2024-02-05 to 2026-08-31, 36 archive points, ERA5 reanalysis, IST calendar day, nominal lead 1), when 0 of 3 models forecast >= 35.6 mm, the reference reached >= 35.6 mm on 351 of 32298 days (observed frequency 0.011; 95% block-bootstrap interval 0.009 to 0.013)."
C4|k-groups|L1|T35.6,A4|shared-data:ecmwf_ifs025+gfs_global+icon_global|-|precip|L1|pooled=all-points|all|all,C4,era5,ist_day,1,35.6,CORE M-RAIN Watch threshold,k-groups,k=1,1,939,210,ok,0.223642,0.19547,0.2522,0.0,,33660,935,36,2024-02-05,2026-08-31,135.0,3.0700049110237015e+18,"pooled: n >= 300, dates >= 60, points >= 10; per group n >= 100 and >= 10 reference events",secondary,"ERA5 reference (secondary), pooled, all seasons, leads 1-4",,"In the archived sample (2024-02-05 to 2026-08-31, 36 archive points, ERA5 reanalysis, IST calendar day, nominal lead 1), when 1 of 3 models forecast >= 35.6 mm, the reference reached >= 35.6 mm on 210 of 939 days (observed frequency 0.224; 95% block-bootstrap interval 0.195 to 0.252)."
C4|k-groups|L1|T35.6,A4|shared-data:ecmwf_ifs025+gfs_global+icon_global|-|precip|L1|pooled=all-points|all|all,C4,era5,ist_day,1,35.6,CORE M-RAIN Watch threshold,k-groups,k=2,2,292,151,ok,0.517123,0.457487,0.574248,0.0,,33660,935,36,2024-02-05,2026-08-31,135.0,3.0700049110237015e+18,"pooled: n >= 300, dates >= 60, points >= 10; per group n >= 100 and >= 10 reference events",secondary,"ERA5 reference (secondary), pooled, all seasons, leads 1-4",,"In the archived sample (2024-02-05 to 2026-08-31, 36 archive points, ERA5 reanalysis, IST calendar day, nominal lead 1), when 2 of 3 models forecast >= 35.6 mm, the reference reached >= 35.6 mm on 151 of 292 days (observed frequency 0.517; 95% block-bootstrap interval 0.457 to 0.574)."
C4|k-groups|L1|T35.6,A4|shared-data:ecmwf_ifs025+gfs_global+icon_global|-|precip|L1|pooled=all-points|all|all,C4,era5,ist_day,1,35.6,CORE M-RAIN Watch threshold,k-groups,k=3,3,131,108,ok,0.824427,0.751876,0.881901,0.0,,33660,935,36,2024-02-05,2026-08-31,135.0,3.0700049110237015e+18,"pooled: n >= 300, dates >= 60, points >= 10; per group n >= 100 and >= 10 reference events",secondary,"ERA5 reference (secondary), pooled, all seasons, leads 1-4",,"In the archived sample (2024-02-05 to 2026-08-31, 36 archive points, ERA5 reanalysis, IST calendar day, nominal lead 1), when 3 of 3 models forecast >= 35.6 mm, the reference reached >= 35.6 mm on 108 of 131 days (observed frequency 0.824; 95% block-bootstrap interval 0.752 to 0.882)."
C4|k-groups|L1|T64.5,A4|shared-data:ecmwf_ifs025+gfs_global+icon_global|-|precip|L1|pooled=all-points|all|all,C4,era5,ist_day,1,64.5,CORE M-RAIN Alert threshold,k-groups,k=0,0,33288,136,ok,0.004086,0.003081,0.00525,0.0,,33660,935,36,2024-02-05,2026-08-31,135.0,1.5828418511944114e+19,"pooled: n >= 300, dates >= 60, points >= 10; per group n >= 100 and >= 10 reference events",secondary,"ERA5 reference (secondary), pooled, all seasons, leads 1-4",,"In the archived sample (2024-02-05 to 2026-08-31, 36 archive points, ERA5 reanalysis, IST calendar day, nominal lead 1), when 0 of 3 models forecast >= 64.5 mm, the reference reached >= 64.5 mm on 136 of 33288 days (observed frequency 0.004; 95% block-bootstrap interval 0.003 to 0.005)."
C4|k-groups|L1|T64.5,A4|shared-data:ecmwf_ifs025+gfs_global+icon_global|-|precip|L1|pooled=all-points|all|all,C4,era5,ist_day,1,64.5,CORE M-RAIN Alert threshold,k-groups,k=1,1,297,60,ok,0.20202,0.155059,0.246918,0.0,,33660,935,36,2024-02-05,2026-08-31,135.0,1.5828418511944114e+19,"pooled: n >= 300, dates >= 60, points >= 10; per group n >= 100 and >= 10 reference events",secondary,"ERA5 reference (secondary), pooled, all seasons, leads 1-4",,"In the archived sample (2024-02-05 to 2026-08-31, 36 archive points, ERA5 reanalysis, IST calendar day, nominal lead 1), when 1 of 3 models forecast >= 64.5 mm, the reference reached >= 64.5 mm on 60 of 297 days (observed frequency 0.202; 95% block-bootstrap interval 0.155 to 0.247)."
C4|k-groups|L1|T64.5,A4|shared-data:ecmwf_ifs025+gfs_global+icon_global|-|precip|L1|pooled=all-points|all|all,C4,era5,ist_day,1,64.5,CORE M-RAIN Alert threshold,k-groups,k=2,2,56,25,insufficient sample,,,,,,33660,935,36,2024-02-05,2026-08-31,135.0,1.5828418511944114e+19,"pooled: n >= 300, dates >= 60, points >= 10; per group n >= 100 and >= 10 reference events",secondary,"ERA5 reference (secondary), pooled, all seasons, leads 1-4",,k=2: insufficient sample (needs n >= 100 and >= 10 reference events). No value computed.
C4|k-groups|L1|T64.5,A4|shared-data:ecmwf_ifs025+gfs_global+icon_global|-|precip|L1|pooled=all-points|all|all,C4,era5,ist_day,1,64.5,CORE M-RAIN Alert threshold,k-groups,k=3,3,19,13,insufficient sample,,,,,,33660,935,36,2024-02-05,2026-08-31,135.0,1.5828418511944114e+19,"pooled: n >= 300, dates >= 60, points >= 10; per group n >= 100 and >= 10 reference events",secondary,"ERA5 reference (secondary), pooled, all seasons, leads 1-4",,k=3: insufficient sample (needs n >= 100 and >= 10 reference events). No value computed.
C4|k-groups|L1|T115.6,A4|shared-data:ecmwf_ifs025+gfs_global+icon_global|-|precip|L1|pooled=all-points|all|all,C4,era5,ist_day,1,115.6,CORE M-RAIN Severe threshold,k-groups,k=0,0,33579,33,ok,0.000983,0.000565,0.001519,0.0,,33660,935,36,2024-02-05,2026-08-31,135.0,3.2939939032840975e+18,"pooled: n >= 300, dates >= 60, points >= 10; per group n >= 100 and >= 10 reference events",secondary,"ERA5 reference (secondary), pooled, all seasons, leads 1-4",,"In the archived sample (2024-02-05 to 2026-08-31, 36 archive points, ERA5 reanalysis, IST calendar day, nominal lead 1), when 0 of 3 models forecast >= 115.6 mm, the reference reached >= 115.6 mm on 33 of 33579 days (observed frequency 0.001; 95% block-bootstrap interval 0.001 to 0.002)."
C4|k-groups|L1|T115.6,A4|shared-data:ecmwf_ifs025+gfs_global+icon_global|-|precip|L1|pooled=all-points|all|all,C4,era5,ist_day,1,115.6,CORE M-RAIN Severe threshold,k-groups,k=1,1,75,9,insufficient sample,,,,,,33660,935,36,2024-02-05,2026-08-31,135.0,3.2939939032840975e+18,"pooled: n >= 300, dates >= 60, points >= 10; per group n >= 100 and >= 10 reference events",secondary,"ERA5 reference (secondary), pooled, all seasons, leads 1-4",,k=1: insufficient sample (needs n >= 100 and >= 10 reference events). No value computed.
C4|k-groups|L1|T115.6,A4|shared-data:ecmwf_ifs025+gfs_global+icon_global|-|precip|L1|pooled=all-points|all|all,C4,era5,ist_day,1,115.6,CORE M-RAIN Severe threshold,k-groups,k=2,2,6,1,insufficient sample,,,,,,33660,935,36,2024-02-05,2026-08-31,135.0,3.2939939032840975e+18,"pooled: n >= 300, dates >= 60, points >= 10; per group n >= 100 and >= 10 reference events",secondary,"ERA5 reference (secondary), pooled, all seasons, leads 1-4",,k=2: insufficient sample (needs n >= 100 and >= 10 reference events). No value computed.
C4|k-groups|L1|T115.6,A4|shared-data:ecmwf_ifs025+gfs_global+icon_global|-|precip|L1|pooled=all-points|all|all,C4,era5,ist_day,1,115.6,CORE M-RAIN Severe threshold,k-groups,k=3,3,0,0,insufficient sample,,,,,,33660,935,36,2024-02-05,2026-08-31,135.0,3.2939939032840975e+18,"pooled: n >= 300, dates >= 60, points >= 10; per group n >= 100 and >= 10 reference events",secondary,"ERA5 reference (secondary), pooled, all seasons, leads 1-4",,k=3: insufficient sample (needs n >= 100 and >= 10 reference events). No value computed.
C4|k-groups|L2|T35.6,A4|shared-data:ecmwf_ifs025+gfs_global+icon_global|-|precip|L2|pooled=all-points|all|all,C4,era5,ist_day,2,35.6,CORE M-RAIN Watch threshold,k-groups,k=0,0,32265,389,ok,0.012056,0.0097,0.014567,0.0,,33624,934,36,2024-02-06,2026-08-31,135.0,6.604820083887011e+18,"pooled: n >= 300, dates >= 60, points >= 10; per group n >= 100 and >= 10 reference events",secondary,"ERA5 reference (secondary), pooled, all seasons, leads 1-4",,"In the archived sample (2024-02-06 to 2026-08-31, 36 archive points, ERA5 reanalysis, IST calendar day, nominal lead 2), when 0 of 3 models forecast >= 35.6 mm, the reference reached >= 35.6 mm on 389 of 32265 days (observed frequency 0.012; 95% block-bootstrap interval 0.010 to 0.015)."
C4|k-groups|L2|T35.6,A4|shared-data:ecmwf_ifs025+gfs_global+icon_global|-|precip|L2|pooled=all-points|all|all,C4,era5,ist_day,2,35.6,CORE M-RAIN Watch threshold,k-groups,k=1,1,964,202,ok,0.209544,0.177173,0.239444,0.0,,33624,934,36,2024-02-06,2026-08-31,135.0,6.604820083887011e+18,"pooled: n >= 300, dates >= 60, points >= 10; per group n >= 100 and >= 10 reference events",secondary,"ERA5 reference (secondary), pooled, all seasons, leads 1-4",,"In the archived sample (2024-02-06 to 2026-08-31, 36 archive points, ERA5 reanalysis, IST calendar day, nominal lead 2), when 1 of 3 models forecast >= 35.6 mm, the reference reached >= 35.6 mm on 202 of 964 days (observed frequency 0.210; 95% block-bootstrap interval 0.177 to 0.239)."
C4|k-groups|L2|T35.6,A4|shared-data:ecmwf_ifs025+gfs_global+icon_global|-|precip|L2|pooled=all-points|all|all,C4,era5,ist_day,2,35.6,CORE M-RAIN Watch threshold,k-groups,k=2,2,310,163,ok,0.525806,0.476962,0.583949,0.0,,33624,934,36,2024-02-06,2026-08-31,135.0,6.604820083887011e+18,"pooled: n >= 300, dates >= 60, points >= 10; per group n >= 100 and >= 10 reference events",secondary,"ERA5 reference (secondary), pooled, all seasons, leads 1-4",,"In the archived sample (2024-02-06 to 2026-08-31, 36 archive points, ERA5 reanalysis, IST calendar day, nominal lead 2), when 2 of 3 models forecast >= 35.6 mm, the reference reached >= 35.6 mm on 163 of 310 days (observed frequency 0.526; 95% block-bootstrap interval 0.477 to 0.584)."
C4|k-groups|L2|T35.6,A4|shared-data:ecmwf_ifs025+gfs_global+icon_global|-|precip|L2|pooled=all-points|all|all,C4,era5,ist_day,2,35.6,CORE M-RAIN Watch threshold,k-groups,k=3,3,85,66,insufficient sample,,,,,,33624,934,36,2024-02-06,2026-08-31,135.0,6.604820083887011e+18,"pooled: n >= 300, dates >= 60, points >= 10; per group n >= 100 and >= 10 reference events",secondary,"ERA5 reference (secondary), pooled, all seasons, leads 1-4",,k=3: insufficient sample (needs n >= 100 and >= 10 reference events). No value computed.
C4|k-groups|L2|T64.5,A4|shared-data:ecmwf_ifs025+gfs_global+icon_global|-|precip|L2|pooled=all-points|all|all,C4,era5,ist_day,2,64.5,CORE M-RAIN Alert threshold,k-groups,k=0,0,33242,143,ok,0.004302,0.003109,0.00551,0.0,,33624,934,36,2024-02-06,2026-08-31,135.0,8.871368679214195e+18,"pooled: n >= 300, dates >= 60, points >= 10; per group n >= 100 and >= 10 reference events",secondary,"ERA5 reference (secondary), pooled, all seasons, leads 1-4",,"In the archived sample (2024-02-06 to 2026-08-31, 36 archive points, ERA5 reanalysis, IST calendar day, nominal lead 2), when 0 of 3 models forecast >= 64.5 mm, the reference reached >= 64.5 mm on 143 of 33242 days (observed frequency 0.004; 95% block-bootstrap interval 0.003 to 0.006)."
C4|k-groups|L2|T64.5,A4|shared-data:ecmwf_ifs025+gfs_global+icon_global|-|precip|L2|pooled=all-points|all|all,C4,era5,ist_day,2,64.5,CORE M-RAIN Alert threshold,k-groups,k=1,1,310,59,ok,0.190323,0.146701,0.23837,0.0,,33624,934,36,2024-02-06,2026-08-31,135.0,8.871368679214195e+18,"pooled: n >= 300, dates >= 60, points >= 10; per group n >= 100 and >= 10 reference events",secondary,"ERA5 reference (secondary), pooled, all seasons, leads 1-4",,"In the archived sample (2024-02-06 to 2026-08-31, 36 archive points, ERA5 reanalysis, IST calendar day, nominal lead 2), when 1 of 3 models forecast >= 64.5 mm, the reference reached >= 64.5 mm on 59 of 310 days (observed frequency 0.190; 95% block-bootstrap interval 0.147 to 0.238)."
C4|k-groups|L2|T64.5,A4|shared-data:ecmwf_ifs025+gfs_global+icon_global|-|precip|L2|pooled=all-points|all|all,C4,era5,ist_day,2,64.5,CORE M-RAIN Alert threshold,k-groups,k=2,2,58,24,insufficient sample,,,,,,33624,934,36,2024-02-06,2026-08-31,135.0,8.871368679214195e+18,"pooled: n >= 300, dates >= 60, points >= 10; per group n >= 100 and >= 10 reference events",secondary,"ERA5 reference (secondary), pooled, all seasons, leads 1-4",,k=2: insufficient sample (needs n >= 100 and >= 10 reference events). No value computed.
C4|k-groups|L2|T64.5,A4|shared-data:ecmwf_ifs025+gfs_global+icon_global|-|precip|L2|pooled=all-points|all|all,C4,era5,ist_day,2,64.5,CORE M-RAIN Alert threshold,k-groups,k=3,3,14,8,insufficient sample,,,,,,33624,934,36,2024-02-06,2026-08-31,135.0,8.871368679214195e+18,"pooled: n >= 300, dates >= 60, points >= 10; per group n >= 100 and >= 10 reference events",secondary,"ERA5 reference (secondary), pooled, all seasons, leads 1-4",,k=3: insufficient sample (needs n >= 100 and >= 10 reference events). No value computed.
C4|k-groups|L2|T115.6,A4|shared-data:ecmwf_ifs025+gfs_global+icon_global|-|precip|L2|pooled=all-points|all|all,C4,era5,ist_day,2,115.6,CORE M-RAIN Severe threshold,k-groups,k=0,0,33554,32,ok,0.000954,0.000503,0.001495,0.0,,33624,934,36,2024-02-06,2026-08-31,135.0,1.7224341078716297e+19,"pooled: n >= 300, dates >= 60, points >= 10; per group n >= 100 and >= 10 reference events",secondary,"ERA5 reference (secondary), pooled, all seasons, leads 1-4",,"In the archived sample (2024-02-06 to 2026-08-31, 36 archive points, ERA5 reanalysis, IST calendar day, nominal lead 2), when 0 of 3 models forecast >= 115.6 mm, the reference reached >= 115.6 mm on 32 of 33554 days (observed frequency 0.001; 95% block-bootstrap interval 0.001 to 0.001)."
C4|k-groups|L2|T115.6,A4|shared-data:ecmwf_ifs025+gfs_global+icon_global|-|precip|L2|pooled=all-points|all|all,C4,era5,ist_day,2,115.6,CORE M-RAIN Severe threshold,k-groups,k=1,1,65,9,insufficient sample,,,,,,33624,934,36,2024-02-06,2026-08-31,135.0,1.7224341078716297e+19,"pooled: n >= 300, dates >= 60, points >= 10; per group n >= 100 and >= 10 reference events",secondary,"ERA5 reference (secondary), pooled, all seasons, leads 1-4",,k=1: insufficient sample (needs n >= 100 and >= 10 reference events). No value computed.
C4|k-groups|L2|T115.6,A4|shared-data:ecmwf_ifs025+gfs_global+icon_global|-|precip|L2|pooled=all-points|all|all,C4,era5,ist_day,2,115.6,CORE M-RAIN Severe threshold,k-groups,k=2,2,3,1,insufficient sample,,,,,,33624,934,36,2024-02-06,2026-08-31,135.0,1.7224341078716297e+19,"pooled: n >= 300, dates >= 60, points >= 10; per group n >= 100 and >= 10 reference events",secondary,"ERA5 reference (secondary), pooled, all seasons, leads 1-4",,k=2: insufficient sample (needs n >= 100 and >= 10 reference events). No value computed.
C4|k-groups|L2|T115.6,A4|shared-data:ecmwf_ifs025+gfs_global+icon_global|-|precip|L2|pooled=all-points|all|all,C4,era5,ist_day,2,115.6,CORE M-RAIN Severe threshold,k-groups,k=3,3,2,1,insufficient sample,,,,,,33624,934,36,2024-02-06,2026-08-31,135.0,1.7224341078716297e+19,"pooled: n >= 300, dates >= 60, points >= 10; per group n >= 100 and >= 10 reference events",secondary,"ERA5 reference (secondary), pooled, all seasons, leads 1-4",,k=3: insufficient sample (needs n >= 100 and >= 10 reference events). No value computed.
C4|k-groups|L3|T35.6,A4|shared-data:ecmwf_ifs025+gfs_global+icon_global|-|precip|L3|pooled=all-points|all|all,C4,era5,ist_day,3,35.6,CORE M-RAIN Watch threshold,k-groups,k=0,0,32279,422,ok,0.013074,0.010587,0.015902,0.0,,33732,937,36,2024-02-07,2026-08-31,135.0,1.8029306357966244e+19,"pooled: n >= 300, dates >= 60, points >= 10; per group n >= 100 and >= 10 reference events",secondary,"ERA5 reference (secondary), pooled, all seasons, leads 1-4",,"In the archived sample (2024-02-07 to 2026-08-31, 36 archive points, ERA5 reanalysis, IST calendar day, nominal lead 3), when 0 of 3 models forecast >= 35.6 mm, the reference reached >= 35.6 mm on 422 of 32279 days (observed frequency 0.013; 95% block-bootstrap interval 0.011 to 0.016)."
C4|k-groups|L3|T35.6,A4|shared-data:ecmwf_ifs025+gfs_global+icon_global|-|precip|L3|pooled=all-points|all|all,C4,era5,ist_day,3,35.6,CORE M-RAIN Watch threshold,k-groups,k=1,1,1119,238,ok,0.21269,0.183678,0.238709,0.0,,33732,937,36,2024-02-07,2026-08-31,135.0,1.8029306357966244e+19,"pooled: n >= 300, dates >= 60, points >= 10; per group n >= 100 and >= 10 reference events",secondary,"ERA5 reference (secondary), pooled, all seasons, leads 1-4",,"In the archived sample (2024-02-07 to 2026-08-31, 36 archive points, ERA5 reanalysis, IST calendar day, nominal lead 3), when 1 of 3 models forecast >= 35.6 mm, the reference reached >= 35.6 mm on 238 of 1119 days (observed frequency 0.213; 95% block-bootstrap interval 0.184 to 0.239)."
C4|k-groups|L3|T35.6,A4|shared-data:ecmwf_ifs025+gfs_global+icon_global|-|precip|L3|pooled=all-points|all|all,C4,era5,ist_day,3,35.6,CORE M-RAIN Watch threshold,k-groups,k=2,2,264,110,ok,0.416667,0.359814,0.470657,0.0,,33732,937,36,2024-02-07,2026-08-31,135.0,1.8029306357966244e+19,"pooled: n >= 300, dates >= 60, points >= 10; per group n >= 100 and >= 10 reference events",secondary,"ERA5 reference (secondary), pooled, all seasons, leads 1-4",,"In the archived sample (2024-02-07 to 2026-08-31, 36 archive points, ERA5 reanalysis, IST calendar day, nominal lead 3), when 2 of 3 models forecast >= 35.6 mm, the reference reached >= 35.6 mm on 110 of 264 days (observed frequency 0.417; 95% block-bootstrap interval 0.360 to 0.471)."
C4|k-groups|L3|T35.6,A4|shared-data:ecmwf_ifs025+gfs_global+icon_global|-|precip|L3|pooled=all-points|all|all,C4,era5,ist_day,3,35.6,CORE M-RAIN Watch threshold,k-groups,k=3,3,70,50,insufficient sample,,,,,,33732,937,36,2024-02-07,2026-08-31,135.0,1.8029306357966244e+19,"pooled: n >= 300, dates >= 60, points >= 10; per group n >= 100 and >= 10 reference events",secondary,"ERA5 reference (secondary), pooled, all seasons, leads 1-4",,k=3: insufficient sample (needs n >= 100 and >= 10 reference events). No value computed.
C4|k-groups|L3|T64.5,A4|shared-data:ecmwf_ifs025+gfs_global+icon_global|-|precip|L3|pooled=all-points|all|all,C4,era5,ist_day,3,64.5,CORE M-RAIN Alert threshold,k-groups,k=0,0,33327,153,ok,0.004591,0.003404,0.00586,0.0,,33732,937,36,2024-02-07,2026-08-31,135.0,1.6236020782654102e+19,"pooled: n >= 300, dates >= 60, points >= 10; per group n >= 100 and >= 10 reference events",secondary,"ERA5 reference (secondary), pooled, all seasons, leads 1-4",,"In the archived sample (2024-02-07 to 2026-08-31, 36 archive points, ERA5 reanalysis, IST calendar day, nominal lead 3), when 0 of 3 models forecast >= 64.5 mm, the reference reached >= 64.5 mm on 153 of 33327 days (observed frequency 0.005; 95% block-bootstrap interval 0.003 to 0.006)."
C4|k-groups|L3|T64.5,A4|shared-data:ecmwf_ifs025+gfs_global+icon_global|-|precip|L3|pooled=all-points|all|all,C4,era5,ist_day,3,64.5,CORE M-RAIN Alert threshold,k-groups,k=1,1,349,60,ok,0.17192,0.133333,0.215313,0.0,,33732,937,36,2024-02-07,2026-08-31,135.0,1.6236020782654102e+19,"pooled: n >= 300, dates >= 60, points >= 10; per group n >= 100 and >= 10 reference events",secondary,"ERA5 reference (secondary), pooled, all seasons, leads 1-4",,"In the archived sample (2024-02-07 to 2026-08-31, 36 archive points, ERA5 reanalysis, IST calendar day, nominal lead 3), when 1 of 3 models forecast >= 64.5 mm, the reference reached >= 64.5 mm on 60 of 349 days (observed frequency 0.172; 95% block-bootstrap interval 0.133 to 0.215)."
C4|k-groups|L3|T64.5,A4|shared-data:ecmwf_ifs025+gfs_global+icon_global|-|precip|L3|pooled=all-points|all|all,C4,era5,ist_day,3,64.5,CORE M-RAIN Alert threshold,k-groups,k=2,2,47,14,insufficient sample,,,,,,33732,937,36,2024-02-07,2026-08-31,135.0,1.6236020782654102e+19,"pooled: n >= 300, dates >= 60, points >= 10; per group n >= 100 and >= 10 reference events",secondary,"ERA5 reference (secondary), pooled, all seasons, leads 1-4",,k=2: insufficient sample (needs n >= 100 and >= 10 reference events). No value computed.
C4|k-groups|L3|T64.5,A4|shared-data:ecmwf_ifs025+gfs_global+icon_global|-|precip|L3|pooled=all-points|all|all,C4,era5,ist_day,3,64.5,CORE M-RAIN Alert threshold,k-groups,k=3,3,9,7,insufficient sample,,,,,,33732,937,36,2024-02-07,2026-08-31,135.0,1.6236020782654102e+19,"pooled: n >= 300, dates >= 60, points >= 10; per group n >= 100 and >= 10 reference events",secondary,"ERA5 reference (secondary), pooled, all seasons, leads 1-4",,k=3: insufficient sample (needs n >= 100 and >= 10 reference events). No value computed.
C4|k-groups|L3|T115.6,A4|shared-data:ecmwf_ifs025+gfs_global+icon_global|-|precip|L3|pooled=all-points|all|all,C4,era5,ist_day,3,115.6,CORE M-RAIN Severe threshold,k-groups,k=0,0,33663,33,ok,0.00098,0.000562,0.001444,0.0,,33732,937,36,2024-02-07,2026-08-31,135.0,2.2006483213402826e+18,"pooled: n >= 300, dates >= 60, points >= 10; per group n >= 100 and >= 10 reference events",secondary,"ERA5 reference (secondary), pooled, all seasons, leads 1-4",,"In the archived sample (2024-02-07 to 2026-08-31, 36 archive points, ERA5 reanalysis, IST calendar day, nominal lead 3), when 0 of 3 models forecast >= 115.6 mm, the reference reached >= 115.6 mm on 33 of 33663 days (observed frequency 0.001; 95% block-bootstrap interval 0.001 to 0.001)."
C4|k-groups|L3|T115.6,A4|shared-data:ecmwf_ifs025+gfs_global+icon_global|-|precip|L3|pooled=all-points|all|all,C4,era5,ist_day,3,115.6,CORE M-RAIN Severe threshold,k-groups,k=1,1,62,7,insufficient sample,,,,,,33732,937,36,2024-02-07,2026-08-31,135.0,2.2006483213402826e+18,"pooled: n >= 300, dates >= 60, points >= 10; per group n >= 100 and >= 10 reference events",secondary,"ERA5 reference (secondary), pooled, all seasons, leads 1-4",,k=1: insufficient sample (needs n >= 100 and >= 10 reference events). No value computed.
C4|k-groups|L3|T115.6,A4|shared-data:ecmwf_ifs025+gfs_global+icon_global|-|precip|L3|pooled=all-points|all|all,C4,era5,ist_day,3,115.6,CORE M-RAIN Severe threshold,k-groups,k=2,2,5,2,insufficient sample,,,,,,33732,937,36,2024-02-07,2026-08-31,135.0,2.2006483213402826e+18,"pooled: n >= 300, dates >= 60, points >= 10; per group n >= 100 and >= 10 reference events",secondary,"ERA5 reference (secondary), pooled, all seasons, leads 1-4",,k=2: insufficient sample (needs n >= 100 and >= 10 reference events). No value computed.
C4|k-groups|L3|T115.6,A4|shared-data:ecmwf_ifs025+gfs_global+icon_global|-|precip|L3|pooled=all-points|all|all,C4,era5,ist_day,3,115.6,CORE M-RAIN Severe threshold,k-groups,k=3,3,2,1,insufficient sample,,,,,,33732,937,36,2024-02-07,2026-08-31,135.0,2.2006483213402826e+18,"pooled: n >= 300, dates >= 60, points >= 10; per group n >= 100 and >= 10 reference events",secondary,"ERA5 reference (secondary), pooled, all seasons, leads 1-4",,k=3: insufficient sample (needs n >= 100 and >= 10 reference events). No value computed.
C4|k-groups|L4|T35.6,A4|shared-data:ecmwf_ifs025+gfs_global+icon_global|-|precip|L4|pooled=all-points|all|all,C4,era5,ist_day,4,35.6,CORE M-RAIN Watch threshold,k-groups,k=0,0,32271,469,ok,0.014533,0.011441,0.017693,0.0,,33696,936,36,2024-02-08,2026-08-31,134.0,6.747640351429408e+18,"pooled: n >= 300, dates >= 60, points >= 10; per group n >= 100 and >= 10 reference events",secondary,"ERA5 reference (secondary), pooled, all seasons, leads 1-4",,"In the archived sample (2024-02-08 to 2026-08-31, 36 archive points, ERA5 reanalysis, IST calendar day, nominal lead 4), when 0 of 3 models forecast >= 35.6 mm, the reference reached >= 35.6 mm on 469 of 32271 days (observed frequency 0.015; 95% block-bootstrap interval 0.011 to 0.018)."
C4|k-groups|L4|T35.6,A4|shared-data:ecmwf_ifs025+gfs_global+icon_global|-|precip|L4|pooled=all-points|all|all,C4,era5,ist_day,4,35.6,CORE M-RAIN Watch threshold,k-groups,k=1,1,1111,206,ok,0.185419,0.160319,0.211112,0.0,,33696,936,36,2024-02-08,2026-08-31,134.0,6.747640351429408e+18,"pooled: n >= 300, dates >= 60, points >= 10; per group n >= 100 and >= 10 reference events",secondary,"ERA5 reference (secondary), pooled, all seasons, leads 1-4",,"In the archived sample (2024-02-08 to 2026-08-31, 36 archive points, ERA5 reanalysis, IST calendar day, nominal lead 4), when 1 of 3 models forecast >= 35.6 mm, the reference reached >= 35.6 mm on 206 of 1111 days (observed frequency 0.185; 95% block-bootstrap interval 0.160 to 0.211)."
C4|k-groups|L4|T35.6,A4|shared-data:ecmwf_ifs025+gfs_global+icon_global|-|precip|L4|pooled=all-points|all|all,C4,era5,ist_day,4,35.6,CORE M-RAIN Watch threshold,k-groups,k=2,2,258,104,ok,0.403101,0.34566,0.458027,0.0,,33696,936,36,2024-02-08,2026-08-31,134.0,6.747640351429408e+18,"pooled: n >= 300, dates >= 60, points >= 10; per group n >= 100 and >= 10 reference events",secondary,"ERA5 reference (secondary), pooled, all seasons, leads 1-4",,"In the archived sample (2024-02-08 to 2026-08-31, 36 archive points, ERA5 reanalysis, IST calendar day, nominal lead 4), when 2 of 3 models forecast >= 35.6 mm, the reference reached >= 35.6 mm on 104 of 258 days (observed frequency 0.403; 95% block-bootstrap interval 0.346 to 0.458)."
C4|k-groups|L4|T35.6,A4|shared-data:ecmwf_ifs025+gfs_global+icon_global|-|precip|L4|pooled=all-points|all|all,C4,era5,ist_day,4,35.6,CORE M-RAIN Watch threshold,k-groups,k=3,3,56,41,insufficient sample,,,,,,33696,936,36,2024-02-08,2026-08-31,134.0,6.747640351429408e+18,"pooled: n >= 300, dates >= 60, points >= 10; per group n >= 100 and >= 10 reference events",secondary,"ERA5 reference (secondary), pooled, all seasons, leads 1-4",,k=3: insufficient sample (needs n >= 100 and >= 10 reference events). No value computed.
C4|k-groups|L4|T64.5,A4|shared-data:ecmwf_ifs025+gfs_global+icon_global|-|precip|L4|pooled=all-points|all|all,C4,era5,ist_day,4,64.5,CORE M-RAIN Alert threshold,k-groups,k=0,0,33321,175,ok,0.005252,0.004041,0.006636,0.0,,33696,936,36,2024-02-08,2026-08-31,134.0,3.195896555086859e+17,"pooled: n >= 300, dates >= 60, points >= 10; per group n >= 100 and >= 10 reference events",secondary,"ERA5 reference (secondary), pooled, all seasons, leads 1-4",,"In the archived sample (2024-02-08 to 2026-08-31, 36 archive points, ERA5 reanalysis, IST calendar day, nominal lead 4), when 0 of 3 models forecast >= 64.5 mm, the reference reached >= 64.5 mm on 175 of 33321 days (observed frequency 0.005; 95% block-bootstrap interval 0.004 to 0.007)."
C4|k-groups|L4|T64.5,A4|shared-data:ecmwf_ifs025+gfs_global+icon_global|-|precip|L4|pooled=all-points|all|all,C4,era5,ist_day,4,64.5,CORE M-RAIN Alert threshold,k-groups,k=1,1,326,43,ok,0.131902,0.088551,0.178133,0.0,,33696,936,36,2024-02-08,2026-08-31,134.0,3.195896555086859e+17,"pooled: n >= 300, dates >= 60, points >= 10; per group n >= 100 and >= 10 reference events",secondary,"ERA5 reference (secondary), pooled, all seasons, leads 1-4",,"In the archived sample (2024-02-08 to 2026-08-31, 36 archive points, ERA5 reanalysis, IST calendar day, nominal lead 4), when 1 of 3 models forecast >= 64.5 mm, the reference reached >= 64.5 mm on 43 of 326 days (observed frequency 0.132; 95% block-bootstrap interval 0.089 to 0.178)."
C4|k-groups|L4|T64.5,A4|shared-data:ecmwf_ifs025+gfs_global+icon_global|-|precip|L4|pooled=all-points|all|all,C4,era5,ist_day,4,64.5,CORE M-RAIN Alert threshold,k-groups,k=2,2,43,12,insufficient sample,,,,,,33696,936,36,2024-02-08,2026-08-31,134.0,3.195896555086859e+17,"pooled: n >= 300, dates >= 60, points >= 10; per group n >= 100 and >= 10 reference events",secondary,"ERA5 reference (secondary), pooled, all seasons, leads 1-4",,k=2: insufficient sample (needs n >= 100 and >= 10 reference events). No value computed.
C4|k-groups|L4|T64.5,A4|shared-data:ecmwf_ifs025+gfs_global+icon_global|-|precip|L4|pooled=all-points|all|all,C4,era5,ist_day,4,64.5,CORE M-RAIN Alert threshold,k-groups,k=3,3,6,4,insufficient sample,,,,,,33696,936,36,2024-02-08,2026-08-31,134.0,3.195896555086859e+17,"pooled: n >= 300, dates >= 60, points >= 10; per group n >= 100 and >= 10 reference events",secondary,"ERA5 reference (secondary), pooled, all seasons, leads 1-4",,k=3: insufficient sample (needs n >= 100 and >= 10 reference events). No value computed.
C4|k-groups|L4|T115.6,A4|shared-data:ecmwf_ifs025+gfs_global+icon_global|-|precip|L4|pooled=all-points|all|all,C4,era5,ist_day,4,115.6,CORE M-RAIN Severe threshold,k-groups,k=0,0,33613,34,ok,0.001012,0.000595,0.001484,0.0,,33696,936,36,2024-02-08,2026-08-31,134.0,2.2329024645716122e+18,"pooled: n >= 300, dates >= 60, points >= 10; per group n >= 100 and >= 10 reference events",secondary,"ERA5 reference (secondary), pooled, all seasons, leads 1-4",,"In the archived sample (2024-02-08 to 2026-08-31, 36 archive points, ERA5 reanalysis, IST calendar day, nominal lead 4), when 0 of 3 models forecast >= 115.6 mm, the reference reached >= 115.6 mm on 34 of 33613 days (observed frequency 0.001; 95% block-bootstrap interval 0.001 to 0.001)."
C4|k-groups|L4|T115.6,A4|shared-data:ecmwf_ifs025+gfs_global+icon_global|-|precip|L4|pooled=all-points|all|all,C4,era5,ist_day,4,115.6,CORE M-RAIN Severe threshold,k-groups,k=1,1,78,7,insufficient sample,,,,,,33696,936,36,2024-02-08,2026-08-31,134.0,2.2329024645716122e+18,"pooled: n >= 300, dates >= 60, points >= 10; per group n >= 100 and >= 10 reference events",secondary,"ERA5 reference (secondary), pooled, all seasons, leads 1-4",,k=1: insufficient sample (needs n >= 100 and >= 10 reference events). No value computed.
C4|k-groups|L4|T115.6,A4|shared-data:ecmwf_ifs025+gfs_global+icon_global|-|precip|L4|pooled=all-points|all|all,C4,era5,ist_day,4,115.6,CORE M-RAIN Severe threshold,k-groups,k=2,2,4,1,insufficient sample,,,,,,33696,936,36,2024-02-08,2026-08-31,134.0,2.2329024645716122e+18,"pooled: n >= 300, dates >= 60, points >= 10; per group n >= 100 and >= 10 reference events",secondary,"ERA5 reference (secondary), pooled, all seasons, leads 1-4",,k=2: insufficient sample (needs n >= 100 and >= 10 reference events). No value computed.
C4|k-groups|L4|T115.6,A4|shared-data:ecmwf_ifs025+gfs_global+icon_global|-|precip|L4|pooled=all-points|all|all,C4,era5,ist_day,4,115.6,CORE M-RAIN Severe threshold,k-groups,k=3,3,1,1,insufficient sample,,,,,,33696,936,36,2024-02-08,2026-08-31,134.0,2.2329024645716122e+18,"pooled: n >= 300, dates >= 60, points >= 10; per group n >= 100 and >= 10 reference events",secondary,"ERA5 reference (secondary), pooled, all seasons, leads 1-4",,k=3: insufficient sample (needs n >= 100 and >= 10 reference events). No value computed.
C4|k-groups|L5|T35.6,A4|shared-data:ecmwf_ifs025+gfs_global+icon_global|-|precip|L5|pooled=all-points|all|all,C4,era5,ist_day,5,35.6,CORE M-RAIN Watch threshold,k-groups,k=0,0,32297,522,ok,0.016162,0.012957,0.019582,0.0,,33408,928,36,2024-02-09,2026-08-31,134.0,7.15636296756409e+18,"pooled: n >= 300, dates >= 60, points >= 10; per group n >= 100 and >= 10 reference events",exploratory,leads 5-6 (GFS source-resolution limitation),GFS rainfall source representation changes at this lead range. The effect on the verification metric and on the model-agreement distribution is unresolved.,"In the archived sample (2024-02-09 to 2026-08-31, 36 archive points, ERA5 reanalysis, IST calendar day, nominal lead 5), when 0 of 3 models forecast >= 35.6 mm, the reference reached >= 35.6 mm on 522 of 32297 days (observed frequency 0.016; 95% block-bootstrap interval 0.013 to 0.020)."
C4|k-groups|L5|T35.6,A4|shared-data:ecmwf_ifs025+gfs_global+icon_global|-|precip|L5|pooled=all-points|all|all,C4,era5,ist_day,5,35.6,CORE M-RAIN Watch threshold,k-groups,k=1,1,958,226,ok,0.235908,0.207806,0.265666,0.0,,33408,928,36,2024-02-09,2026-08-31,134.0,7.15636296756409e+18,"pooled: n >= 300, dates >= 60, points >= 10; per group n >= 100 and >= 10 reference events",exploratory,leads 5-6 (GFS source-resolution limitation),GFS rainfall source representation changes at this lead range. The effect on the verification metric and on the model-agreement distribution is unresolved.,"In the archived sample (2024-02-09 to 2026-08-31, 36 archive points, ERA5 reanalysis, IST calendar day, nominal lead 5), when 1 of 3 models forecast >= 35.6 mm, the reference reached >= 35.6 mm on 226 of 958 days (observed frequency 0.236; 95% block-bootstrap interval 0.208 to 0.266)."
C4|k-groups|L5|T35.6,A4|shared-data:ecmwf_ifs025+gfs_global+icon_global|-|precip|L5|pooled=all-points|all|all,C4,era5,ist_day,5,35.6,CORE M-RAIN Watch threshold,k-groups,k=2,2,140,61,ok,0.435714,0.352431,0.518804,0.0,,33408,928,36,2024-02-09,2026-08-31,134.0,7.15636296756409e+18,"pooled: n >= 300, dates >= 60, points >= 10; per group n >= 100 and >= 10 reference events",exploratory,leads 5-6 (GFS source-resolution limitation),GFS rainfall source representation changes at this lead range. The effect on the verification metric and on the model-agreement distribution is unresolved.,"In the archived sample (2024-02-09 to 2026-08-31, 36 archive points, ERA5 reanalysis, IST calendar day, nominal lead 5), when 2 of 3 models forecast >= 35.6 mm, the reference reached >= 35.6 mm on 61 of 140 days (observed frequency 0.436; 95% block-bootstrap interval 0.352 to 0.519)."
C4|k-groups|L5|T35.6,A4|shared-data:ecmwf_ifs025+gfs_global+icon_global|-|precip|L5|pooled=all-points|all|all,C4,era5,ist_day,5,35.6,CORE M-RAIN Watch threshold,k-groups,k=3,3,13,11,insufficient sample,,,,,,33408,928,36,2024-02-09,2026-08-31,134.0,7.15636296756409e+18,"pooled: n >= 300, dates >= 60, points >= 10; per group n >= 100 and >= 10 reference events",exploratory,leads 5-6 (GFS source-resolution limitation),GFS rainfall source representation changes at this lead range. The effect on the verification metric and on the model-agreement distribution is unresolved.,k=3: insufficient sample (needs n >= 100 and >= 10 reference events). No value computed.
C4|k-groups|L5|T64.5,A4|shared-data:ecmwf_ifs025+gfs_global+icon_global|-|precip|L5|pooled=all-points|all|all,C4,era5,ist_day,5,64.5,CORE M-RAIN Alert threshold,k-groups,k=0,0,33115,190,ok,0.005738,0.004329,0.007297,0.0,,33408,928,36,2024-02-09,2026-08-31,134.0,6.466016234399416e+18,"pooled: n >= 300, dates >= 60, points >= 10; per group n >= 100 and >= 10 reference events",exploratory,leads 5-6 (GFS source-resolution limitation),GFS rainfall source representation changes at this lead range. The effect on the verification metric and on the model-agreement distribution is unresolved.,"In the archived sample (2024-02-09 to 2026-08-31, 36 archive points, ERA5 reanalysis, IST calendar day, nominal lead 5), when 0 of 3 models forecast >= 64.5 mm, the reference reached >= 64.5 mm on 190 of 33115 days (observed frequency 0.006; 95% block-bootstrap interval 0.004 to 0.007)."
C4|k-groups|L5|T64.5,A4|shared-data:ecmwf_ifs025+gfs_global+icon_global|-|precip|L5|pooled=all-points|all|all,C4,era5,ist_day,5,64.5,CORE M-RAIN Alert threshold,k-groups,k=1,1,265,35,ok,0.132075,0.098113,0.169728,0.0,,33408,928,36,2024-02-09,2026-08-31,134.0,6.466016234399416e+18,"pooled: n >= 300, dates >= 60, points >= 10; per group n >= 100 and >= 10 reference events",exploratory,leads 5-6 (GFS source-resolution limitation),GFS rainfall source representation changes at this lead range. The effect on the verification metric and on the model-agreement distribution is unresolved.,"In the archived sample (2024-02-09 to 2026-08-31, 36 archive points, ERA5 reanalysis, IST calendar day, nominal lead 5), when 1 of 3 models forecast >= 64.5 mm, the reference reached >= 64.5 mm on 35 of 265 days (observed frequency 0.132; 95% block-bootstrap interval 0.098 to 0.170)."
C4|k-groups|L5|T64.5,A4|shared-data:ecmwf_ifs025+gfs_global+icon_global|-|precip|L5|pooled=all-points|all|all,C4,era5,ist_day,5,64.5,CORE M-RAIN Alert threshold,k-groups,k=2,2,26,8,insufficient sample,,,,,,33408,928,36,2024-02-09,2026-08-31,134.0,6.466016234399416e+18,"pooled: n >= 300, dates >= 60, points >= 10; per group n >= 100 and >= 10 reference events",exploratory,leads 5-6 (GFS source-resolution limitation),GFS rainfall source representation changes at this lead range. The effect on the verification metric and on the model-agreement distribution is unresolved.,k=2: insufficient sample (needs n >= 100 and >= 10 reference events). No value computed.
C4|k-groups|L5|T64.5,A4|shared-data:ecmwf_ifs025+gfs_global+icon_global|-|precip|L5|pooled=all-points|all|all,C4,era5,ist_day,5,64.5,CORE M-RAIN Alert threshold,k-groups,k=3,3,2,1,insufficient sample,,,,,,33408,928,36,2024-02-09,2026-08-31,134.0,6.466016234399416e+18,"pooled: n >= 300, dates >= 60, points >= 10; per group n >= 100 and >= 10 reference events",exploratory,leads 5-6 (GFS source-resolution limitation),GFS rainfall source representation changes at this lead range. The effect on the verification metric and on the model-agreement distribution is unresolved.,k=3: insufficient sample (needs n >= 100 and >= 10 reference events). No value computed.
C4|k-groups|L5|T115.6,A4|shared-data:ecmwf_ifs025+gfs_global+icon_global|-|precip|L5|pooled=all-points|all|all,C4,era5,ist_day,5,115.6,CORE M-RAIN Severe threshold,k-groups,k=0,0,33348,38,ok,0.001139,0.000686,0.001676,0.0,,33408,928,36,2024-02-09,2026-08-31,134.0,1.6545742218333555e+19,"pooled: n >= 300, dates >= 60, points >= 10; per group n >= 100 and >= 10 reference events",exploratory,leads 5-6 (GFS source-resolution limitation),GFS rainfall source representation changes at this lead range. The effect on the verification metric and on the model-agreement distribution is unresolved.,"In the archived sample (2024-02-09 to 2026-08-31, 36 archive points, ERA5 reanalysis, IST calendar day, nominal lead 5), when 0 of 3 models forecast >= 115.6 mm, the reference reached >= 115.6 mm on 38 of 33348 days (observed frequency 0.001; 95% block-bootstrap interval 0.001 to 0.002)."
C4|k-groups|L5|T115.6,A4|shared-data:ecmwf_ifs025+gfs_global+icon_global|-|precip|L5|pooled=all-points|all|all,C4,era5,ist_day,5,115.6,CORE M-RAIN Severe threshold,k-groups,k=1,1,56,5,insufficient sample,,,,,,33408,928,36,2024-02-09,2026-08-31,134.0,1.6545742218333555e+19,"pooled: n >= 300, dates >= 60, points >= 10; per group n >= 100 and >= 10 reference events",exploratory,leads 5-6 (GFS source-resolution limitation),GFS rainfall source representation changes at this lead range. The effect on the verification metric and on the model-agreement distribution is unresolved.,k=1: insufficient sample (needs n >= 100 and >= 10 reference events). No value computed.
C4|k-groups|L5|T115.6,A4|shared-data:ecmwf_ifs025+gfs_global+icon_global|-|precip|L5|pooled=all-points|all|all,C4,era5,ist_day,5,115.6,CORE M-RAIN Severe threshold,k-groups,k=2,2,4,0,insufficient sample,,,,,,33408,928,36,2024-02-09,2026-08-31,134.0,1.6545742218333555e+19,"pooled: n >= 300, dates >= 60, points >= 10; per group n >= 100 and >= 10 reference events",exploratory,leads 5-6 (GFS source-resolution limitation),GFS rainfall source representation changes at this lead range. The effect on the verification metric and on the model-agreement distribution is unresolved.,k=2: insufficient sample (needs n >= 100 and >= 10 reference events). No value computed.
C4|k-groups|L5|T115.6,A4|shared-data:ecmwf_ifs025+gfs_global+icon_global|-|precip|L5|pooled=all-points|all|all,C4,era5,ist_day,5,115.6,CORE M-RAIN Severe threshold,k-groups,k=3,3,0,0,insufficient sample,,,,,,33408,928,36,2024-02-09,2026-08-31,134.0,1.6545742218333555e+19,"pooled: n >= 300, dates >= 60, points >= 10; per group n >= 100 and >= 10 reference events",exploratory,leads 5-6 (GFS source-resolution limitation),GFS rainfall source representation changes at this lead range. The effect on the verification metric and on the model-agreement distribution is unresolved.,k=3: insufficient sample (needs n >= 100 and >= 10 reference events). No value computed.
C4|k-groups|L6|T35.6,A4|shared-data:ecmwf_ifs025+gfs_global+icon_global|-|precip|L6|pooled=all-points|all|all,C4,era5,ist_day,6,35.6,CORE M-RAIN Watch threshold,k-groups,k=0,0,32385,563,ok,0.017385,0.013884,0.021161,0.0,,33480,930,36,2024-02-10,2026-08-31,134.0,9.196902711707661e+17,"pooled: n >= 300, dates >= 60, points >= 10; per group n >= 100 and >= 10 reference events",exploratory,leads 5-6 (GFS source-resolution limitation),GFS rainfall source representation changes at this lead range. The effect on the verification metric and on the model-agreement distribution is unresolved.,"In the archived sample (2024-02-10 to 2026-08-31, 36 archive points, ERA5 reanalysis, IST calendar day, nominal lead 6), when 0 of 3 models forecast >= 35.6 mm, the reference reached >= 35.6 mm on 563 of 32385 days (observed frequency 0.017; 95% block-bootstrap interval 0.014 to 0.021)."
C4|k-groups|L6|T35.6,A4|shared-data:ecmwf_ifs025+gfs_global+icon_global|-|precip|L6|pooled=all-points|all|all,C4,era5,ist_day,6,35.6,CORE M-RAIN Watch threshold,k-groups,k=1,1,945,192,ok,0.203175,0.173729,0.230865,0.0,,33480,930,36,2024-02-10,2026-08-31,134.0,9.196902711707661e+17,"pooled: n >= 300, dates >= 60, points >= 10; per group n >= 100 and >= 10 reference events",exploratory,leads 5-6 (GFS source-resolution limitation),GFS rainfall source representation changes at this lead range. The effect on the verification metric and on the model-agreement distribution is unresolved.,"In the archived sample (2024-02-10 to 2026-08-31, 36 archive points, ERA5 reanalysis, IST calendar day, nominal lead 6), when 1 of 3 models forecast >= 35.6 mm, the reference reached >= 35.6 mm on 192 of 945 days (observed frequency 0.203; 95% block-bootstrap interval 0.174 to 0.231)."
C4|k-groups|L6|T35.6,A4|shared-data:ecmwf_ifs025+gfs_global+icon_global|-|precip|L6|pooled=all-points|all|all,C4,era5,ist_day,6,35.6,CORE M-RAIN Watch threshold,k-groups,k=2,2,145,61,ok,0.42069,0.333333,0.500071,0.0,,33480,930,36,2024-02-10,2026-08-31,134.0,9.196902711707661e+17,"pooled: n >= 300, dates >= 60, points >= 10; per group n >= 100 and >= 10 reference events",exploratory,leads 5-6 (GFS source-resolution limitation),GFS rainfall source representation changes at this lead range. The effect on the verification metric and on the model-agreement distribution is unresolved.,"In the archived sample (2024-02-10 to 2026-08-31, 36 archive points, ERA5 reanalysis, IST calendar day, nominal lead 6), when 2 of 3 models forecast >= 35.6 mm, the reference reached >= 35.6 mm on 61 of 145 days (observed frequency 0.421; 95% block-bootstrap interval 0.333 to 0.500)."
C4|k-groups|L6|T35.6,A4|shared-data:ecmwf_ifs025+gfs_global+icon_global|-|precip|L6|pooled=all-points|all|all,C4,era5,ist_day,6,35.6,CORE M-RAIN Watch threshold,k-groups,k=3,3,5,4,insufficient sample,,,,,,33480,930,36,2024-02-10,2026-08-31,134.0,9.196902711707661e+17,"pooled: n >= 300, dates >= 60, points >= 10; per group n >= 100 and >= 10 reference events",exploratory,leads 5-6 (GFS source-resolution limitation),GFS rainfall source representation changes at this lead range. The effect on the verification metric and on the model-agreement distribution is unresolved.,k=3: insufficient sample (needs n >= 100 and >= 10 reference events). No value computed.
C4|k-groups|L6|T64.5,A4|shared-data:ecmwf_ifs025+gfs_global+icon_global|-|precip|L6|pooled=all-points|all|all,C4,era5,ist_day,6,64.5,CORE M-RAIN Alert threshold,k-groups,k=0,0,33195,187,ok,0.005633,0.004357,0.007064,0.0,,33480,930,36,2024-02-10,2026-08-31,134.0,4.4529724673123866e+18,"pooled: n >= 300, dates >= 60, points >= 10; per group n >= 100 and >= 10 reference events",exploratory,leads 5-6 (GFS source-resolution limitation),GFS rainfall source representation changes at this lead range. The effect on the verification metric and on the model-agreement distribution is unresolved.,"In the archived sample (2024-02-10 to 2026-08-31, 36 archive points, ERA5 reanalysis, IST calendar day, nominal lead 6), when 0 of 3 models forecast >= 64.5 mm, the reference reached >= 64.5 mm on 187 of 33195 days (observed frequency 0.006; 95% block-bootstrap interval 0.004 to 0.007)."
C4|k-groups|L6|T64.5,A4|shared-data:ecmwf_ifs025+gfs_global+icon_global|-|precip|L6|pooled=all-points|all|all,C4,era5,ist_day,6,64.5,CORE M-RAIN Alert threshold,k-groups,k=1,1,265,39,ok,0.14717,0.10177,0.192864,0.0,,33480,930,36,2024-02-10,2026-08-31,134.0,4.4529724673123866e+18,"pooled: n >= 300, dates >= 60, points >= 10; per group n >= 100 and >= 10 reference events",exploratory,leads 5-6 (GFS source-resolution limitation),GFS rainfall source representation changes at this lead range. The effect on the verification metric and on the model-agreement distribution is unresolved.,"In the archived sample (2024-02-10 to 2026-08-31, 36 archive points, ERA5 reanalysis, IST calendar day, nominal lead 6), when 1 of 3 models forecast >= 64.5 mm, the reference reached >= 64.5 mm on 39 of 265 days (observed frequency 0.147; 95% block-bootstrap interval 0.102 to 0.193)."
C4|k-groups|L6|T64.5,A4|shared-data:ecmwf_ifs025+gfs_global+icon_global|-|precip|L6|pooled=all-points|all|all,C4,era5,ist_day,6,64.5,CORE M-RAIN Alert threshold,k-groups,k=2,2,19,7,insufficient sample,,,,,,33480,930,36,2024-02-10,2026-08-31,134.0,4.4529724673123866e+18,"pooled: n >= 300, dates >= 60, points >= 10; per group n >= 100 and >= 10 reference events",exploratory,leads 5-6 (GFS source-resolution limitation),GFS rainfall source representation changes at this lead range. The effect on the verification metric and on the model-agreement distribution is unresolved.,k=2: insufficient sample (needs n >= 100 and >= 10 reference events). No value computed.
C4|k-groups|L6|T64.5,A4|shared-data:ecmwf_ifs025+gfs_global+icon_global|-|precip|L6|pooled=all-points|all|all,C4,era5,ist_day,6,64.5,CORE M-RAIN Alert threshold,k-groups,k=3,3,1,1,insufficient sample,,,,,,33480,930,36,2024-02-10,2026-08-31,134.0,4.4529724673123866e+18,"pooled: n >= 300, dates >= 60, points >= 10; per group n >= 100 and >= 10 reference events",exploratory,leads 5-6 (GFS source-resolution limitation),GFS rainfall source representation changes at this lead range. The effect on the verification metric and on the model-agreement distribution is unresolved.,k=3: insufficient sample (needs n >= 100 and >= 10 reference events). No value computed.
C4|k-groups|L6|T115.6,A4|shared-data:ecmwf_ifs025+gfs_global+icon_global|-|precip|L6|pooled=all-points|all|all,C4,era5,ist_day,6,115.6,CORE M-RAIN Severe threshold,k-groups,k=0,0,33424,40,ok,0.001197,0.000687,0.001802,0.0,,33480,930,36,2024-02-10,2026-08-31,134.0,1.2484800182588168e+19,"pooled: n >= 300, dates >= 60, points >= 10; per group n >= 100 and >= 10 reference events",exploratory,leads 5-6 (GFS source-resolution limitation),GFS rainfall source representation changes at this lead range. The effect on the verification metric and on the model-agreement distribution is unresolved.,"In the archived sample (2024-02-10 to 2026-08-31, 36 archive points, ERA5 reanalysis, IST calendar day, nominal lead 6), when 0 of 3 models forecast >= 115.6 mm, the reference reached >= 115.6 mm on 40 of 33424 days (observed frequency 0.001; 95% block-bootstrap interval 0.001 to 0.002)."
C4|k-groups|L6|T115.6,A4|shared-data:ecmwf_ifs025+gfs_global+icon_global|-|precip|L6|pooled=all-points|all|all,C4,era5,ist_day,6,115.6,CORE M-RAIN Severe threshold,k-groups,k=1,1,54,2,insufficient sample,,,,,,33480,930,36,2024-02-10,2026-08-31,134.0,1.2484800182588168e+19,"pooled: n >= 300, dates >= 60, points >= 10; per group n >= 100 and >= 10 reference events",exploratory,leads 5-6 (GFS source-resolution limitation),GFS rainfall source representation changes at this lead range. The effect on the verification metric and on the model-agreement distribution is unresolved.,k=1: insufficient sample (needs n >= 100 and >= 10 reference events). No value computed.
C4|k-groups|L6|T115.6,A4|shared-data:ecmwf_ifs025+gfs_global+icon_global|-|precip|L6|pooled=all-points|all|all,C4,era5,ist_day,6,115.6,CORE M-RAIN Severe threshold,k-groups,k=2,2,1,0,insufficient sample,,,,,,33480,930,36,2024-02-10,2026-08-31,134.0,1.2484800182588168e+19,"pooled: n >= 300, dates >= 60, points >= 10; per group n >= 100 and >= 10 reference events",exploratory,leads 5-6 (GFS source-resolution limitation),GFS rainfall source representation changes at this lead range. The effect on the verification metric and on the model-agreement distribution is unresolved.,k=2: insufficient sample (needs n >= 100 and >= 10 reference events). No value computed.
C4|k-groups|L6|T115.6,A4|shared-data:ecmwf_ifs025+gfs_global+icon_global|-|precip|L6|pooled=all-points|all|all,C4,era5,ist_day,6,115.6,CORE M-RAIN Severe threshold,k-groups,k=3,3,1,1,insufficient sample,,,,,,33480,930,36,2024-02-10,2026-08-31,134.0,1.2484800182588168e+19,"pooled: n >= 300, dates >= 60, points >= 10; per group n >= 100 and >= 10 reference events",exploratory,leads 5-6 (GFS source-resolution limitation),GFS rainfall source representation changes at this lead range. The effect on the verification metric and on the model-agreement distribution is unresolved.,k=3: insufficient sample (needs n >= 100 and >= 10 reference events). No value computed.
C4|model-combination|L1|T35.6,A4|shared-data:ecmwf_ifs025+gfs_global+icon_global|-|precip|L1|pooled=all-points|all|all,C4,era5,ist_day,1,35.6,CORE M-RAIN Watch threshold,model-combination,ECMWF,1,341,112,ok,0.328446,0.279988,0.374049,0.0,,33660,935,36,2024-02-05,2026-08-31,135.0,3.228569344472808e+18,"pooled: n >= 300, dates >= 60, points >= 10; per group n >= 100 and >= 10 reference events",exploratory,model-combination breakdown,,"In the archived sample (2024-02-05 to 2026-08-31, 36 archive points, ERA5 reanalysis, IST calendar day, nominal lead 1), when 1 of 3 models forecast >= 35.6 mm (models at or above the threshold: ECMWF), the reference reached >= 35.6 mm on 112 of 341 days (observed frequency 0.328; 95% block-bootstrap interval 0.280 to 0.374)."
C4|model-combination|L1|T35.6,A4|shared-data:ecmwf_ifs025+gfs_global+icon_global|-|precip|L1|pooled=all-points|all|all,C4,era5,ist_day,1,35.6,CORE M-RAIN Watch threshold,model-combination,ECMWF+GFS,2,123,67,ok,0.544715,0.442076,0.651325,0.0,,33660,935,36,2024-02-05,2026-08-31,135.0,3.228569344472808e+18,"pooled: n >= 300, dates >= 60, points >= 10; per group n >= 100 and >= 10 reference events",exploratory,model-combination breakdown,,"In the archived sample (2024-02-05 to 2026-08-31, 36 archive points, ERA5 reanalysis, IST calendar day, nominal lead 1), when 2 of 3 models forecast >= 35.6 mm (models at or above the threshold: ECMWF+GFS), the reference reached >= 35.6 mm on 67 of 123 days (observed frequency 0.545; 95% block-bootstrap interval 0.442 to 0.651)."
C4|model-combination|L1|T35.6,A4|shared-data:ecmwf_ifs025+gfs_global+icon_global|-|precip|L1|pooled=all-points|all|all,C4,era5,ist_day,1,35.6,CORE M-RAIN Watch threshold,model-combination,ECMWF+ICON,2,120,63,ok,0.525,0.440668,0.609098,0.0,,33660,935,36,2024-02-05,2026-08-31,135.0,3.228569344472808e+18,"pooled: n >= 300, dates >= 60, points >= 10; per group n >= 100 and >= 10 reference events",exploratory,model-combination breakdown,,"In the archived sample (2024-02-05 to 2026-08-31, 36 archive points, ERA5 reanalysis, IST calendar day, nominal lead 1), when 2 of 3 models forecast >= 35.6 mm (models at or above the threshold: ECMWF+ICON), the reference reached >= 35.6 mm on 63 of 120 days (observed frequency 0.525; 95% block-bootstrap interval 0.441 to 0.609)."
C4|model-combination|L1|T35.6,A4|shared-data:ecmwf_ifs025+gfs_global+icon_global|-|precip|L1|pooled=all-points|all|all,C4,era5,ist_day,1,35.6,CORE M-RAIN Watch threshold,model-combination,GFS,1,305,44,ok,0.144262,0.108512,0.181254,0.0,,33660,935,36,2024-02-05,2026-08-31,135.0,3.228569344472808e+18,"pooled: n >= 300, dates >= 60, points >= 10; per group n >= 100 and >= 10 reference events",exploratory,model-combination breakdown,,"In the archived sample (2024-02-05 to 2026-08-31, 36 archive points, ERA5 reanalysis, IST calendar day, nominal lead 1), when 1 of 3 models forecast >= 35.6 mm (models at or above the threshold: GFS), the reference reached >= 35.6 mm on 44 of 305 days (observed frequency 0.144; 95% block-bootstrap interval 0.109 to 0.181)."
C4|model-combination|L1|T35.6,A4|shared-data:ecmwf_ifs025+gfs_global+icon_global|-|precip|L1|pooled=all-points|all|all,C4,era5,ist_day,1,35.6,CORE M-RAIN Watch threshold,model-combination,GFS+ICON,2,49,21,insufficient sample,,,,,,33660,935,36,2024-02-05,2026-08-31,135.0,3.228569344472808e+18,"pooled: n >= 300, dates >= 60, points >= 10; per group n >= 100 and >= 10 reference events",exploratory,model-combination breakdown,,GFS+ICON (models at or above the threshold: GFS+ICON): insufficient sample (needs n >= 100 and >= 10 reference events). No value computed.
C4|model-combination|L1|T35.6,A4|shared-data:ecmwf_ifs025+gfs_global+icon_global|-|precip|L1|pooled=all-points|all|all,C4,era5,ist_day,1,35.6,CORE M-RAIN Watch threshold,model-combination,ICON,1,293,54,ok,0.1843,0.13548,0.233337,0.0,,33660,935,36,2024-02-05,2026-08-31,135.0,3.228569344472808e+18,"pooled: n >= 300, dates >= 60, points >= 10; per group n >= 100 and >= 10 reference events",exploratory,model-combination breakdown,,"In the archived sample (2024-02-05 to 2026-08-31, 36 archive points, ERA5 reanalysis, IST calendar day, nominal lead 1), when 1 of 3 models forecast >= 35.6 mm (models at or above the threshold: ICON), the reference reached >= 35.6 mm on 54 of 293 days (observed frequency 0.184; 95% block-bootstrap interval 0.135 to 0.233)."
C4|model-combination|L1|T64.5,A4|shared-data:ecmwf_ifs025+gfs_global+icon_global|-|precip|L1|pooled=all-points|all|all,C4,era5,ist_day,1,64.5,CORE M-RAIN Alert threshold,model-combination,ECMWF,1,102,30,ok,0.294118,0.206879,0.38197,0.0,,33660,935,36,2024-02-05,2026-08-31,135.0,2.4289707926349645e+18,"pooled: n >= 300, dates >= 60, points >= 10; per group n >= 100 and >= 10 reference events",exploratory,model-combination breakdown,,"In the archived sample (2024-02-05 to 2026-08-31, 36 archive points, ERA5 reanalysis, IST calendar day, nominal lead 1), when 1 of 3 models forecast >= 64.5 mm (models at or above the threshold: ECMWF), the reference reached >= 64.5 mm on 30 of 102 days (observed frequency 0.294; 95% block-bootstrap interval 0.207 to 0.382)."
C4|model-combination|L1|T64.5,A4|shared-data:ecmwf_ifs025+gfs_global+icon_global|-|precip|L1|pooled=all-points|all|all,C4,era5,ist_day,1,64.5,CORE M-RAIN Alert threshold,model-combination,ECMWF+GFS,2,22,10,insufficient sample,,,,,,33660,935,36,2024-02-05,2026-08-31,135.0,2.4289707926349645e+18,"pooled: n >= 300, dates >= 60, points >= 10; per group n >= 100 and >= 10 reference events",exploratory,model-combination breakdown,,ECMWF+GFS (models at or above the threshold: ECMWF+GFS): insufficient sample (needs n >= 100 and >= 10 reference events). No value computed.
C4|model-combination|L1|T64.5,A4|shared-data:ecmwf_ifs025+gfs_global+icon_global|-|precip|L1|pooled=all-points|all|all,C4,era5,ist_day,1,64.5,CORE M-RAIN Alert threshold,model-combination,ECMWF+ICON,2,20,11,insufficient sample,,,,,,33660,935,36,2024-02-05,2026-08-31,135.0,2.4289707926349645e+18,"pooled: n >= 300, dates >= 60, points >= 10; per group n >= 100 and >= 10 reference events",exploratory,model-combination breakdown,,ECMWF+ICON (models at or above the threshold: ECMWF+ICON): insufficient sample (needs n >= 100 and >= 10 reference events). No value computed.
C4|model-combination|L1|T64.5,A4|shared-data:ecmwf_ifs025+gfs_global+icon_global|-|precip|L1|pooled=all-points|all|all,C4,era5,ist_day,1,64.5,CORE M-RAIN Alert threshold,model-combination,GFS,1,96,15,insufficient sample,,,,,,33660,935,36,2024-02-05,2026-08-31,135.0,2.4289707926349645e+18,"pooled: n >= 300, dates >= 60, points >= 10; per group n >= 100 and >= 10 reference events",exploratory,model-combination breakdown,,GFS (models at or above the threshold: GFS): insufficient sample (needs n >= 100 and >= 10 reference events). No value computed.
C4|model-combination|L1|T64.5,A4|shared-data:ecmwf_ifs025+gfs_global+icon_global|-|precip|L1|pooled=all-points|all|all,C4,era5,ist_day,1,64.5,CORE M-RAIN Alert threshold,model-combination,GFS+ICON,2,14,4,insufficient sample,,,,,,33660,935,36,2024-02-05,2026-08-31,135.0,2.4289707926349645e+18,"pooled: n >= 300, dates >= 60, points >= 10; per group n >= 100 and >= 10 reference events",exploratory,model-combination breakdown,,GFS+ICON (models at or above the threshold: GFS+ICON): insufficient sample (needs n >= 100 and >= 10 reference events). No value computed.
C4|model-combination|L1|T64.5,A4|shared-data:ecmwf_ifs025+gfs_global+icon_global|-|precip|L1|pooled=all-points|all|all,C4,era5,ist_day,1,64.5,CORE M-RAIN Alert threshold,model-combination,ICON,1,99,15,insufficient sample,,,,,,33660,935,36,2024-02-05,2026-08-31,135.0,2.4289707926349645e+18,"pooled: n >= 300, dates >= 60, points >= 10; per group n >= 100 and >= 10 reference events",exploratory,model-combination breakdown,,ICON (models at or above the threshold: ICON): insufficient sample (needs n >= 100 and >= 10 reference events). No value computed.
C4|model-combination|L1|T115.6,A4|shared-data:ecmwf_ifs025+gfs_global+icon_global|-|precip|L1|pooled=all-points|all|all,C4,era5,ist_day,1,115.6,CORE M-RAIN Severe threshold,model-combination,ECMWF,1,14,0,insufficient sample,,,,,,33660,935,36,2024-02-05,2026-08-31,,,"pooled: n >= 300, dates >= 60, points >= 10; per group n >= 100 and >= 10 reference events",exploratory,model-combination breakdown,,ECMWF (models at or above the threshold: ECMWF): insufficient sample (needs n >= 100 and >= 10 reference events). No value computed.
C4|model-combination|L1|T115.6,A4|shared-data:ecmwf_ifs025+gfs_global+icon_global|-|precip|L1|pooled=all-points|all|all,C4,era5,ist_day,1,115.6,CORE M-RAIN Severe threshold,model-combination,ECMWF+GFS,2,1,1,insufficient sample,,,,,,33660,935,36,2024-02-05,2026-08-31,,,"pooled: n >= 300, dates >= 60, points >= 10; per group n >= 100 and >= 10 reference events",exploratory,model-combination breakdown,,ECMWF+GFS (models at or above the threshold: ECMWF+GFS): insufficient sample (needs n >= 100 and >= 10 reference events). No value computed.
C4|model-combination|L1|T115.6,A4|shared-data:ecmwf_ifs025+gfs_global+icon_global|-|precip|L1|pooled=all-points|all|all,C4,era5,ist_day,1,115.6,CORE M-RAIN Severe threshold,model-combination,ECMWF+ICON,2,1,0,insufficient sample,,,,,,33660,935,36,2024-02-05,2026-08-31,,,"pooled: n >= 300, dates >= 60, points >= 10; per group n >= 100 and >= 10 reference events",exploratory,model-combination breakdown,,ECMWF+ICON (models at or above the threshold: ECMWF+ICON): insufficient sample (needs n >= 100 and >= 10 reference events). No value computed.
C4|model-combination|L1|T115.6,A4|shared-data:ecmwf_ifs025+gfs_global+icon_global|-|precip|L1|pooled=all-points|all|all,C4,era5,ist_day,1,115.6,CORE M-RAIN Severe threshold,model-combination,GFS,1,29,1,insufficient sample,,,,,,33660,935,36,2024-02-05,2026-08-31,,,"pooled: n >= 300, dates >= 60, points >= 10; per group n >= 100 and >= 10 reference events",exploratory,model-combination breakdown,,GFS (models at or above the threshold: GFS): insufficient sample (needs n >= 100 and >= 10 reference events). No value computed.
C4|model-combination|L1|T115.6,A4|shared-data:ecmwf_ifs025+gfs_global+icon_global|-|precip|L1|pooled=all-points|all|all,C4,era5,ist_day,1,115.6,CORE M-RAIN Severe threshold,model-combination,GFS+ICON,2,4,0,insufficient sample,,,,,,33660,935,36,2024-02-05,2026-08-31,,,"pooled: n >= 300, dates >= 60, points >= 10; per group n >= 100 and >= 10 reference events",exploratory,model-combination breakdown,,GFS+ICON (models at or above the threshold: GFS+ICON): insufficient sample (needs n >= 100 and >= 10 reference events). No value computed.
C4|model-combination|L1|T115.6,A4|shared-data:ecmwf_ifs025+gfs_global+icon_global|-|precip|L1|pooled=all-points|all|all,C4,era5,ist_day,1,115.6,CORE M-RAIN Severe threshold,model-combination,ICON,1,32,8,insufficient sample,,,,,,33660,935,36,2024-02-05,2026-08-31,,,"pooled: n >= 300, dates >= 60, points >= 10; per group n >= 100 and >= 10 reference events",exploratory,model-combination breakdown,,ICON (models at or above the threshold: ICON): insufficient sample (needs n >= 100 and >= 10 reference events). No value computed.
C4|model-combination|L2|T35.6,A4|shared-data:ecmwf_ifs025+gfs_global+icon_global|-|precip|L2|pooled=all-points|all|all,C4,era5,ist_day,2,35.6,CORE M-RAIN Watch threshold,model-combination,ECMWF,1,341,112,ok,0.328446,0.263788,0.385718,0.0,,33624,934,36,2024-02-06,2026-08-31,135.0,1.184693607127471e+19,"pooled: n >= 300, dates >= 60, points >= 10; per group n >= 100 and >= 10 reference events",exploratory,model-combination breakdown,,"In the archived sample (2024-02-06 to 2026-08-31, 36 archive points, ERA5 reanalysis, IST calendar day, nominal lead 2), when 1 of 3 models forecast >= 35.6 mm (models at or above the threshold: ECMWF), the reference reached >= 35.6 mm on 112 of 341 days (observed frequency 0.328; 95% block-bootstrap interval 0.264 to 0.386)."
C4|model-combination|L2|T35.6,A4|shared-data:ecmwf_ifs025+gfs_global+icon_global|-|precip|L2|pooled=all-points|all|all,C4,era5,ist_day,2,35.6,CORE M-RAIN Watch threshold,model-combination,ECMWF+GFS,2,124,66,ok,0.532258,0.431799,0.625,0.0,,33624,934,36,2024-02-06,2026-08-31,135.0,1.184693607127471e+19,"pooled: n >= 300, dates >= 60, points >= 10; per group n >= 100 and >= 10 reference events",exploratory,model-combination breakdown,,"In the archived sample (2024-02-06 to 2026-08-31, 36 archive points, ERA5 reanalysis, IST calendar day, nominal lead 2), when 2 of 3 models forecast >= 35.6 mm (models at or above the threshold: ECMWF+GFS), the reference reached >= 35.6 mm on 66 of 124 days (observed frequency 0.532; 95% block-bootstrap interval 0.432 to 0.625)."
C4|model-combination|L2|T35.6,A4|shared-data:ecmwf_ifs025+gfs_global+icon_global|-|precip|L2|pooled=all-points|all|all,C4,era5,ist_day,2,35.6,CORE M-RAIN Watch threshold,model-combination,ECMWF+ICON,2,133,74,ok,0.556391,0.486446,0.627917,0.0,,33624,934,36,2024-02-06,2026-08-31,135.0,1.184693607127471e+19,"pooled: n >= 300, dates >= 60, points >= 10; per group n >= 100 and >= 10 reference events",exploratory,model-combination breakdown,,"In the archived sample (2024-02-06 to 2026-08-31, 36 archive points, ERA5 reanalysis, IST calendar day, nominal lead 2), when 2 of 3 models forecast >= 35.6 mm (models at or above the threshold: ECMWF+ICON), the reference reached >= 35.6 mm on 74 of 133 days (observed frequency 0.556; 95% block-bootstrap interval 0.486 to 0.628)."
C4|model-combination|L2|T35.6,A4|shared-data:ecmwf_ifs025+gfs_global+icon_global|-|precip|L2|pooled=all-points|all|all,C4,era5,ist_day,2,35.6,CORE M-RAIN Watch threshold,model-combination,GFS,1,329,45,ok,0.136778,0.099624,0.177144,0.0,,33624,934,36,2024-02-06,2026-08-31,135.0,1.184693607127471e+19,"pooled: n >= 300, dates >= 60, points >= 10; per group n >= 100 and >= 10 reference events",exploratory,model-combination breakdown,,"In the archived sample (2024-02-06 to 2026-08-31, 36 archive points, ERA5 reanalysis, IST calendar day, nominal lead 2), when 1 of 3 models forecast >= 35.6 mm (models at or above the threshold: GFS), the reference reached >= 35.6 mm on 45 of 329 days (observed frequency 0.137; 95% block-bootstrap interval 0.100 to 0.177)."
C4|model-combination|L2|T35.6,A4|shared-data:ecmwf_ifs025+gfs_global+icon_global|-|precip|L2|pooled=all-points|all|all,C4,era5,ist_day,2,35.6,CORE M-RAIN Watch threshold,model-combination,GFS+ICON,2,53,23,insufficient sample,,,,,,33624,934,36,2024-02-06,2026-08-31,135.0,1.184693607127471e+19,"pooled: n >= 300, dates >= 60, points >= 10; per group n >= 100 and >= 10 reference events",exploratory,model-combination breakdown,,GFS+ICON (models at or above the threshold: GFS+ICON): insufficient sample (needs n >= 100 and >= 10 reference events). No value computed.
C4|model-combination|L2|T35.6,A4|shared-data:ecmwf_ifs025+gfs_global+icon_global|-|precip|L2|pooled=all-points|all|all,C4,era5,ist_day,2,35.6,CORE M-RAIN Watch threshold,model-combination,ICON,1,294,45,ok,0.153061,0.103169,0.197967,0.0,,33624,934,36,2024-02-06,2026-08-31,135.0,1.184693607127471e+19,"pooled: n >= 300, dates >= 60, points >= 10; per group n >= 100 and >= 10 reference events",exploratory,model-combination breakdown,,"In the archived sample (2024-02-06 to 2026-08-31, 36 archive points, ERA5 reanalysis, IST calendar day, nominal lead 2), when 1 of 3 models forecast >= 35.6 mm (models at or above the threshold: ICON), the reference reached >= 35.6 mm on 45 of 294 days (observed frequency 0.153; 95% block-bootstrap interval 0.103 to 0.198)."
C4|model-combination|L2|T64.5,A4|shared-data:ecmwf_ifs025+gfs_global+icon_global|-|precip|L2|pooled=all-points|all|all,C4,era5,ist_day,2,64.5,CORE M-RAIN Alert threshold,model-combination,ECMWF,1,96,28,insufficient sample,,,,,,33624,934,36,2024-02-06,2026-08-31,135.0,5.710239137605906e+18,"pooled: n >= 300, dates >= 60, points >= 10; per group n >= 100 and >= 10 reference events",exploratory,model-combination breakdown,,ECMWF (models at or above the threshold: ECMWF): insufficient sample (needs n >= 100 and >= 10 reference events). No value computed.
C4|model-combination|L2|T64.5,A4|shared-data:ecmwf_ifs025+gfs_global+icon_global|-|precip|L2|pooled=all-points|all|all,C4,era5,ist_day,2,64.5,CORE M-RAIN Alert threshold,model-combination,ECMWF+GFS,2,18,5,insufficient sample,,,,,,33624,934,36,2024-02-06,2026-08-31,135.0,5.710239137605906e+18,"pooled: n >= 300, dates >= 60, points >= 10; per group n >= 100 and >= 10 reference events",exploratory,model-combination breakdown,,ECMWF+GFS (models at or above the threshold: ECMWF+GFS): insufficient sample (needs n >= 100 and >= 10 reference events). No value computed.
C4|model-combination|L2|T64.5,A4|shared-data:ecmwf_ifs025+gfs_global+icon_global|-|precip|L2|pooled=all-points|all|all,C4,era5,ist_day,2,64.5,CORE M-RAIN Alert threshold,model-combination,ECMWF+ICON,2,23,13,insufficient sample,,,,,,33624,934,36,2024-02-06,2026-08-31,135.0,5.710239137605906e+18,"pooled: n >= 300, dates >= 60, points >= 10; per group n >= 100 and >= 10 reference events",exploratory,model-combination breakdown,,ECMWF+ICON (models at or above the threshold: ECMWF+ICON): insufficient sample (needs n >= 100 and >= 10 reference events). No value computed.
C4|model-combination|L2|T64.5,A4|shared-data:ecmwf_ifs025+gfs_global+icon_global|-|precip|L2|pooled=all-points|all|all,C4,era5,ist_day,2,64.5,CORE M-RAIN Alert threshold,model-combination,GFS,1,108,17,ok,0.157407,0.085461,0.230769,0.0,,33624,934,36,2024-02-06,2026-08-31,135.0,5.710239137605906e+18,"pooled: n >= 300, dates >= 60, points >= 10; per group n >= 100 and >= 10 reference events",exploratory,model-combination breakdown,,"In the archived sample (2024-02-06 to 2026-08-31, 36 archive points, ERA5 reanalysis, IST calendar day, nominal lead 2), when 1 of 3 models forecast >= 64.5 mm (models at or above the threshold: GFS), the reference reached >= 64.5 mm on 17 of 108 days (observed frequency 0.157; 95% block-bootstrap interval 0.085 to 0.231)."
C4|model-combination|L2|T64.5,A4|shared-data:ecmwf_ifs025+gfs_global+icon_global|-|precip|L2|pooled=all-points|all|all,C4,era5,ist_day,2,64.5,CORE M-RAIN Alert threshold,model-combination,GFS+ICON,2,17,6,insufficient sample,,,,,,33624,934,36,2024-02-06,2026-08-31,135.0,5.710239137605906e+18,"pooled: n >= 300, dates >= 60, points >= 10; per group n >= 100 and >= 10 reference events",exploratory,model-combination breakdown,,GFS+ICON (models at or above the threshold: GFS+ICON): insufficient sample (needs n >= 100 and >= 10 reference events). No value computed.
C4|model-combination|L2|T64.5,A4|shared-data:ecmwf_ifs025+gfs_global+icon_global|-|precip|L2|pooled=all-points|all|all,C4,era5,ist_day,2,64.5,CORE M-RAIN Alert threshold,model-combination,ICON,1,106,14,ok,0.132075,0.071429,0.2,0.0,,33624,934,36,2024-02-06,2026-08-31,135.0,5.710239137605906e+18,"pooled: n >= 300, dates >= 60, points >= 10; per group n >= 100 and >= 10 reference events",exploratory,model-combination breakdown,,"In the archived sample (2024-02-06 to 2026-08-31, 36 archive points, ERA5 reanalysis, IST calendar day, nominal lead 2), when 1 of 3 models forecast >= 64.5 mm (models at or above the threshold: ICON), the reference reached >= 64.5 mm on 14 of 106 days (observed frequency 0.132; 95% block-bootstrap interval 0.071 to 0.200)."
C4|model-combination|L2|T115.6,A4|shared-data:ecmwf_ifs025+gfs_global+icon_global|-|precip|L2|pooled=all-points|all|all,C4,era5,ist_day,2,115.6,CORE M-RAIN Severe threshold,model-combination,ECMWF,1,16,4,insufficient sample,,,,,,33624,934,36,2024-02-06,2026-08-31,,,"pooled: n >= 300, dates >= 60, points >= 10; per group n >= 100 and >= 10 reference events",exploratory,model-combination breakdown,,ECMWF (models at or above the threshold: ECMWF): insufficient sample (needs n >= 100 and >= 10 reference events). No value computed.
C4|model-combination|L2|T115.6,A4|shared-data:ecmwf_ifs025+gfs_global+icon_global|-|precip|L2|pooled=all-points|all|all,C4,era5,ist_day,2,115.6,CORE M-RAIN Severe threshold,model-combination,ECMWF+GFS,2,1,0,insufficient sample,,,,,,33624,934,36,2024-02-06,2026-08-31,,,"pooled: n >= 300, dates >= 60, points >= 10; per group n >= 100 and >= 10 reference events",exploratory,model-combination breakdown,,ECMWF+GFS (models at or above the threshold: ECMWF+GFS): insufficient sample (needs n >= 100 and >= 10 reference events). No value computed.
C4|model-combination|L2|T115.6,A4|shared-data:ecmwf_ifs025+gfs_global+icon_global|-|precip|L2|pooled=all-points|all|all,C4,era5,ist_day,2,115.6,CORE M-RAIN Severe threshold,model-combination,ECMWF+ICON,2,1,0,insufficient sample,,,,,,33624,934,36,2024-02-06,2026-08-31,,,"pooled: n >= 300, dates >= 60, points >= 10; per group n >= 100 and >= 10 reference events",exploratory,model-combination breakdown,,ECMWF+ICON (models at or above the threshold: ECMWF+ICON): insufficient sample (needs n >= 100 and >= 10 reference events). No value computed.
C4|model-combination|L2|T115.6,A4|shared-data:ecmwf_ifs025+gfs_global+icon_global|-|precip|L2|pooled=all-points|all|all,C4,era5,ist_day,2,115.6,CORE M-RAIN Severe threshold,model-combination,GFS,1,26,1,insufficient sample,,,,,,33624,934,36,2024-02-06,2026-08-31,,,"pooled: n >= 300, dates >= 60, points >= 10; per group n >= 100 and >= 10 reference events",exploratory,model-combination breakdown,,GFS (models at or above the threshold: GFS): insufficient sample (needs n >= 100 and >= 10 reference events). No value computed.
C4|model-combination|L2|T115.6,A4|shared-data:ecmwf_ifs025+gfs_global+icon_global|-|precip|L2|pooled=all-points|all|all,C4,era5,ist_day,2,115.6,CORE M-RAIN Severe threshold,model-combination,GFS+ICON,2,1,1,insufficient sample,,,,,,33624,934,36,2024-02-06,2026-08-31,,,"pooled: n >= 300, dates >= 60, points >= 10; per group n >= 100 and >= 10 reference events",exploratory,model-combination breakdown,,GFS+ICON (models at or above the threshold: GFS+ICON): insufficient sample (needs n >= 100 and >= 10 reference events). No value computed.
C4|model-combination|L2|T115.6,A4|shared-data:ecmwf_ifs025+gfs_global+icon_global|-|precip|L2|pooled=all-points|all|all,C4,era5,ist_day,2,115.6,CORE M-RAIN Severe threshold,model-combination,ICON,1,23,4,insufficient sample,,,,,,33624,934,36,2024-02-06,2026-08-31,,,"pooled: n >= 300, dates >= 60, points >= 10; per group n >= 100 and >= 10 reference events",exploratory,model-combination breakdown,,ICON (models at or above the threshold: ICON): insufficient sample (needs n >= 100 and >= 10 reference events). No value computed.
C4|model-combination|L3|T35.6,A4|shared-data:ecmwf_ifs025+gfs_global+icon_global|-|precip|L3|pooled=all-points|all|all,C4,era5,ist_day,3,35.6,CORE M-RAIN Watch threshold,model-combination,ECMWF,1,442,132,ok,0.298643,0.250658,0.339708,0.0,,33732,937,36,2024-02-07,2026-08-31,135.0,1.2564652296187093e+19,"pooled: n >= 300, dates >= 60, points >= 10; per group n >= 100 and >= 10 reference events",exploratory,model-combination breakdown,,"In the archived sample (2024-02-07 to 2026-08-31, 36 archive points, ERA5 reanalysis, IST calendar day, nominal lead 3), when 1 of 3 models forecast >= 35.6 mm (models at or above the threshold: ECMWF), the reference reached >= 35.6 mm on 132 of 442 days (observed frequency 0.299; 95% block-bootstrap interval 0.251 to 0.340)."
C4|model-combination|L3|T35.6,A4|shared-data:ecmwf_ifs025+gfs_global+icon_global|-|precip|L3|pooled=all-points|all|all,C4,era5,ist_day,3,35.6,CORE M-RAIN Watch threshold,model-combination,ECMWF+GFS,2,103,49,ok,0.475728,0.388223,0.574276,0.0,,33732,937,36,2024-02-07,2026-08-31,135.0,1.2564652296187093e+19,"pooled: n >= 300, dates >= 60, points >= 10; per group n >= 100 and >= 10 reference events",exploratory,model-combination breakdown,,"In the archived sample (2024-02-07 to 2026-08-31, 36 archive points, ERA5 reanalysis, IST calendar day, nominal lead 3), when 2 of 3 models forecast >= 35.6 mm (models at or above the threshold: ECMWF+GFS), the reference reached >= 35.6 mm on 49 of 103 days (observed frequency 0.476; 95% block-bootstrap interval 0.388 to 0.574)."
C4|model-combination|L3|T35.6,A4|shared-data:ecmwf_ifs025+gfs_global+icon_global|-|precip|L3|pooled=all-points|all|all,C4,era5,ist_day,3,35.6,CORE M-RAIN Watch threshold,model-combination,ECMWF+ICON,2,112,45,ok,0.401786,0.315306,0.484854,0.0,,33732,937,36,2024-02-07,2026-08-31,135.0,1.2564652296187093e+19,"pooled: n >= 300, dates >= 60, points >= 10; per group n >= 100 and >= 10 reference events",exploratory,model-combination breakdown,,"In the archived sample (2024-02-07 to 2026-08-31, 36 archive points, ERA5 reanalysis, IST calendar day, nominal lead 3), when 2 of 3 models forecast >= 35.6 mm (models at or above the threshold: ECMWF+ICON), the reference reached >= 35.6 mm on 45 of 112 days (observed frequency 0.402; 95% block-bootstrap interval 0.315 to 0.485)."
C4|model-combination|L3|T35.6,A4|shared-data:ecmwf_ifs025+gfs_global+icon_global|-|precip|L3|pooled=all-points|all|all,C4,era5,ist_day,3,35.6,CORE M-RAIN Watch threshold,model-combination,GFS,1,378,50,ok,0.132275,0.093395,0.174053,0.0,,33732,937,36,2024-02-07,2026-08-31,135.0,1.2564652296187093e+19,"pooled: n >= 300, dates >= 60, points >= 10; per group n >= 100 and >= 10 reference events",exploratory,model-combination breakdown,,"In the archived sample (2024-02-07 to 2026-08-31, 36 archive points, ERA5 reanalysis, IST calendar day, nominal lead 3), when 1 of 3 models forecast >= 35.6 mm (models at or above the threshold: GFS), the reference reached >= 35.6 mm on 50 of 378 days (observed frequency 0.132; 95% block-bootstrap interval 0.093 to 0.174)."
C4|model-combination|L3|T35.6,A4|shared-data:ecmwf_ifs025+gfs_global+icon_global|-|precip|L3|pooled=all-points|all|all,C4,era5,ist_day,3,35.6,CORE M-RAIN Watch threshold,model-combination,GFS+ICON,2,49,16,insufficient sample,,,,,,33732,937,36,2024-02-07,2026-08-31,135.0,1.2564652296187093e+19,"pooled: n >= 300, dates >= 60, points >= 10; per group n >= 100 and >= 10 reference events",exploratory,model-combination breakdown,,GFS+ICON (models at or above the threshold: GFS+ICON): insufficient sample (needs n >= 100 and >= 10 reference events). No value computed.
C4|model-combination|L3|T35.6,A4|shared-data:ecmwf_ifs025+gfs_global+icon_global|-|precip|L3|pooled=all-points|all|all,C4,era5,ist_day,3,35.6,CORE M-RAIN Watch threshold,model-combination,ICON,1,299,56,ok,0.187291,0.141446,0.234785,0.0,,33732,937,36,2024-02-07,2026-08-31,135.0,1.2564652296187093e+19,"pooled: n >= 300, dates >= 60, points >= 10; per group n >= 100 and >= 10 reference events",exploratory,model-combination breakdown,,"In the archived sample (2024-02-07 to 2026-08-31, 36 archive points, ERA5 reanalysis, IST calendar day, nominal lead 3), when 1 of 3 models forecast >= 35.6 mm (models at or above the threshold: ICON), the reference reached >= 35.6 mm on 56 of 299 days (observed frequency 0.187; 95% block-bootstrap interval 0.141 to 0.235)."
C4|model-combination|L3|T64.5,A4|shared-data:ecmwf_ifs025+gfs_global+icon_global|-|precip|L3|pooled=all-points|all|all,C4,era5,ist_day,3,64.5,CORE M-RAIN Alert threshold,model-combination,ECMWF,1,110,25,ok,0.227273,0.15625,0.302336,0.0,,33732,937,36,2024-02-07,2026-08-31,135.0,1.222014885090206e+19,"pooled: n >= 300, dates >= 60, points >= 10; per group n >= 100 and >= 10 reference events",exploratory,model-combination breakdown,,"In the archived sample (2024-02-07 to 2026-08-31, 36 archive points, ERA5 reanalysis, IST calendar day, nominal lead 3), when 1 of 3 models forecast >= 64.5 mm (models at or above the threshold: ECMWF), the reference reached >= 64.5 mm on 25 of 110 days (observed frequency 0.227; 95% block-bootstrap interval 0.156 to 0.302)."
C4|model-combination|L3|T64.5,A4|shared-data:ecmwf_ifs025+gfs_global+icon_global|-|precip|L3|pooled=all-points|all|all,C4,era5,ist_day,3,64.5,CORE M-RAIN Alert threshold,model-combination,ECMWF+GFS,2,14,5,insufficient sample,,,,,,33732,937,36,2024-02-07,2026-08-31,135.0,1.222014885090206e+19,"pooled: n >= 300, dates >= 60, points >= 10; per group n >= 100 and >= 10 reference events",exploratory,model-combination breakdown,,ECMWF+GFS (models at or above the threshold: ECMWF+GFS): insufficient sample (needs n >= 100 and >= 10 reference events). No value computed.
C4|model-combination|L3|T64.5,A4|shared-data:ecmwf_ifs025+gfs_global+icon_global|-|precip|L3|pooled=all-points|all|all,C4,era5,ist_day,3,64.5,CORE M-RAIN Alert threshold,model-combination,ECMWF+ICON,2,23,5,insufficient sample,,,,,,33732,937,36,2024-02-07,2026-08-31,135.0,1.222014885090206e+19,"pooled: n >= 300, dates >= 60, points >= 10; per group n >= 100 and >= 10 reference events",exploratory,model-combination breakdown,,ECMWF+ICON (models at or above the threshold: ECMWF+ICON): insufficient sample (needs n >= 100 and >= 10 reference events). No value computed.
C4|model-combination|L3|T64.5,A4|shared-data:ecmwf_ifs025+gfs_global+icon_global|-|precip|L3|pooled=all-points|all|all,C4,era5,ist_day,3,64.5,CORE M-RAIN Alert threshold,model-combination,GFS,1,134,17,ok,0.126866,0.066654,0.192616,0.0,,33732,937,36,2024-02-07,2026-08-31,135.0,1.222014885090206e+19,"pooled: n >= 300, dates >= 60, points >= 10; per group n >= 100 and >= 10 reference events",exploratory,model-combination breakdown,,"In the archived sample (2024-02-07 to 2026-08-31, 36 archive points, ERA5 reanalysis, IST calendar day, nominal lead 3), when 1 of 3 models forecast >= 64.5 mm (models at or above the threshold: GFS), the reference reached >= 64.5 mm on 17 of 134 days (observed frequency 0.127; 95% block-bootstrap interval 0.067 to 0.193)."
C4|model-combination|L3|T64.5,A4|shared-data:ecmwf_ifs025+gfs_global+icon_global|-|precip|L3|pooled=all-points|all|all,C4,era5,ist_day,3,64.5,CORE M-RAIN Alert threshold,model-combination,GFS+ICON,2,10,4,insufficient sample,,,,,,33732,937,36,2024-02-07,2026-08-31,135.0,1.222014885090206e+19,"pooled: n >= 300, dates >= 60, points >= 10; per group n >= 100 and >= 10 reference events",exploratory,model-combination breakdown,,GFS+ICON (models at or above the threshold: GFS+ICON): insufficient sample (needs n >= 100 and >= 10 reference events). No value computed.
C4|model-combination|L3|T64.5,A4|shared-data:ecmwf_ifs025+gfs_global+icon_global|-|precip|L3|pooled=all-points|all|all,C4,era5,ist_day,3,64.5,CORE M-RAIN Alert threshold,model-combination,ICON,1,105,18,ok,0.171429,0.102015,0.257236,0.0,,33732,937,36,2024-02-07,2026-08-31,135.0,1.222014885090206e+19,"pooled: n >= 300, dates >= 60, points >= 10; per group n >= 100 and >= 10 reference events",exploratory,model-combination breakdown,,"In the archived sample (2024-02-07 to 2026-08-31, 36 archive points, ERA5 reanalysis, IST calendar day, nominal lead 3), when 1 of 3 models forecast >= 64.5 mm (models at or above the threshold: ICON), the reference reached >= 64.5 mm on 18 of 105 days (observed frequency 0.171; 95% block-bootstrap interval 0.102 to 0.257)."
C4|model-combination|L3|T115.6,A4|shared-data:ecmwf_ifs025+gfs_global+icon_global|-|precip|L3|pooled=all-points|all|all,C4,era5,ist_day,3,115.6,CORE M-RAIN Severe threshold,model-combination,ECMWF,1,16,2,insufficient sample,,,,,,33732,937,36,2024-02-07,2026-08-31,,,"pooled: n >= 300, dates >= 60, points >= 10; per group n >= 100 and >= 10 reference events",exploratory,model-combination breakdown,,ECMWF (models at or above the threshold: ECMWF): insufficient sample (needs n >= 100 and >= 10 reference events). No value computed.
C4|model-combination|L3|T115.6,A4|shared-data:ecmwf_ifs025+gfs_global+icon_global|-|precip|L3|pooled=all-points|all|all,C4,era5,ist_day,3,115.6,CORE M-RAIN Severe threshold,model-combination,ECMWF+GFS,2,0,0,insufficient sample,,,,,,33732,937,36,2024-02-07,2026-08-31,,,"pooled: n >= 300, dates >= 60, points >= 10; per group n >= 100 and >= 10 reference events",exploratory,model-combination breakdown,,ECMWF+GFS (models at or above the threshold: ECMWF+GFS): insufficient sample (needs n >= 100 and >= 10 reference events). No value computed.
C4|model-combination|L3|T115.6,A4|shared-data:ecmwf_ifs025+gfs_global+icon_global|-|precip|L3|pooled=all-points|all|all,C4,era5,ist_day,3,115.6,CORE M-RAIN Severe threshold,model-combination,ECMWF+ICON,2,2,0,insufficient sample,,,,,,33732,937,36,2024-02-07,2026-08-31,,,"pooled: n >= 300, dates >= 60, points >= 10; per group n >= 100 and >= 10 reference events",exploratory,model-combination breakdown,,ECMWF+ICON (models at or above the threshold: ECMWF+ICON): insufficient sample (needs n >= 100 and >= 10 reference events). No value computed.
C4|model-combination|L3|T115.6,A4|shared-data:ecmwf_ifs025+gfs_global+icon_global|-|precip|L3|pooled=all-points|all|all,C4,era5,ist_day,3,115.6,CORE M-RAIN Severe threshold,model-combination,GFS,1,24,2,insufficient sample,,,,,,33732,937,36,2024-02-07,2026-08-31,,,"pooled: n >= 300, dates >= 60, points >= 10; per group n >= 100 and >= 10 reference events",exploratory,model-combination breakdown,,GFS (models at or above the threshold: GFS): insufficient sample (needs n >= 100 and >= 10 reference events). No value computed.
C4|model-combination|L3|T115.6,A4|shared-data:ecmwf_ifs025+gfs_global+icon_global|-|precip|L3|pooled=all-points|all|all,C4,era5,ist_day,3,115.6,CORE M-RAIN Severe threshold,model-combination,GFS+ICON,2,3,2,insufficient sample,,,,,,33732,937,36,2024-02-07,2026-08-31,,,"pooled: n >= 300, dates >= 60, points >= 10; per group n >= 100 and >= 10 reference events",exploratory,model-combination breakdown,,GFS+ICON (models at or above the threshold: GFS+ICON): insufficient sample (needs n >= 100 and >= 10 reference events). No value computed.
C4|model-combination|L3|T115.6,A4|shared-data:ecmwf_ifs025+gfs_global+icon_global|-|precip|L3|pooled=all-points|all|all,C4,era5,ist_day,3,115.6,CORE M-RAIN Severe threshold,model-combination,ICON,1,22,3,insufficient sample,,,,,,33732,937,36,2024-02-07,2026-08-31,,,"pooled: n >= 300, dates >= 60, points >= 10; per group n >= 100 and >= 10 reference events",exploratory,model-combination breakdown,,ICON (models at or above the threshold: ICON): insufficient sample (needs n >= 100 and >= 10 reference events). No value computed.
C4|model-combination|L4|T35.6,A4|shared-data:ecmwf_ifs025+gfs_global+icon_global|-|precip|L4|pooled=all-points|all|all,C4,era5,ist_day,4,35.6,CORE M-RAIN Watch threshold,model-combination,ECMWF,1,395,100,ok,0.253165,0.210497,0.297091,0.0,,33696,936,36,2024-02-08,2026-08-31,134.0,8.640503342185253e+18,"pooled: n >= 300, dates >= 60, points >= 10; per group n >= 100 and >= 10 reference events",exploratory,model-combination breakdown,,"In the archived sample (2024-02-08 to 2026-08-31, 36 archive points, ERA5 reanalysis, IST calendar day, nominal lead 4), when 1 of 3 models forecast >= 35.6 mm (models at or above the threshold: ECMWF), the reference reached >= 35.6 mm on 100 of 395 days (observed frequency 0.253; 95% block-bootstrap interval 0.210 to 0.297)."
C4|model-combination|L4|T35.6,A4|shared-data:ecmwf_ifs025+gfs_global+icon_global|-|precip|L4|pooled=all-points|all|all,C4,era5,ist_day,4,35.6,CORE M-RAIN Watch threshold,model-combination,ECMWF+GFS,2,117,47,ok,0.401709,0.311092,0.49076,0.0,,33696,936,36,2024-02-08,2026-08-31,134.0,8.640503342185253e+18,"pooled: n >= 300, dates >= 60, points >= 10; per group n >= 100 and >= 10 reference events",exploratory,model-combination breakdown,,"In the archived sample (2024-02-08 to 2026-08-31, 36 archive points, ERA5 reanalysis, IST calendar day, nominal lead 4), when 2 of 3 models forecast >= 35.6 mm (models at or above the threshold: ECMWF+GFS), the reference reached >= 35.6 mm on 47 of 117 days (observed frequency 0.402; 95% block-bootstrap interval 0.311 to 0.491)."
C4|model-combination|L4|T35.6,A4|shared-data:ecmwf_ifs025+gfs_global+icon_global|-|precip|L4|pooled=all-points|all|all,C4,era5,ist_day,4,35.6,CORE M-RAIN Watch threshold,model-combination,ECMWF+ICON,2,97,48,insufficient sample,,,,,,33696,936,36,2024-02-08,2026-08-31,134.0,8.640503342185253e+18,"pooled: n >= 300, dates >= 60, points >= 10; per group n >= 100 and >= 10 reference events",exploratory,model-combination breakdown,,ECMWF+ICON (models at or above the threshold: ECMWF+ICON): insufficient sample (needs n >= 100 and >= 10 reference events). No value computed.
C4|model-combination|L4|T35.6,A4|shared-data:ecmwf_ifs025+gfs_global+icon_global|-|precip|L4|pooled=all-points|all|all,C4,era5,ist_day,4,35.6,CORE M-RAIN Watch threshold,model-combination,GFS,1,417,56,ok,0.134293,0.098726,0.168806,0.0,,33696,936,36,2024-02-08,2026-08-31,134.0,8.640503342185253e+18,"pooled: n >= 300, dates >= 60, points >= 10; per group n >= 100 and >= 10 reference events",exploratory,model-combination breakdown,,"In the archived sample (2024-02-08 to 2026-08-31, 36 archive points, ERA5 reanalysis, IST calendar day, nominal lead 4), when 1 of 3 models forecast >= 35.6 mm (models at or above the threshold: GFS), the reference reached >= 35.6 mm on 56 of 417 days (observed frequency 0.134; 95% block-bootstrap interval 0.099 to 0.169)."
C4|model-combination|L4|T35.6,A4|shared-data:ecmwf_ifs025+gfs_global+icon_global|-|precip|L4|pooled=all-points|all|all,C4,era5,ist_day,4,35.6,CORE M-RAIN Watch threshold,model-combination,GFS+ICON,2,44,9,insufficient sample,,,,,,33696,936,36,2024-02-08,2026-08-31,134.0,8.640503342185253e+18,"pooled: n >= 300, dates >= 60, points >= 10; per group n >= 100 and >= 10 reference events",exploratory,model-combination breakdown,,GFS+ICON (models at or above the threshold: GFS+ICON): insufficient sample (needs n >= 100 and >= 10 reference events). No value computed.
C4|model-combination|L4|T35.6,A4|shared-data:ecmwf_ifs025+gfs_global+icon_global|-|precip|L4|pooled=all-points|all|all,C4,era5,ist_day,4,35.6,CORE M-RAIN Watch threshold,model-combination,ICON,1,299,50,ok,0.167224,0.127724,0.204683,0.0,,33696,936,36,2024-02-08,2026-08-31,134.0,8.640503342185253e+18,"pooled: n >= 300, dates >= 60, points >= 10; per group n >= 100 and >= 10 reference events",exploratory,model-combination breakdown,,"In the archived sample (2024-02-08 to 2026-08-31, 36 archive points, ERA5 reanalysis, IST calendar day, nominal lead 4), when 1 of 3 models forecast >= 35.6 mm (models at or above the threshold: ICON), the reference reached >= 35.6 mm on 50 of 299 days (observed frequency 0.167; 95% block-bootstrap interval 0.128 to 0.205)."
C4|model-combination|L4|T64.5,A4|shared-data:ecmwf_ifs025+gfs_global+icon_global|-|precip|L4|pooled=all-points|all|all,C4,era5,ist_day,4,64.5,CORE M-RAIN Alert threshold,model-combination,ECMWF,1,107,22,ok,0.205607,0.130415,0.283211,0.0,,33696,936,36,2024-02-08,2026-08-31,134.0,7.492839511583003e+18,"pooled: n >= 300, dates >= 60, points >= 10; per group n >= 100 and >= 10 reference events",exploratory,model-combination breakdown,,"In the archived sample (2024-02-08 to 2026-08-31, 36 archive points, ERA5 reanalysis, IST calendar day, nominal lead 4), when 1 of 3 models forecast >= 64.5 mm (models at or above the threshold: ECMWF), the reference reached >= 64.5 mm on 22 of 107 days (observed frequency 0.206; 95% block-bootstrap interval 0.130 to 0.283)."
C4|model-combination|L4|T64.5,A4|shared-data:ecmwf_ifs025+gfs_global+icon_global|-|precip|L4|pooled=all-points|all|all,C4,era5,ist_day,4,64.5,CORE M-RAIN Alert threshold,model-combination,ECMWF+GFS,2,14,2,insufficient sample,,,,,,33696,936,36,2024-02-08,2026-08-31,134.0,7.492839511583003e+18,"pooled: n >= 300, dates >= 60, points >= 10; per group n >= 100 and >= 10 reference events",exploratory,model-combination breakdown,,ECMWF+GFS (models at or above the threshold: ECMWF+GFS): insufficient sample (needs n >= 100 and >= 10 reference events). No value computed.
C4|model-combination|L4|T64.5,A4|shared-data:ecmwf_ifs025+gfs_global+icon_global|-|precip|L4|pooled=all-points|all|all,C4,era5,ist_day,4,64.5,CORE M-RAIN Alert threshold,model-combination,ECMWF+ICON,2,20,6,insufficient sample,,,,,,33696,936,36,2024-02-08,2026-08-31,134.0,7.492839511583003e+18,"pooled: n >= 300, dates >= 60, points >= 10; per group n >= 100 and >= 10 reference events",exploratory,model-combination breakdown,,ECMWF+ICON (models at or above the threshold: ECMWF+ICON): insufficient sample (needs n >= 100 and >= 10 reference events). No value computed.
C4|model-combination|L4|T64.5,A4|shared-data:ecmwf_ifs025+gfs_global+icon_global|-|precip|L4|pooled=all-points|all|all,C4,era5,ist_day,4,64.5,CORE M-RAIN Alert threshold,model-combination,GFS,1,131,7,insufficient sample,,,,,,33696,936,36,2024-02-08,2026-08-31,134.0,7.492839511583003e+18,"pooled: n >= 300, dates >= 60, points >= 10; per group n >= 100 and >= 10 reference events",exploratory,model-combination breakdown,,GFS (models at or above the threshold: GFS): insufficient sample (needs n >= 100 and >= 10 reference events). No value computed.
C4|model-combination|L4|T64.5,A4|shared-data:ecmwf_ifs025+gfs_global+icon_global|-|precip|L4|pooled=all-points|all|all,C4,era5,ist_day,4,64.5,CORE M-RAIN Alert threshold,model-combination,GFS+ICON,2,9,4,insufficient sample,,,,,,33696,936,36,2024-02-08,2026-08-31,134.0,7.492839511583003e+18,"pooled: n >= 300, dates >= 60, points >= 10; per group n >= 100 and >= 10 reference events",exploratory,model-combination breakdown,,GFS+ICON (models at or above the threshold: GFS+ICON): insufficient sample (needs n >= 100 and >= 10 reference events). No value computed.
C4|model-combination|L4|T64.5,A4|shared-data:ecmwf_ifs025+gfs_global+icon_global|-|precip|L4|pooled=all-points|all|all,C4,era5,ist_day,4,64.5,CORE M-RAIN Alert threshold,model-combination,ICON,1,88,14,insufficient sample,,,,,,33696,936,36,2024-02-08,2026-08-31,134.0,7.492839511583003e+18,"pooled: n >= 300, dates >= 60, points >= 10; per group n >= 100 and >= 10 reference events",exploratory,model-combination breakdown,,ICON (models at or above the threshold: ICON): insufficient sample (needs n >= 100 and >= 10 reference events). No value computed.
C4|model-combination|L4|T115.6,A4|shared-data:ecmwf_ifs025+gfs_global+icon_global|-|precip|L4|pooled=all-points|all|all,C4,era5,ist_day,4,115.6,CORE M-RAIN Severe threshold,model-combination,ECMWF,1,14,2,insufficient sample,,,,,,33696,936,36,2024-02-08,2026-08-31,,,"pooled: n >= 300, dates >= 60, points >= 10; per group n >= 100 and >= 10 reference events",exploratory,model-combination breakdown,,ECMWF (models at or above the threshold: ECMWF): insufficient sample (needs n >= 100 and >= 10 reference events). No value computed.
C4|model-combination|L4|T115.6,A4|shared-data:ecmwf_ifs025+gfs_global+icon_global|-|precip|L4|pooled=all-points|all|all,C4,era5,ist_day,4,115.6,CORE M-RAIN Severe threshold,model-combination,ECMWF+GFS,2,0,0,insufficient sample,,,,,,33696,936,36,2024-02-08,2026-08-31,,,"pooled: n >= 300, dates >= 60, points >= 10; per group n >= 100 and >= 10 reference events",exploratory,model-combination breakdown,,ECMWF+GFS (models at or above the threshold: ECMWF+GFS): insufficient sample (needs n >= 100 and >= 10 reference events). No value computed.
C4|model-combination|L4|T115.6,A4|shared-data:ecmwf_ifs025+gfs_global+icon_global|-|precip|L4|pooled=all-points|all|all,C4,era5,ist_day,4,115.6,CORE M-RAIN Severe threshold,model-combination,ECMWF+ICON,2,2,0,insufficient sample,,,,,,33696,936,36,2024-02-08,2026-08-31,,,"pooled: n >= 300, dates >= 60, points >= 10; per group n >= 100 and >= 10 reference events",exploratory,model-combination breakdown,,ECMWF+ICON (models at or above the threshold: ECMWF+ICON): insufficient sample (needs n >= 100 and >= 10 reference events). No value computed.
C4|model-combination|L4|T115.6,A4|shared-data:ecmwf_ifs025+gfs_global+icon_global|-|precip|L4|pooled=all-points|all|all,C4,era5,ist_day,4,115.6,CORE M-RAIN Severe threshold,model-combination,GFS,1,38,0,insufficient sample,,,,,,33696,936,36,2024-02-08,2026-08-31,,,"pooled: n >= 300, dates >= 60, points >= 10; per group n >= 100 and >= 10 reference events",exploratory,model-combination breakdown,,GFS (models at or above the threshold: GFS): insufficient sample (needs n >= 100 and >= 10 reference events). No value computed.
C4|model-combination|L4|T115.6,A4|shared-data:ecmwf_ifs025+gfs_global+icon_global|-|precip|L4|pooled=all-points|all|all,C4,era5,ist_day,4,115.6,CORE M-RAIN Severe threshold,model-combination,GFS+ICON,2,2,1,insufficient sample,,,,,,33696,936,36,2024-02-08,2026-08-31,,,"pooled: n >= 300, dates >= 60, points >= 10; per group n >= 100 and >= 10 reference events",exploratory,model-combination breakdown,,GFS+ICON (models at or above the threshold: GFS+ICON): insufficient sample (needs n >= 100 and >= 10 reference events). No value computed.
C4|model-combination|L4|T115.6,A4|shared-data:ecmwf_ifs025+gfs_global+icon_global|-|precip|L4|pooled=all-points|all|all,C4,era5,ist_day,4,115.6,CORE M-RAIN Severe threshold,model-combination,ICON,1,26,5,insufficient sample,,,,,,33696,936,36,2024-02-08,2026-08-31,,,"pooled: n >= 300, dates >= 60, points >= 10; per group n >= 100 and >= 10 reference events",exploratory,model-combination breakdown,,ICON (models at or above the threshold: ICON): insufficient sample (needs n >= 100 and >= 10 reference events). No value computed.
C4|model-combination|L5|T35.6,A4|shared-data:ecmwf_ifs025+gfs_global+icon_global|-|precip|L5|pooled=all-points|all|all,C4,era5,ist_day,5,35.6,CORE M-RAIN Watch threshold,model-combination,ECMWF,1,496,132,ok,0.266129,0.219835,0.311691,0.0,,33408,928,36,2024-02-09,2026-08-31,134.0,1.798000018095962e+19,"pooled: n >= 300, dates >= 60, points >= 10; per group n >= 100 and >= 10 reference events",exploratory,model-combination breakdown; leads 5-6,GFS rainfall source representation changes at this lead range. The effect on the verification metric and on the model-agreement distribution is unresolved.,"In the archived sample (2024-02-09 to 2026-08-31, 36 archive points, ERA5 reanalysis, IST calendar day, nominal lead 5), when 1 of 3 models forecast >= 35.6 mm (models at or above the threshold: ECMWF), the reference reached >= 35.6 mm on 132 of 496 days (observed frequency 0.266; 95% block-bootstrap interval 0.220 to 0.312)."
C4|model-combination|L5|T35.6,A4|shared-data:ecmwf_ifs025+gfs_global+icon_global|-|precip|L5|pooled=all-points|all|all,C4,era5,ist_day,5,35.6,CORE M-RAIN Watch threshold,model-combination,ECMWF+GFS,2,19,10,insufficient sample,,,,,,33408,928,36,2024-02-09,2026-08-31,134.0,1.798000018095962e+19,"pooled: n >= 300, dates >= 60, points >= 10; per group n >= 100 and >= 10 reference events",exploratory,model-combination breakdown; leads 5-6,GFS rainfall source representation changes at this lead range. The effect on the verification metric and on the model-agreement distribution is unresolved.,ECMWF+GFS (models at or above the threshold: ECMWF+GFS): insufficient sample (needs n >= 100 and >= 10 reference events). No value computed.
C4|model-combination|L5|T35.6,A4|shared-data:ecmwf_ifs025+gfs_global+icon_global|-|precip|L5|pooled=all-points|all|all,C4,era5,ist_day,5,35.6,CORE M-RAIN Watch threshold,model-combination,ECMWF+ICON,2,114,48,ok,0.421053,0.321096,0.516982,0.0,,33408,928,36,2024-02-09,2026-08-31,134.0,1.798000018095962e+19,"pooled: n >= 300, dates >= 60, points >= 10; per group n >= 100 and >= 10 reference events",exploratory,model-combination breakdown; leads 5-6,GFS rainfall source representation changes at this lead range. The effect on the verification metric and on the model-agreement distribution is unresolved.,"In the archived sample (2024-02-09 to 2026-08-31, 36 archive points, ERA5 reanalysis, IST calendar day, nominal lead 5), when 2 of 3 models forecast >= 35.6 mm (models at or above the threshold: ECMWF+ICON), the reference reached >= 35.6 mm on 48 of 114 days (observed frequency 0.421; 95% block-bootstrap interval 0.321 to 0.517)."
C4|model-combination|L5|T35.6,A4|shared-data:ecmwf_ifs025+gfs_global+icon_global|-|precip|L5|pooled=all-points|all|all,C4,era5,ist_day,5,35.6,CORE M-RAIN Watch threshold,model-combination,GFS,1,75,12,insufficient sample,,,,,,33408,928,36,2024-02-09,2026-08-31,134.0,1.798000018095962e+19,"pooled: n >= 300, dates >= 60, points >= 10; per group n >= 100 and >= 10 reference events",exploratory,model-combination breakdown; leads 5-6,GFS rainfall source representation changes at this lead range. The effect on the verification metric and on the model-agreement distribution is unresolved.,GFS (models at or above the threshold: GFS): insufficient sample (needs n >= 100 and >= 10 reference events). No value computed.
C4|model-combination|L5|T35.6,A4|shared-data:ecmwf_ifs025+gfs_global+icon_global|-|precip|L5|pooled=all-points|all|all,C4,era5,ist_day,5,35.6,CORE M-RAIN Watch threshold,model-combination,GFS+ICON,2,7,3,insufficient sample,,,,,,33408,928,36,2024-02-09,2026-08-31,134.0,1.798000018095962e+19,"pooled: n >= 300, dates >= 60, points >= 10; per group n >= 100 and >= 10 reference events",exploratory,model-combination breakdown; leads 5-6,GFS rainfall source representation changes at this lead range. The effect on the verification metric and on the model-agreement distribution is unresolved.,GFS+ICON (models at or above the threshold: GFS+ICON): insufficient sample (needs n >= 100 and >= 10 reference events). No value computed.
C4|model-combination|L5|T35.6,A4|shared-data:ecmwf_ifs025+gfs_global+icon_global|-|precip|L5|pooled=all-points|all|all,C4,era5,ist_day,5,35.6,CORE M-RAIN Watch threshold,model-combination,ICON,1,387,82,ok,0.211886,0.162293,0.260998,0.0,,33408,928,36,2024-02-09,2026-08-31,134.0,1.798000018095962e+19,"pooled: n >= 300, dates >= 60, points >= 10; per group n >= 100 and >= 10 reference events",exploratory,model-combination breakdown; leads 5-6,GFS rainfall source representation changes at this lead range. The effect on the verification metric and on the model-agreement distribution is unresolved.,"In the archived sample (2024-02-09 to 2026-08-31, 36 archive points, ERA5 reanalysis, IST calendar day, nominal lead 5), when 1 of 3 models forecast >= 35.6 mm (models at or above the threshold: ICON), the reference reached >= 35.6 mm on 82 of 387 days (observed frequency 0.212; 95% block-bootstrap interval 0.162 to 0.261)."
C4|model-combination|L5|T64.5,A4|shared-data:ecmwf_ifs025+gfs_global+icon_global|-|precip|L5|pooled=all-points|all|all,C4,era5,ist_day,5,64.5,CORE M-RAIN Alert threshold,model-combination,ECMWF,1,126,20,ok,0.15873,0.106796,0.212502,0.0,,33408,928,36,2024-02-09,2026-08-31,134.0,1.8227333775696755e+19,"pooled: n >= 300, dates >= 60, points >= 10; per group n >= 100 and >= 10 reference events",exploratory,model-combination breakdown; leads 5-6,GFS rainfall source representation changes at this lead range. The effect on the verification metric and on the model-agreement distribution is unresolved.,"In the archived sample (2024-02-09 to 2026-08-31, 36 archive points, ERA5 reanalysis, IST calendar day, nominal lead 5), when 1 of 3 models forecast >= 64.5 mm (models at or above the threshold: ECMWF), the reference reached >= 64.5 mm on 20 of 126 days (observed frequency 0.159; 95% block-bootstrap interval 0.107 to 0.213)."
C4|model-combination|L5|T64.5,A4|shared-data:ecmwf_ifs025+gfs_global+icon_global|-|precip|L5|pooled=all-points|all|all,C4,era5,ist_day,5,64.5,CORE M-RAIN Alert threshold,model-combination,ECMWF+GFS,2,1,0,insufficient sample,,,,,,33408,928,36,2024-02-09,2026-08-31,134.0,1.8227333775696755e+19,"pooled: n >= 300, dates >= 60, points >= 10; per group n >= 100 and >= 10 reference events",exploratory,model-combination breakdown; leads 5-6,GFS rainfall source representation changes at this lead range. The effect on the verification metric and on the model-agreement distribution is unresolved.,ECMWF+GFS (models at or above the threshold: ECMWF+GFS): insufficient sample (needs n >= 100 and >= 10 reference events). No value computed.
C4|model-combination|L5|T64.5,A4|shared-data:ecmwf_ifs025+gfs_global+icon_global|-|precip|L5|pooled=all-points|all|all,C4,era5,ist_day,5,64.5,CORE M-RAIN Alert threshold,model-combination,ECMWF+ICON,2,23,8,insufficient sample,,,,,,33408,928,36,2024-02-09,2026-08-31,134.0,1.8227333775696755e+19,"pooled: n >= 300, dates >= 60, points >= 10; per group n >= 100 and >= 10 reference events",exploratory,model-combination breakdown; leads 5-6,GFS rainfall source representation changes at this lead range. The effect on the verification metric and on the model-agreement distribution is unresolved.,ECMWF+ICON (models at or above the threshold: ECMWF+ICON): insufficient sample (needs n >= 100 and >= 10 reference events). No value computed.
C4|model-combination|L5|T64.5,A4|shared-data:ecmwf_ifs025+gfs_global+icon_global|-|precip|L5|pooled=all-points|all|all,C4,era5,ist_day,5,64.5,CORE M-RAIN Alert threshold,model-combination,GFS,1,25,3,insufficient sample,,,,,,33408,928,36,2024-02-09,2026-08-31,134.0,1.8227333775696755e+19,"pooled: n >= 300, dates >= 60, points >= 10; per group n >= 100 and >= 10 reference events",exploratory,model-combination breakdown; leads 5-6,GFS rainfall source representation changes at this lead range. The effect on the verification metric and on the model-agreement distribution is unresolved.,GFS (models at or above the threshold: GFS): insufficient sample (needs n >= 100 and >= 10 reference events). No value computed.
C4|model-combination|L5|T64.5,A4|shared-data:ecmwf_ifs025+gfs_global+icon_global|-|precip|L5|pooled=all-points|all|all,C4,era5,ist_day,5,64.5,CORE M-RAIN Alert threshold,model-combination,GFS+ICON,2,2,0,insufficient sample,,,,,,33408,928,36,2024-02-09,2026-08-31,134.0,1.8227333775696755e+19,"pooled: n >= 300, dates >= 60, points >= 10; per group n >= 100 and >= 10 reference events",exploratory,model-combination breakdown; leads 5-6,GFS rainfall source representation changes at this lead range. The effect on the verification metric and on the model-agreement distribution is unresolved.,GFS+ICON (models at or above the threshold: GFS+ICON): insufficient sample (needs n >= 100 and >= 10 reference events). No value computed.
C4|model-combination|L5|T64.5,A4|shared-data:ecmwf_ifs025+gfs_global+icon_global|-|precip|L5|pooled=all-points|all|all,C4,era5,ist_day,5,64.5,CORE M-RAIN Alert threshold,model-combination,ICON,1,114,12,ok,0.105263,0.055989,0.158896,0.0,,33408,928,36,2024-02-09,2026-08-31,134.0,1.8227333775696755e+19,"pooled: n >= 300, dates >= 60, points >= 10; per group n >= 100 and >= 10 reference events",exploratory,model-combination breakdown; leads 5-6,GFS rainfall source representation changes at this lead range. The effect on the verification metric and on the model-agreement distribution is unresolved.,"In the archived sample (2024-02-09 to 2026-08-31, 36 archive points, ERA5 reanalysis, IST calendar day, nominal lead 5), when 1 of 3 models forecast >= 64.5 mm (models at or above the threshold: ICON), the reference reached >= 64.5 mm on 12 of 114 days (observed frequency 0.105; 95% block-bootstrap interval 0.056 to 0.159)."
C4|model-combination|L5|T115.6,A4|shared-data:ecmwf_ifs025+gfs_global+icon_global|-|precip|L5|pooled=all-points|all|all,C4,era5,ist_day,5,115.6,CORE M-RAIN Severe threshold,model-combination,ECMWF,1,23,0,insufficient sample,,,,,,33408,928,36,2024-02-09,2026-08-31,,,"pooled: n >= 300, dates >= 60, points >= 10; per group n >= 100 and >= 10 reference events",exploratory,model-combination breakdown; leads 5-6,GFS rainfall source representation changes at this lead range. The effect on the verification metric and on the model-agreement distribution is unresolved.,ECMWF (models at or above the threshold: ECMWF): insufficient sample (needs n >= 100 and >= 10 reference events). No value computed.
C4|model-combination|L5|T115.6,A4|shared-data:ecmwf_ifs025+gfs_global+icon_global|-|precip|L5|pooled=all-points|all|all,C4,era5,ist_day,5,115.6,CORE M-RAIN Severe threshold,model-combination,ECMWF+GFS,2,0,0,insufficient sample,,,,,,33408,928,36,2024-02-09,2026-08-31,,,"pooled: n >= 300, dates >= 60, points >= 10; per group n >= 100 and >= 10 reference events",exploratory,model-combination breakdown; leads 5-6,GFS rainfall source representation changes at this lead range. The effect on the verification metric and on the model-agreement distribution is unresolved.,ECMWF+GFS (models at or above the threshold: ECMWF+GFS): insufficient sample (needs n >= 100 and >= 10 reference events). No value computed.
C4|model-combination|L5|T115.6,A4|shared-data:ecmwf_ifs025+gfs_global+icon_global|-|precip|L5|pooled=all-points|all|all,C4,era5,ist_day,5,115.6,CORE M-RAIN Severe threshold,model-combination,ECMWF+ICON,2,4,0,insufficient sample,,,,,,33408,928,36,2024-02-09,2026-08-31,,,"pooled: n >= 300, dates >= 60, points >= 10; per group n >= 100 and >= 10 reference events",exploratory,model-combination breakdown; leads 5-6,GFS rainfall source representation changes at this lead range. The effect on the verification metric and on the model-agreement distribution is unresolved.,ECMWF+ICON (models at or above the threshold: ECMWF+ICON): insufficient sample (needs n >= 100 and >= 10 reference events). No value computed.
C4|model-combination|L5|T115.6,A4|shared-data:ecmwf_ifs025+gfs_global+icon_global|-|precip|L5|pooled=all-points|all|all,C4,era5,ist_day,5,115.6,CORE M-RAIN Severe threshold,model-combination,GFS,1,0,0,insufficient sample,,,,,,33408,928,36,2024-02-09,2026-08-31,,,"pooled: n >= 300, dates >= 60, points >= 10; per group n >= 100 and >= 10 reference events",exploratory,model-combination breakdown; leads 5-6,GFS rainfall source representation changes at this lead range. The effect on the verification metric and on the model-agreement distribution is unresolved.,GFS (models at or above the threshold: GFS): insufficient sample (needs n >= 100 and >= 10 reference events). No value computed.
C4|model-combination|L5|T115.6,A4|shared-data:ecmwf_ifs025+gfs_global+icon_global|-|precip|L5|pooled=all-points|all|all,C4,era5,ist_day,5,115.6,CORE M-RAIN Severe threshold,model-combination,GFS+ICON,2,0,0,insufficient sample,,,,,,33408,928,36,2024-02-09,2026-08-31,,,"pooled: n >= 300, dates >= 60, points >= 10; per group n >= 100 and >= 10 reference events",exploratory,model-combination breakdown; leads 5-6,GFS rainfall source representation changes at this lead range. The effect on the verification metric and on the model-agreement distribution is unresolved.,GFS+ICON (models at or above the threshold: GFS+ICON): insufficient sample (needs n >= 100 and >= 10 reference events). No value computed.
C4|model-combination|L5|T115.6,A4|shared-data:ecmwf_ifs025+gfs_global+icon_global|-|precip|L5|pooled=all-points|all|all,C4,era5,ist_day,5,115.6,CORE M-RAIN Severe threshold,model-combination,ICON,1,33,5,insufficient sample,,,,,,33408,928,36,2024-02-09,2026-08-31,,,"pooled: n >= 300, dates >= 60, points >= 10; per group n >= 100 and >= 10 reference events",exploratory,model-combination breakdown; leads 5-6,GFS rainfall source representation changes at this lead range. The effect on the verification metric and on the model-agreement distribution is unresolved.,ICON (models at or above the threshold: ICON): insufficient sample (needs n >= 100 and >= 10 reference events). No value computed.
C4|model-combination|L6|T35.6,A4|shared-data:ecmwf_ifs025+gfs_global+icon_global|-|precip|L6|pooled=all-points|all|all,C4,era5,ist_day,6,35.6,CORE M-RAIN Watch threshold,model-combination,ECMWF,1,506,126,ok,0.249012,0.207015,0.292601,0.0,,33480,930,36,2024-02-10,2026-08-31,134.0,1.196314608321419e+19,"pooled: n >= 300, dates >= 60, points >= 10; per group n >= 100 and >= 10 reference events",exploratory,model-combination breakdown; leads 5-6,GFS rainfall source representation changes at this lead range. The effect on the verification metric and on the model-agreement distribution is unresolved.,"In the archived sample (2024-02-10 to 2026-08-31, 36 archive points, ERA5 reanalysis, IST calendar day, nominal lead 6), when 1 of 3 models forecast >= 35.6 mm (models at or above the threshold: ECMWF), the reference reached >= 35.6 mm on 126 of 506 days (observed frequency 0.249; 95% block-bootstrap interval 0.207 to 0.293)."
C4|model-combination|L6|T35.6,A4|shared-data:ecmwf_ifs025+gfs_global+icon_global|-|precip|L6|pooled=all-points|all|all,C4,era5,ist_day,6,35.6,CORE M-RAIN Watch threshold,model-combination,ECMWF+GFS,2,10,1,insufficient sample,,,,,,33480,930,36,2024-02-10,2026-08-31,134.0,1.196314608321419e+19,"pooled: n >= 300, dates >= 60, points >= 10; per group n >= 100 and >= 10 reference events",exploratory,model-combination breakdown; leads 5-6,GFS rainfall source representation changes at this lead range. The effect on the verification metric and on the model-agreement distribution is unresolved.,ECMWF+GFS (models at or above the threshold: ECMWF+GFS): insufficient sample (needs n >= 100 and >= 10 reference events). No value computed.
C4|model-combination|L6|T35.6,A4|shared-data:ecmwf_ifs025+gfs_global+icon_global|-|precip|L6|pooled=all-points|all|all,C4,era5,ist_day,6,35.6,CORE M-RAIN Watch threshold,model-combination,ECMWF+ICON,2,129,56,ok,0.434109,0.345756,0.519242,0.0,,33480,930,36,2024-02-10,2026-08-31,134.0,1.196314608321419e+19,"pooled: n >= 300, dates >= 60, points >= 10; per group n >= 100 and >= 10 reference events",exploratory,model-combination breakdown; leads 5-6,GFS rainfall source representation changes at this lead range. The effect on the verification metric and on the model-agreement distribution is unresolved.,"In the archived sample (2024-02-10 to 2026-08-31, 36 archive points, ERA5 reanalysis, IST calendar day, nominal lead 6), when 2 of 3 models forecast >= 35.6 mm (models at or above the threshold: ECMWF+ICON), the reference reached >= 35.6 mm on 56 of 129 days (observed frequency 0.434; 95% block-bootstrap interval 0.346 to 0.519)."
C4|model-combination|L6|T35.6,A4|shared-data:ecmwf_ifs025+gfs_global+icon_global|-|precip|L6|pooled=all-points|all|all,C4,era5,ist_day,6,35.6,CORE M-RAIN Watch threshold,model-combination,GFS,1,55,4,insufficient sample,,,,,,33480,930,36,2024-02-10,2026-08-31,134.0,1.196314608321419e+19,"pooled: n >= 300, dates >= 60, points >= 10; per group n >= 100 and >= 10 reference events",exploratory,model-combination breakdown; leads 5-6,GFS rainfall source representation changes at this lead range. The effect on the verification metric and on the model-agreement distribution is unresolved.,GFS (models at or above the threshold: GFS): insufficient sample (needs n >= 100 and >= 10 reference events). No value computed.
C4|model-combination|L6|T35.6,A4|shared-data:ecmwf_ifs025+gfs_global+icon_global|-|precip|L6|pooled=all-points|all|all,C4,era5,ist_day,6,35.6,CORE M-RAIN Watch threshold,model-combination,GFS+ICON,2,6,4,insufficient sample,,,,,,33480,930,36,2024-02-10,2026-08-31,134.0,1.196314608321419e+19,"pooled: n >= 300, dates >= 60, points >= 10; per group n >= 100 and >= 10 reference events",exploratory,model-combination breakdown; leads 5-6,GFS rainfall source representation changes at this lead range. The effect on the verification metric and on the model-agreement distribution is unresolved.,GFS+ICON (models at or above the threshold: GFS+ICON): insufficient sample (needs n >= 100 and >= 10 reference events). No value computed.
C4|model-combination|L6|T35.6,A4|shared-data:ecmwf_ifs025+gfs_global+icon_global|-|precip|L6|pooled=all-points|all|all,C4,era5,ist_day,6,35.6,CORE M-RAIN Watch threshold,model-combination,ICON,1,384,62,ok,0.161458,0.121565,0.204832,0.0,,33480,930,36,2024-02-10,2026-08-31,134.0,1.196314608321419e+19,"pooled: n >= 300, dates >= 60, points >= 10; per group n >= 100 and >= 10 reference events",exploratory,model-combination breakdown; leads 5-6,GFS rainfall source representation changes at this lead range. The effect on the verification metric and on the model-agreement distribution is unresolved.,"In the archived sample (2024-02-10 to 2026-08-31, 36 archive points, ERA5 reanalysis, IST calendar day, nominal lead 6), when 1 of 3 models forecast >= 35.6 mm (models at or above the threshold: ICON), the reference reached >= 35.6 mm on 62 of 384 days (observed frequency 0.161; 95% block-bootstrap interval 0.122 to 0.205)."
C4|model-combination|L6|T64.5,A4|shared-data:ecmwf_ifs025+gfs_global+icon_global|-|precip|L6|pooled=all-points|all|all,C4,era5,ist_day,6,64.5,CORE M-RAIN Alert threshold,model-combination,ECMWF,1,123,24,ok,0.195122,0.128543,0.265503,0.0,,33480,930,36,2024-02-10,2026-08-31,134.0,1.5538990291646616e+19,"pooled: n >= 300, dates >= 60, points >= 10; per group n >= 100 and >= 10 reference events",exploratory,model-combination breakdown; leads 5-6,GFS rainfall source representation changes at this lead range. The effect on the verification metric and on the model-agreement distribution is unresolved.,"In the archived sample (2024-02-10 to 2026-08-31, 36 archive points, ERA5 reanalysis, IST calendar day, nominal lead 6), when 1 of 3 models forecast >= 64.5 mm (models at or above the threshold: ECMWF), the reference reached >= 64.5 mm on 24 of 123 days (observed frequency 0.195; 95% block-bootstrap interval 0.129 to 0.266)."
C4|model-combination|L6|T64.5,A4|shared-data:ecmwf_ifs025+gfs_global+icon_global|-|precip|L6|pooled=all-points|all|all,C4,era5,ist_day,6,64.5,CORE M-RAIN Alert threshold,model-combination,ECMWF+GFS,2,2,2,insufficient sample,,,,,,33480,930,36,2024-02-10,2026-08-31,134.0,1.5538990291646616e+19,"pooled: n >= 300, dates >= 60, points >= 10; per group n >= 100 and >= 10 reference events",exploratory,model-combination breakdown; leads 5-6,GFS rainfall source representation changes at this lead range. The effect on the verification metric and on the model-agreement distribution is unresolved.,ECMWF+GFS (models at or above the threshold: ECMWF+GFS): insufficient sample (needs n >= 100 and >= 10 reference events). No value computed.
C4|model-combination|L6|T64.5,A4|shared-data:ecmwf_ifs025+gfs_global+icon_global|-|precip|L6|pooled=all-points|all|all,C4,era5,ist_day,6,64.5,CORE M-RAIN Alert threshold,model-combination,ECMWF+ICON,2,17,5,insufficient sample,,,,,,33480,930,36,2024-02-10,2026-08-31,134.0,1.5538990291646616e+19,"pooled: n >= 300, dates >= 60, points >= 10; per group n >= 100 and >= 10 reference events",exploratory,model-combination breakdown; leads 5-6,GFS rainfall source representation changes at this lead range. The effect on the verification metric and on the model-agreement distribution is unresolved.,ECMWF+ICON (models at or above the threshold: ECMWF+ICON): insufficient sample (needs n >= 100 and >= 10 reference events). No value computed.
C4|model-combination|L6|T64.5,A4|shared-data:ecmwf_ifs025+gfs_global+icon_global|-|precip|L6|pooled=all-points|all|all,C4,era5,ist_day,6,64.5,CORE M-RAIN Alert threshold,model-combination,GFS,1,12,0,insufficient sample,,,,,,33480,930,36,2024-02-10,2026-08-31,134.0,1.5538990291646616e+19,"pooled: n >= 300, dates >= 60, points >= 10; per group n >= 100 and >= 10 reference events",exploratory,model-combination breakdown; leads 5-6,GFS rainfall source representation changes at this lead range. The effect on the verification metric and on the model-agreement distribution is unresolved.,GFS (models at or above the threshold: GFS): insufficient sample (needs n >= 100 and >= 10 reference events). No value computed.
C4|model-combination|L6|T64.5,A4|shared-data:ecmwf_ifs025+gfs_global+icon_global|-|precip|L6|pooled=all-points|all|all,C4,era5,ist_day,6,64.5,CORE M-RAIN Alert threshold,model-combination,GFS+ICON,2,0,0,insufficient sample,,,,,,33480,930,36,2024-02-10,2026-08-31,134.0,1.5538990291646616e+19,"pooled: n >= 300, dates >= 60, points >= 10; per group n >= 100 and >= 10 reference events",exploratory,model-combination breakdown; leads 5-6,GFS rainfall source representation changes at this lead range. The effect on the verification metric and on the model-agreement distribution is unresolved.,GFS+ICON (models at or above the threshold: GFS+ICON): insufficient sample (needs n >= 100 and >= 10 reference events). No value computed.
C4|model-combination|L6|T64.5,A4|shared-data:ecmwf_ifs025+gfs_global+icon_global|-|precip|L6|pooled=all-points|all|all,C4,era5,ist_day,6,64.5,CORE M-RAIN Alert threshold,model-combination,ICON,1,130,15,ok,0.115385,0.056246,0.184217,0.0,,33480,930,36,2024-02-10,2026-08-31,134.0,1.5538990291646616e+19,"pooled: n >= 300, dates >= 60, points >= 10; per group n >= 100 and >= 10 reference events",exploratory,model-combination breakdown; leads 5-6,GFS rainfall source representation changes at this lead range. The effect on the verification metric and on the model-agreement distribution is unresolved.,"In the archived sample (2024-02-10 to 2026-08-31, 36 archive points, ERA5 reanalysis, IST calendar day, nominal lead 6), when 1 of 3 models forecast >= 64.5 mm (models at or above the threshold: ICON), the reference reached >= 64.5 mm on 15 of 130 days (observed frequency 0.115; 95% block-bootstrap interval 0.056 to 0.184)."
C4|model-combination|L6|T115.6,A4|shared-data:ecmwf_ifs025+gfs_global+icon_global|-|precip|L6|pooled=all-points|all|all,C4,era5,ist_day,6,115.6,CORE M-RAIN Severe threshold,model-combination,ECMWF,1,21,0,insufficient sample,,,,,,33480,930,36,2024-02-10,2026-08-31,,,"pooled: n >= 300, dates >= 60, points >= 10; per group n >= 100 and >= 10 reference events",exploratory,model-combination breakdown; leads 5-6,GFS rainfall source representation changes at this lead range. The effect on the verification metric and on the model-agreement distribution is unresolved.,ECMWF (models at or above the threshold: ECMWF): insufficient sample (needs n >= 100 and >= 10 reference events). No value computed.
C4|model-combination|L6|T115.6,A4|shared-data:ecmwf_ifs025+gfs_global+icon_global|-|precip|L6|pooled=all-points|all|all,C4,era5,ist_day,6,115.6,CORE M-RAIN Severe threshold,model-combination,ECMWF+GFS,2,0,0,insufficient sample,,,,,,33480,930,36,2024-02-10,2026-08-31,,,"pooled: n >= 300, dates >= 60, points >= 10; per group n >= 100 and >= 10 reference events",exploratory,model-combination breakdown; leads 5-6,GFS rainfall source representation changes at this lead range. The effect on the verification metric and on the model-agreement distribution is unresolved.,ECMWF+GFS (models at or above the threshold: ECMWF+GFS): insufficient sample (needs n >= 100 and >= 10 reference events). No value computed.
C4|model-combination|L6|T115.6,A4|shared-data:ecmwf_ifs025+gfs_global+icon_global|-|precip|L6|pooled=all-points|all|all,C4,era5,ist_day,6,115.6,CORE M-RAIN Severe threshold,model-combination,ECMWF+ICON,2,1,0,insufficient sample,,,,,,33480,930,36,2024-02-10,2026-08-31,,,"pooled: n >= 300, dates >= 60, points >= 10; per group n >= 100 and >= 10 reference events",exploratory,model-combination breakdown; leads 5-6,GFS rainfall source representation changes at this lead range. The effect on the verification metric and on the model-agreement distribution is unresolved.,ECMWF+ICON (models at or above the threshold: ECMWF+ICON): insufficient sample (needs n >= 100 and >= 10 reference events). No value computed.
C4|model-combination|L6|T115.6,A4|shared-data:ecmwf_ifs025+gfs_global+icon_global|-|precip|L6|pooled=all-points|all|all,C4,era5,ist_day,6,115.6,CORE M-RAIN Severe threshold,model-combination,GFS,1,2,0,insufficient sample,,,,,,33480,930,36,2024-02-10,2026-08-31,,,"pooled: n >= 300, dates >= 60, points >= 10; per group n >= 100 and >= 10 reference events",exploratory,model-combination breakdown; leads 5-6,GFS rainfall source representation changes at this lead range. The effect on the verification metric and on the model-agreement distribution is unresolved.,GFS (models at or above the threshold: GFS): insufficient sample (needs n >= 100 and >= 10 reference events). No value computed.
C4|model-combination|L6|T115.6,A4|shared-data:ecmwf_ifs025+gfs_global+icon_global|-|precip|L6|pooled=all-points|all|all,C4,era5,ist_day,6,115.6,CORE M-RAIN Severe threshold,model-combination,GFS+ICON,2,0,0,insufficient sample,,,,,,33480,930,36,2024-02-10,2026-08-31,,,"pooled: n >= 300, dates >= 60, points >= 10; per group n >= 100 and >= 10 reference events",exploratory,model-combination breakdown; leads 5-6,GFS rainfall source representation changes at this lead range. The effect on the verification metric and on the model-agreement distribution is unresolved.,GFS+ICON (models at or above the threshold: GFS+ICON): insufficient sample (needs n >= 100 and >= 10 reference events). No value computed.
C4|model-combination|L6|T115.6,A4|shared-data:ecmwf_ifs025+gfs_global+icon_global|-|precip|L6|pooled=all-points|all|all,C4,era5,ist_day,6,115.6,CORE M-RAIN Severe threshold,model-combination,ICON,1,31,2,insufficient sample,,,,,,33480,930,36,2024-02-10,2026-08-31,,,"pooled: n >= 300, dates >= 60, points >= 10; per group n >= 100 and >= 10 reference events",exploratory,model-combination breakdown; leads 5-6,GFS rainfall source representation changes at this lead range. The effect on the verification metric and on the model-agreement distribution is unresolved.,ICON (models at or above the threshold: ICON): insufficient sample (needs n >= 100 and >= 10 reference events). No value computed.
